v -2.613398 -1.45 0.02
v -2.603407 -1.425882 0.02
v -2.036602 -1.558579 0.02
newmtl 1
Ka 0.2235294117647059 0.2235294117647059 0.2235294117647059
Kd 0.2235294117647059 0.2235294117647059 0.2235294117647059
Ks 0.11372549019607843 0.11372549019607843 0.11372549019607843
d 0.0
endmtl
v 2.65 1.886603 0.02
v 2.629289 1.870711 0.02
v 2.674118 2.103407 0.02
v -2.674118 -1.896592 0.02
v -3.0 -2.1 0.02
v -2.7 -1.9 0.02
v -3.0 -1.9 0.02
v -2.65 -1.886603 0.02
v -2.629289 -1.870711 0.02
v -2.613398 -1.85 0.02
v -2.603407 -1.825882 0.02
v -2.6 -0.2 0.02
v -2.603407 -0.174118 0.02
v -2.05 1.95 0.02
v -2.7 -2.1 0.02
v -2.674118 -2.103407 0.02
v -2.6 -1.8 0.02
v -2.603407 -1.774118 0.02
v -2.613398 -1.75 0.02
v -2.046592 1.975882 0.02
v -2.65 2.113397 0.02
v -2.65 -1.486603 0.02
v -2.629289 -1.729289 0.02
v -2.629289 -1.470711 0.02
v -2.613398 -1.35 0.02
v -2.05 -1.508579 0.02
v -2.603407 -1.374118 0.02
v -2.6 -1.4 0.02
v -2.6 1.0 0.02
v -2.603407 1.025882 0.02
v 2.3 3.0 0.02
v 3.0 3.0 0.02
v 2.3 2.7 0.02
v 3.0 2.3 0.02
v 2.296592 2.674118 0.02
v 2.286602 2.65 0.02
v -3.0 2.3 0.02
v -3.0 3.0 0.02
v -2.7 2.3 0.02
v -2.674118 2.296592 0.02
v -3.0 2.1 0.02
v -2.7 2.1 0.02
v -2.674118 2.103407 0.02
v -2.046592 -1.534461 0.02
v -2.65 -1.086603 0.02
v -2.629289 -1.329289 0.02
v -2.629289 -1.070711 0.02
v -2.613398 -1.05 0.02
v -2.613398 -0.25 0.02
v -2.603407 -0.225882 0.02
v -2.603407 -0.574118 0.02
v -2.65 0.113397 0.02
v -2.629289 0.129289 0.02
v 1.85 2.613398 0.02
v 1.870711 2.629289 0.02
v 2.129289 2.629289 0.02
v -2.629289 2.129289 0.02
v -2.613398 2.15 0.02
v -2.036602 2.0 0.02
v -2.603407 2.174118 0.02
v -2.020711 2.020711 0.02
v -2.6 2.2 0.02
v -2.603407 2.225882 0.02
v -1.579289 -2.020711 0.02
v -2.613398 -2.15 0.02
v -2.020711 -1.579289 0.02
v -2.629289 -2.129289 0.02
v -2.65 -2.113397 0.02
v -2.7 -1.7 0.02
v -3.0 -1.7 0.02
v -3.0 -1.5 0.02
v -2.603407 -1.025882 0.02
v -2.6 -1.0 0.02
v -2.603407 -0.974118 0.02
v -2.65 -0.686603 0.02
v -2.629289 -0.670711 0.02
v -2.613398 -0.95 0.02
v -2.613398 -0.65 0.02
v -2.603407 -0.625882 0.02
v -2.613398 0.15 0.02
v -2.603407 0.174118 0.02
v -2.6 0.2 0.02
v -2.603407 0.225882 0.02
v -2.65 0.513397 0.02
v -2.629289 0.529289 0.02
v -2.6 1.4 0.02
v -2.603407 1.425882 0.02
v 2.15 2.613398 0.02
v 2.174118 2.603407 0.02
v 2.65 2.286602 0.02
v 2.2 2.6 0.02
v 2.225882 2.603407 0.02
v -2.296592 2.674118 0.02
v -2.3 2.7 0.02
v -2.3 3.0 0.02
v -1.486603 2.65 0.02
v -1.470711 2.629289 0.02
v -1.703407 2.674118 0.02
v -1.896592 2.674118 0.02
v -1.886603 2.65 0.02
v -2.113397 2.65 0.02
v -1.870711 2.629289 0.02
v -1.85 2.613398 0.02
v 2.65 2.113397 0.02
v 2.613398 1.85 0.02
v 2.603407 1.825882 0.02
v -1.425882 -2.603407 0.02
v -1.45 -2.613398 0.02
v -2.603407 -2.225882 0.02
v 3.0 2.1 0.02
v 3.0 1.9 0.02
v 2.7 2.1 0.02
v 2.7 1.9 0.02
v 2.674118 1.896592 0.02
v -2.65 -1.713398 0.02
v -2.674118 -1.703407 0.02
v -2.674118 -1.496593 0.02
v -2.7 -1.5 0.02
v -2.7 -1.3 0.02
v -3.0 -1.3 0.02
v -3.0 -1.1 0.02
v -2.6 -0.6 0.02
v -2.629289 -0.129289 0.02
v -2.65 -0.113397 0.02
v -2.674118 0.103407 0.02
v 1.886603 2.65 0.02
v 1.896592 2.674118 0.02
v 2.113397 2.65 0.02
v -0.15 2.613398 0.02
v -0.129289 2.629289 0.02
v 2.603407 2.225882 0.02
v 1.425882 2.603407 0.02
v 1.45 2.613398 0.02
v -2.286602 2.65 0.02
v -2.270711 2.629289 0.02
v -2.25 2.613398 0.02
v -2.225882 2.603407 0.02
v -1.713398 2.65 0.02
v -1.35 2.613398 0.02
v -1.329289 2.629289 0.02
v 1.972252 2.047493 0.02
v 2.603407 1.425882 0.02
v 2.6 1.8 0.02
v 2.603407 1.774118 0.02
v 2.629289 1.729289 0.02
v 2.65 1.486603 0.02
v 2.629289 1.470711 0.02
v 0.174118 -2.603407 0.02
v 0.15 -2.613398 0.02
v 0.974118 -2.603407 0.02
v 0.95 -2.613398 0.02
v -1.534461 -2.046592 0.02
v -2.65 -1.313397 0.02
v -2.674118 -1.303407 0.02
v -2.674118 -1.096593 0.02
v -2.7 -1.1 0.02
v -2.674118 -0.296593 0.02
v -2.65 -0.286603 0.02
v -2.629289 -0.270711 0.02
v -2.613398 0.55 0.02
v -2.603407 0.574118 0.02
v -2.6 0.6 0.02
v -2.603407 0.625882 0.02
v -2.1 2.7 0.02
v -2.1 3.0 0.02
v -1.9 3.0 0.02
v -2.613398 2.25 0.02
v -2.629289 2.270711 0.02
v -2.65 2.286602 0.02
v 2.613398 1.75 0.02
v 2.613398 1.45 0.02
v 2.629289 1.329289 0.02
v 2.65 1.086603 0.02
v 2.629289 1.070711 0.02
v 1.825882 -2.603407 0.02
v 1.8 -2.6 0.02
v 1.95 -2.05 0.02
v 2.6 -2.2 0.02
v 2.603407 -2.225882 0.02
v 2.129289 -2.629289 0.02
v 1.45 -2.613398 0.02
v 1.425882 -2.603407 0.02
v 0.574118 -2.603407 0.02
v 0.55 -2.613398 0.02
v -2.674118 -0.696593 0.02
v -2.629289 -0.929289 0.02
v -2.65 -0.913397 0.02
v -2.7 -0.9 0.02
v -3.0 -0.9 0.02
v -3.0 -0.7 0.02
v -2.613398 -0.15 0.02
v -2.603407 0.974118 0.02
v -2.613398 0.95 0.02
v -2.613398 1.05 0.02
v -2.65 1.313397 0.02
v -2.629289 1.070711 0.02
v -2.629289 1.329289 0.02
v -2.613398 1.35 0.02
v -2.603407 1.374118 0.02
v -2.603407 1.774118 0.02
v -2.6 1.8 0.02
v 2.25 2.613398 0.02
v 2.270711 2.629289 0.02
v 2.674118 2.296592 0.02
v 2.7 2.3 0.02
v -2.2 2.6 0.02
v -2.174118 2.603407 0.02
v -2.0 2.036602 0.02
v -2.103407 2.674118 0.02
v -1.9 2.7 0.02
v 2.603407 1.374118 0.02
v 2.613398 1.35 0.02
v 2.603407 1.025882 0.02
v 2.613398 1.05 0.02
v 2.65 0.686603 0.02
v 2.629289 0.670711 0.02
v 2.613398 0.95 0.02
v 2.613398 0.65 0.02
v 2.603407 0.625882 0.02
v 2.6 -0.6 0.02
v 2.603407 -0.625882 0.02
v 2.046592 -1.975882 0.02
v -0.65 -2.613398 0.02
v -0.670711 -2.629289 0.02
v -0.95 -2.613398 0.02
v -0.686603 -2.65 0.02
v -0.929289 -2.629289 0.02
v 0.670711 -2.629289 0.02
v 0.65 -2.613398 0.02
v 0.913397 -2.65 0.02
v -2.674118 -0.903407 0.02
v -2.7 -0.7 0.02
v -2.613398 -0.55 0.02
v -2.629289 -0.529289 0.02
v -2.65 -0.513397 0.02
v -2.7 -0.5 0.02
v -3.0 -0.5 0.02
v -3.0 -0.3 0.02
v -2.7 -0.1 0.02
v -3.0 -0.1 0.02
v -3.0 0.1 0.02
v -2.674118 0.503407 0.02
v -2.613398 0.25 0.02
v -2.629289 0.270711 0.02
v -2.674118 0.903407 0.02
v -2.65 0.913397 0.02
v -2.629289 0.929289 0.02
v -2.7 1.1 0.02
v -3.0 1.1 0.02
v -3.0 1.3 0.02
v 1.9 3.0 0.02
v 2.1 3.0 0.02
v 1.9 2.7 0.02
v 2.1 2.7 0.02
v 2.103407 2.674118 0.02
v 0.103407 2.674118 0.02
v 0.113397 2.65 0.02
v 0.129289 2.629289 0.02
v 0.15 2.613398 0.02
v 1.329289 2.629289 0.02
v 1.05 2.613398 0.02
v 1.070711 2.629289 0.02
v 1.729289 2.629289 0.02
v 1.470711 2.629289 0.02
v -1.313397 2.65 0.02
v -1.070711 2.629289 0.02
v -1.303407 2.674118 0.02
v -1.086603 2.65 0.02
v 2.7 1.7 0.02
v 3.0 1.7 0.02
v 3.0 1.5 0.02
v 2.6 0.2 0.02
v 2.603407 0.174118 0.02
v -0.974118 -2.603407 0.02
v -1.0 -2.6 0.02
v -1.025882 -2.603407 0.02
v -1.05 -2.613398 0.02
v -1.070711 -2.629289 0.02
v -1.35 -2.613398 0.02
v -1.374118 -2.603407 0.02
v -1.4 -2.6 0.02
v -2.3 -3.0 0.02
v -3.0 -3.0 0.02
v -2.3 -2.7 0.02
v -3.0 -2.3 0.02
v -2.296592 -2.674118 0.02
v -2.286602 -2.65 0.02
v 1.870711 -2.629289 0.02
v 1.85 -2.613398 0.02
v 2.113397 -2.65 0.02
v 0.929289 -2.629289 0.02
v 0.270711 -2.629289 0.02
v 0.25 -2.613398 0.02
v 0.513397 -2.65 0.02
v -2.674118 -0.503407 0.02
v -2.7 -0.3 0.02
v -2.674118 -0.103407 0.02
v -2.7 0.1 0.02
v -3.0 0.3 0.02
v -3.0 0.5 0.02
v -2.7 0.3 0.02
v -2.7 0.5 0.02
v -2.674118 0.296593 0.02
v -2.65 0.286603 0.02
v -2.65 1.086603 0.02
v -2.674118 1.096593 0.02
v -2.674118 1.303407 0.02
v -2.7 1.3 0.02
v -2.65 1.713398 0.02
v -2.613398 1.45 0.02
v -2.629289 1.470711 0.02
v -2.629289 1.729289 0.02
v -2.613398 1.75 0.02
v -2.603407 1.825882 0.02
v -2.613398 1.85 0.02
v -2.629289 1.870711 0.02
v 0.903407 2.674118 0.02
v 0.65 2.613398 0.02
v 0.670711 2.629289 0.02
v 0.913397 2.65 0.02
v 0.929289 2.629289 0.02
v 0.95 2.613398 0.02
v 0.974118 2.603407 0.02
v 1.0 2.6 0.02
v 1.025882 2.603407 0.02
v 1.086603 2.65 0.02
v 1.096593 2.674118 0.02
v 1.313397 2.65 0.02
v 1.35 2.613398 0.02
v 1.374118 2.603407 0.02
v 1.4 2.6 0.02
v 1.486603 2.65 0.02
v 1.496593 2.674118 0.02
v 1.713398 2.65 0.02
v -1.975882 2.046592 0.02
v -2.15 2.613398 0.02
v -1.95 2.05 0.02
v -1.825882 2.603407 0.02
v -2.129289 2.629289 0.02
v -1.8 2.6 0.02
v -1.774118 2.603407 0.02
v 1.95 2.05 0.02
v -1.75 2.613398 0.02
v -1.7 3.0 0.02
v -1.5 3.0 0.02
v -1.7 2.7 0.02
v -1.5 2.7 0.02
v -1.496593 2.674118 0.02
v -1.45 2.613398 0.02
v -1.729289 2.629289 0.02
v -1.425882 2.603407 0.02
v -1.4 2.6 0.02
v -1.374118 2.603407 0.02
v -0.6 2.6 0.02
v -0.574118 2.603407 0.02
v 2.65 1.713398 0.02
v 2.674118 1.703407 0.02
v 2.674118 1.496593 0.02
v 2.7 1.5 0.02
v 2.7 1.3 0.02
v 3.0 1.3 0.02
v 3.0 1.1 0.02
v 2.613398 2.15 0.02
v 2.629289 2.129289 0.02
v 2.613398 0.25 0.02
v 2.603407 0.225882 0.02
v 2.603407 0.574118 0.02
v -0.25 -2.613398 0.02
v -0.270711 -2.629289 0.02
v -0.55 -2.613398 0.02
v -0.286603 -2.65 0.02
v -0.529289 -2.629289 0.02
v -1.086603 -2.65 0.02
v -1.096593 -2.674118 0.02
v -1.329289 -2.629289 0.02
v -1.313397 -2.65 0.02
v 2.603407 -2.174118 0.02
v 2.0 -2.036602 0.02
v 1.975882 -2.046592 0.02
v 2.296592 -2.674118 0.02
v 2.286602 -2.65 0.02
v 2.674118 -2.296592 0.02
v 2.613398 -2.25 0.02
v 2.225882 -2.603407 0.02
v 2.2 -2.6 0.02
v 1.774118 -2.603407 0.02
v 1.75 -2.613398 0.02
v 1.729289 -2.629289 0.02
v 1.713398 -2.65 0.02
v 1.703407 -2.674118 0.02
v 1.470711 -2.629289 0.02
v 1.486603 -2.65 0.02
v 1.329289 -2.629289 0.02
v 1.05 -2.613398 0.02
v 1.35 -2.613398 0.02
v 1.025882 -2.603407 0.02
v 1.0 -2.6 0.02
v -2.613398 0.65 0.02
v -2.629289 0.670711 0.02
v -2.65 0.686603 0.02
v -2.7 0.7 0.02
v -3.0 0.7 0.02
v -3.0 0.9 0.02
v -2.7 1.5 0.02
v -3.0 1.5 0.02
v -3.0 1.7 0.02
v -2.65 1.886603 0.02
v -2.674118 1.896592 0.02
v -2.7 1.9 0.02
v -3.0 1.9 0.02
v -0.1 3.0 0.02
v 0.1 3.0 0.02
v -0.1 2.7 0.02
v 0.1 2.7 0.02
v -0.103407 2.674118 0.02
v -0.113397 2.65 0.02
v 0.174118 2.603407 0.02
v 0.2 2.6 0.02
v 0.225882 2.603407 0.02
v 0.25 2.613398 0.02
v 0.503407 2.674118 0.02
v 0.270711 2.629289 0.02
v 0.513397 2.65 0.02
v 0.529289 2.629289 0.02
v 0.55 2.613398 0.02
v 0.574118 2.603407 0.02
v 0.6 2.6 0.02
v 0.625882 2.603407 0.02
v 1.8 2.6 0.02
v 1.825882 2.603407 0.02
v -0.974118 2.603407 0.02
v -0.95 2.613398 0.02
v -0.670711 2.629289 0.02
v -0.929289 2.629289 0.02
v -0.686603 2.65 0.02
v -0.696593 2.674118 0.02
v 2.65 1.313397 0.02
v 2.674118 1.303407 0.02
v 2.674118 1.096593 0.02
v 2.7 1.1 0.02
v 2.674118 0.696593 0.02
v 2.629289 0.929289 0.02
v 2.65 0.913397 0.02
v 2.7 0.9 0.02
v 3.0 0.9 0.02
v 3.0 0.7 0.02
v 2.6 1.4 0.02
v 2.6 1.0 0.02
v 2.603407 -0.574118 0.02
v -0.113397 -2.65 0.02
v 0.113397 -2.65 0.02
v 0.103407 -2.674118 0.02
v 0.129289 -2.629289 0.02
v -0.15 -2.613398 0.02
v -0.129289 -2.629289 0.02
v -0.174118 -2.603407 0.02
v -0.2 -2.6 0.02
v -0.225882 -2.603407 0.02
v -0.574118 -2.603407 0.02
v -0.6 -2.6 0.02
v -0.625882 -2.603407 0.02
v -1.1 -3.0 0.02
v -1.3 -3.0 0.02
v -1.1 -2.7 0.02
v -1.3 -2.7 0.02
v -1.303407 -2.674118 0.02
v -2.15 -2.613398 0.02
v -2.174118 -2.603407 0.02
v -2.65 -2.286602 0.02
v -2.2 -2.6 0.02
v -2.225882 -2.603407 0.02
v 2.65 -2.286602 0.02
v 2.174118 -2.603407 0.02
v 2.15 -2.613398 0.02
v 2.1 -3.0 0.02
v 1.9 -3.0 0.02
v 2.1 -2.7 0.02
v 1.9 -2.7 0.02
v 2.103407 -2.674118 0.02
v 1.896592 -2.674118 0.02
v 1.886603 -2.65 0.02
v 1.7 -3.0 0.02
v 1.5 -3.0 0.02
v 1.7 -2.7 0.02
v 1.5 -2.7 0.02
v 1.496593 -2.674118 0.02
v 1.4 -2.6 0.02
v 1.374118 -2.603407 0.02
v -1.508579 -2.05 0.02
v 1.313397 -2.65 0.02
v 1.303407 -2.674118 0.02
v 1.070711 -2.629289 0.02
v 1.086603 -2.65 0.02
v 0.625882 -2.603407 0.02
v 0.6 -2.6 0.02
v -1.558579 -2.036602 0.02
v -2.6 -2.2 0.02
v -2.603407 -2.174118 0.02
v -2.674118 0.696593 0.02
v -2.7 0.9 0.02
v -2.65 1.486603 0.02
v -2.674118 1.496593 0.02
v -2.674118 1.703407 0.02
v -2.7 1.7 0.02
v 0.3 3.0 0.02
v 0.5 3.0 0.02
v 0.3 2.7 0.02
v 0.5 2.7 0.02
v 0.296593 2.674118 0.02
v 0.286603 2.65 0.02
v 1.1 3.0 0.02
v 1.3 3.0 0.02
v 1.1 2.7 0.02
v 1.3 2.7 0.02
v 1.303407 2.674118 0.02
v 1.5 3.0 0.02
v 1.7 3.0 0.02
v 1.5 2.7 0.02
v 1.7 2.7 0.02
v 1.703407 2.674118 0.02
v 1.75 2.613398 0.02
v 1.774118 2.603407 0.02
v 2.613398 2.25 0.02
v 2.629289 2.270711 0.02
v -1.3 3.0 0.02
v -1.1 3.0 0.02
v -1.3 2.7 0.02
v -1.1 2.7 0.02
v -1.096593 2.674118 0.02
v -0.270711 2.629289 0.02
v -0.529289 2.629289 0.02
v -0.286603 2.65 0.02
v -0.296593 2.674118 0.02
v 2.674118 0.903407 0.02
v 2.7 0.7 0.02
v 2.603407 -0.225882 0.02
v 2.613398 -0.25 0.02
v 2.629289 -0.529289 0.02
v 2.629289 -0.270711 0.02
v 2.65 -0.286603 0.02
v 2.6 0.6 0.02
v 2.603407 0.974118 0.02
v 2.629289 -0.929289 0.02
v 2.65 -0.913397 0.02
v 2.674118 -0.903407 0.02
v 2.6 -1.0 0.02
v 2.603407 -0.974118 0.02
v 2.613398 -0.95 0.02
v -0.7 -3.0 0.02
v -0.9 -3.0 0.02
v -0.7 -2.7 0.02
v -0.9 -2.7 0.02
v -0.696593 -2.674118 0.02
v -0.903407 -2.674118 0.02
v -0.913397 -2.65 0.02
v -2.25 -2.613398 0.02
v -2.270711 -2.629289 0.02
v -2.674118 -2.296592 0.02
v -2.7 -2.3 0.02
v -1.470711 -2.629289 0.02
v -1.703407 -2.674118 0.02
v -1.713398 -2.65 0.02
v -1.729289 -2.629289 0.02
v -1.896592 -2.674118 0.02
v -2.113397 -2.65 0.02
v -1.886603 -2.65 0.02
v -1.870711 -2.629289 0.02
v 3.0 -2.3 0.02
v 3.0 -3.0 0.02
v 2.7 -2.3 0.02
v 2.3 -3.0 0.02
v 2.3 -2.7 0.02
v 1.3 -3.0 0.02
v 1.1 -3.0 0.02
v 1.3 -2.7 0.02
v 1.1 -2.7 0.02
v 1.096593 -2.674118 0.02
v 0.7 3.0 0.02
v 0.9 3.0 0.02
v 0.7 2.7 0.02
v 0.9 2.7 0.02
v 0.696593 2.674118 0.02
v 0.686603 2.65 0.02
v 2.674118 0.296593 0.02
v 2.65 0.286603 0.02
v 2.629289 0.270711 0.02
v 2.613398 -0.55 0.02
v 2.6 -0.2 0.02
v 2.603407 -0.174118 0.02
v 2.603407 -1.025882 0.02
v 2.613398 -1.05 0.02
v 2.629289 -1.070711 0.02
v -1.5 -3.0 0.02
v -1.7 -3.0 0.02
v -1.5 -2.7 0.02
v -1.7 -2.7 0.02
v -1.496593 -2.674118 0.02
v -1.486603 -2.65 0.02
v -1.8 -2.6 0.02
v -1.774118 -2.603407 0.02
v -1.75 -2.613398 0.02
v -1.85 -2.613398 0.02
v -2.129289 -2.629289 0.02
v 2.629289 -2.270711 0.02
v 2.270711 -2.629289 0.02
v 2.25 -2.613398 0.02
v 0.2 -2.6 0.02
v 0.225882 -2.603407 0.02
v 0.529289 -2.629289 0.02
v -1.0 2.6 0.02
v -0.65 2.613398 0.02
v -0.625882 2.603407 0.02
v -0.25 2.613398 0.02
v -0.225882 2.603407 0.02
v -0.2 2.6 0.02
v 2.6 2.2 0.02
v 1.993388 2.040097 0.02
v 2.613398 0.15 0.02
v 2.629289 -0.129289 0.02
v 2.613398 -0.15 0.02
v 2.629289 0.129289 0.02
v 2.65 0.113397 0.02
v 2.65 -0.113397 0.02
v 2.674118 -0.103407 0.02
v 2.613398 -0.65 0.02
v 2.629289 -0.670711 0.02
v 2.65 -0.686603 0.02
v 2.7 -0.7 0.02
v 3.0 -0.7 0.02
v 3.0 -0.9 0.02
v -0.3 -3.0 0.02
v -0.5 -3.0 0.02
v -0.3 -2.7 0.02
v -0.5 -2.7 0.02
v -0.296593 -2.674118 0.02
v -0.503407 -2.674118 0.02
v -0.513397 -2.65 0.02
v -1.9 -3.0 0.02
v -2.1 -3.0 0.02
v -1.9 -2.7 0.02
v -2.1 -2.7 0.02
v -2.103407 -2.674118 0.02
v -1.825882 -2.603407 0.02
v -2.613398 -2.25 0.02
v -2.629289 -2.270711 0.02
v 0.9 -3.0 0.02
v 0.7 -3.0 0.02
v 0.9 -2.7 0.02
v 0.7 -2.7 0.02
v 0.903407 -2.674118 0.02
v 0.696593 -2.674118 0.02
v 0.686603 -2.65 0.02
v -0.9 3.0 0.02
v -0.7 3.0 0.02
v -0.9 2.7 0.02
v -0.7 2.7 0.02
v -0.903407 2.674118 0.02
v -0.913397 2.65 0.02
v -1.05 2.613398 0.02
v -1.025882 2.603407 0.02
v -0.55 2.613398 0.02
v -0.174118 2.603407 0.02
v 2.603407 2.174118 0.02
v 2.028183 2.012349 0.02
v 2.012349 2.028183 0.02
v 2.05 -1.95 0.02
v 2.05 1.95 0.02
v 2.047493 1.972252 0.02
v 2.040097 1.993388 0.02
v 3.0 -0.3 0.02
v 3.0 -0.5 0.02
v 2.7 -0.3 0.02
v 2.7 -0.5 0.02
v 2.674118 -0.296593 0.02
v 2.674118 -0.503407 0.02
v 2.65 -0.513397 0.02
v 2.613398 0.55 0.02
v 2.629289 0.529289 0.02
v 2.65 0.513397 0.02
v 2.7 0.5 0.02
v 3.0 0.5 0.02
v 3.0 0.3 0.02
v 2.674118 -0.696593 0.02
v 2.7 -0.9 0.02
v 2.6 -1.4 0.02
v 2.603407 -1.425882 0.02
v 2.613398 -1.45 0.02
v 2.629289 -1.470711 0.02
v 0.1 -3.0 0.02
v -0.1 -3.0 0.02
v 0.1 -2.7 0.02
v -0.1 -2.7 0.02
v -0.103407 -2.674118 0.02
v 0.5 -3.0 0.02
v 0.3 -3.0 0.02
v 0.5 -2.7 0.02
v 0.3 -2.7 0.02
v 0.503407 -2.674118 0.02
v 0.296593 -2.674118 0.02
v 0.286603 -2.65 0.02
v -0.5 3.0 0.02
v -0.3 3.0 0.02
v -0.5 2.7 0.02
v -0.3 2.7 0.02
v -0.503407 2.674118 0.02
v -0.513397 2.65 0.02
v 2.674118 0.503407 0.02
v 2.7 0.3 0.02
v 2.7 0.1 0.02
v 3.0 0.1 0.02
v 3.0 -0.1 0.02
v 2.65 -1.313397 0.02
v 2.629289 -1.329289 0.02
v 2.613398 -1.35 0.02
v 2.603407 -1.374118 0.02
v 2.65 -1.713398 0.02
v 2.629289 -1.729289 0.02
v 2.674118 0.103407 0.02
v 2.7 -0.1 0.02
v 2.7 -1.1 0.02
v 3.0 -1.1 0.02
v 3.0 -1.3 0.02
v 2.629289 -1.870711 0.02
v 2.65 -1.886603 0.02
v 2.65 -2.113397 0.02
v 2.674118 -1.896592 0.02
v 2.65 -1.086603 0.02
v 2.674118 -1.096593 0.02
v 2.674118 -1.303407 0.02
v 2.7 -1.3 0.02
v 2.613398 -1.75 0.02
v 2.603407 -1.774118 0.02
v 2.6 -1.8 0.02
v 2.603407 -1.825882 0.02
v 2.613398 -1.85 0.02
v 2.7 -1.5 0.02
v 3.0 -1.5 0.02
v 3.0 -1.7 0.02
v 2.020711 -2.020711 0.02
v 2.036602 -2.0 0.02
v 2.613398 -2.15 0.02
v 2.629289 -2.129289 0.02
v 2.65 -1.486603 0.02
v 2.674118 -1.496593 0.02
v 2.674118 -1.703407 0.02
v 2.7 -1.7 0.02
v 3.0 -1.9 0.02
v 3.0 -2.1 0.02
v 2.7 -1.9 0.02
v 2.7 -2.1 0.02
v 2.674118 -2.103407 0.02
v -3.0 -2.1 0.2
v -3.0 -2.3 0.2
v -3.0 3.0 0.92
v -3.0 -2.575 0.2
v -3.0 -3.0 0.92
v -3.0 -2.725 0.2
v -3.0 -2.725 0.12
v -3.0 -2.575 0.12
v -3.0 -1.9 0.2
v -3.0 2.1 0.2
v -3.0 2.3 0.2
v -3.0 2.575 0.2
v -3.0 2.575 0.12
v -3.0 2.725 0.12
v -3.0 2.725 0.2
v -3.0 1.9 0.2
v -3.0 1.7 0.2
v -3.0 1.5 0.2
v -3.0 1.3 0.2
v -3.0 1.1 0.2
v -3.0 0.9 0.2
v -3.0 0.7 0.2
v -3.0 0.5 0.2
v -3.0 0.3 0.2
v -3.0 0.1 0.2
v -3.0 -0.1 0.2
v -3.0 -0.3 0.2
v -3.0 -0.5 0.2
v -3.0 -0.7 0.2
v -3.0 -0.9 0.2
v -3.0 -1.1 0.2
v -3.0 -1.3 0.2
v -3.0 -1.5 0.2
v -3.0 -1.7 0.2
v 2.073328 2.666139 0.92
v 2.073328 2.558025 0.92
v 2.121926 2.558025 0.92
v 2.317029 2.326192 0.92
v 2.31986 2.329362 0.92
v 2.31986 2.349501 0.92
v 2.379048 2.437683 0.92
v 2.34428 2.349501 0.92
v 2.387283 2.349501 0.92
v 2.264519 2.349743 0.92
v 2.262175 2.349501 0.92
v 2.291412 2.349501 0.92
v 2.171816 2.666077 0.92
v 2.180843 2.667168 0.92
v 2.132375 2.667168 0.92
v 2.203097 2.543832 0.92
v 2.195266 2.543083 0.92
v 2.235639 2.543083 0.92
v 1.642273 2.451551 0.92
v 1.657452 2.437734 0.92
v 1.692643 2.456118 0.92
v 1.410183 2.528978 0.92
v 1.416435 2.543083 0.92
v -0.352746 2.543083 0.92
v 1.931089 2.543083 0.92
v 2.007607 2.543083 0.92
v 1.925343 2.551089 0.92
v 2.007607 2.667168 0.92
v 1.901808 2.57099 0.92
v 1.788307 2.678702 0.92
v 1.805231 2.667168 0.92
v 1.824897 2.653764 0.92
v 1.853737 2.620354 0.92
v 1.871747 2.585225 0.92
v 1.875988 2.583799 0.92
v 1.664864 2.693812 0.92
v 1.706904 2.698879 0.92
v 2.007607 3.0 0.92
v 1.744977 2.694617 0.92
v 1.624801 2.6786 0.92
v -0.352746 3.0 0.92
v 1.606243 2.667168 0.92
v -0.352746 2.667168 0.92
v 1.602793 2.665043 0.92
v 1.424027 2.560213 0.92
v 1.444891 2.58696 0.92
v 1.510481 2.62438 0.92
v 1.544665 2.628604 0.92
v 1.582405 2.647583 0.92
v 1.554642 2.628062 0.92
v 1.564619 2.626869 0.92
v 1.450747 2.592502 0.92
v 1.478342 2.611901 0.92
v -0.352746 2.456118 0.92
v 1.404115 2.488054 0.92
v 1.404359 2.49637 0.92
v 1.46763 2.3704 0.92
v 1.440553 2.393487 0.92
v -0.352746 2.349501 0.92
v 1.498985 2.355126 0.92
v 1.420748 2.421762 0.92
v 1.408315 2.45406 0.92
v 1.408061 2.456118 0.92
v 1.509961 2.351842 0.92
v 1.511056 2.349501 0.92
v 1.518676 2.333203 0.92
v 1.531586 2.317284 0.92
v 1.592382 2.292846 0.92
v -0.352746 -3.0 0.92
v 1.613404 2.295438 0.92
v 2.007607 -3.0 0.92
v 1.628298 2.301163 0.92
v 1.589068 2.292907 0.92
v 1.568583 2.296095 0.92
v -0.352746 2.301163 0.92
v 1.556506 2.301163 0.92
v 1.548562 2.304498 0.92
v 1.673669 2.349501 0.92
v 1.673573 2.3491 0.92
v 2.007607 2.301163 0.92
v 1.663296 2.329773 0.92
v 1.65003 2.314905 0.92
v 1.632752 2.302875 0.92
v 2.007607 2.456118 0.92
v 1.955653 2.456118 0.92
v 1.953661 2.44062 0.92
v 1.784458 2.400683 0.92
v 1.790411 2.403035 0.92
v 1.800604 2.452483 0.92
v 1.925538 2.389149 0.92
v 1.901938 2.36917 0.92
v 2.007607 2.349501 0.92
v 1.779122 2.396902 0.92
v 1.797134 2.403898 0.92
v 1.797978 2.403837 0.92
v 1.800581 2.40326 0.92
v 1.942766 2.413152 0.92
v 1.770239 2.377002 0.92
v 1.770459 2.380426 0.92
v 1.679141 2.388281 0.92
v 1.772201 2.38703 0.92
v 1.775538 2.392949 0.92
v 1.886227 2.424802 0.92
v 1.895776 2.438332 0.92
v 1.790511 2.350895 0.92
v 1.784772 2.353154 0.92
v 1.779146 2.357154 0.92
v 1.777129 2.359207 0.92
v 1.773347 2.364657 0.92
v 1.771062 2.37054 0.92
v 1.678665 2.370513 0.92
v 1.679141 2.379605 0.92
v 1.875467 2.356215 0.92
v 1.846587 2.350107 0.92
v 1.795399 2.350107 0.92
v 1.802339 2.40303 0.92
v 1.841381 2.40303 0.92
v 1.856999 2.406028 0.92
v 1.872303 2.413131 0.92
v 1.885123 2.423616 0.92
v 1.602916 2.466609 0.92
v 1.62386 2.461414 0.92
v 1.828198 2.543083 0.92
v 1.592382 2.467232 0.92
v 1.90176 2.453793 0.92
v 1.902047 2.456118 0.92
v 1.798478 2.456118 0.92
v 1.903848 2.470702 0.92
v 1.903416 2.478368 0.92
v 1.571643 2.464674 0.92
v 1.477801 2.543083 0.92
v 1.552481 2.457338 0.92
v 1.468802 2.530159 0.92
v 1.461365 2.510811 0.92
v 1.465766 2.456118 0.92
v 1.550726 2.456118 0.92
v 1.45982 2.476356 0.92
v 1.458773 2.48979 0.92
v 1.88129 2.521096 0.92
v 1.867837 2.530498 0.92
v 1.899325 2.495027 0.92
v 1.891244 2.509986 0.92
v 1.829235 2.538375 0.92
v 1.773709 2.498466 0.92
v 1.836176 2.538375 0.92
v 1.852696 2.536334 0.92
v 1.633747 2.456118 0.92
v 1.466056 2.45513 0.92
v 1.520405 2.428604 0.92
v 1.534745 2.445008 0.92
v 1.476355 2.437613 0.92
v 1.491907 2.421628 0.92
v 1.510828 2.409971 0.92
v 1.810498 2.590549 0.92
v 1.790916 2.613917 0.92
v 1.591515 2.563535 0.92
v 1.78879 2.615853 0.92
v 1.764416 2.632773 0.92
v 1.604775 2.590989 0.92
v 1.585402 2.566881 0.92
v 1.823901 2.562604 0.92
v 1.565951 2.57401 0.92
v 1.545532 2.576549 0.92
v 1.53644 2.576072 0.92
v 1.624236 2.614234 0.92
v 1.737211 2.643203 0.92
v 1.647479 2.631216 0.92
v 1.707772 2.646824 0.92
v 1.675819 2.642706 0.92
v 1.515027 2.570981 0.92
v 1.4957 2.560703 0.92
v 1.480832 2.547437 0.92
v 1.943054 2.52641 0.92
v 1.953664 2.499913 0.92
v 1.957638 2.47157 0.92
v 2.577046 2.441465 0.92
v 2.581542 2.429809 0.92
v 2.630532 2.456118 0.92
v 2.569508 2.452122 0.92
v 2.682709 2.35053 0.92
v 2.472673 2.349501 0.92
v 2.700115 2.35053 0.92
v 3.0 2.349501 0.92
v 2.659899 2.456118 0.92
v 3.0 2.456118 0.92
v 2.653637 2.472556 0.92
v 2.538352 2.353018 0.92
v 2.517762 2.35053 0.92
v 2.590316 2.35053 0.92
v 2.607722 2.35053 0.92
v 2.61945 2.383907 0.92
v 2.670263 2.383907 0.92
v 2.573108 2.37677 0.92
v 2.565144 2.367624 0.92
v 2.552287 2.358427 0.92
v 2.583547 2.413103 0.92
v 2.582929 2.403089 0.92
v 2.579559 2.389147 0.92
v 2.484198 2.35053 0.92
v 2.484198 2.456118 0.92
v 2.472673 2.456118 0.92
v 2.484198 2.472556 0.92
v 2.472673 2.543083 0.92
v 2.51901 2.472556 0.92
v 2.537642 2.470499 0.92
v 3.0 2.543083 0.92
v 2.636793 2.472556 0.92
v 2.552369 2.465119 0.92
v 2.565144 2.456398 0.92
v 2.56543 2.456118 0.92
v 2.073328 2.456118 0.92
v 2.073328 2.419466 0.92
v 2.125061 2.456118 0.92
v 2.116966 2.419466 0.92
v 2.073328 2.405492 0.92
v 2.073328 2.364442 0.92
v 2.116966 2.405492 0.92
v 2.123205 2.364442 0.92
v 2.125061 2.349501 0.92
v 2.123205 2.35053 0.92
v 2.057575 2.35053 0.92
v 2.057575 2.472556 0.92
v 2.057575 2.456118 0.92
v 2.073328 2.45852 0.92
v 2.120429 2.45852 0.92
v 2.120429 2.472556 0.92
v 2.125061 2.543083 0.92
v 2.51745 2.577489 0.92
v 2.472673 2.577489 0.92
v 2.529896 2.544112 0.92
v 2.547301 2.544112 0.92
v 2.500824 2.666139 0.92
v 3.0 2.667168 0.92
v 2.472673 2.667168 0.92
v 2.466637 2.577489 0.92
v 2.454909 2.544112 0.92
v 2.434119 2.543083 0.92
v 2.437503 2.544112 0.92
v 2.434119 2.667168 0.92
v 2.472673 2.636451 0.92
v 2.48398 2.666139 0.92
v 2.291412 2.599074 0.92
v 2.258456 2.599074 0.92
v 2.291412 2.558025 0.92
v 2.258456 2.558025 0.92
v 2.31986 2.667168 0.92
v 2.291412 2.667168 0.92
v 2.305558 2.666139 0.92
v 2.291412 2.666139 0.92
v 2.305558 2.652102 0.92
v 2.308334 2.558025 0.92
v 2.31986 2.543083 0.92
v 2.308334 2.544112 0.92
v 2.291412 2.543083 0.92
v 2.302095 2.599074 0.92
v 2.302095 2.613049 0.92
v 2.291412 2.613049 0.92
v 2.291412 2.652102 0.92
v 2.258456 2.652102 0.92
v 2.258456 2.613049 0.92
v 2.242704 2.666139 0.92
v 2.235639 2.667168 0.92
v 2.242704 2.544112 0.92
v 2.218281 2.663206 0.92
v 2.205343 2.666942 0.92
v 2.202465 2.667168 0.92
v 2.291412 2.544112 0.92
v 2.218281 2.646737 0.92
v 2.216198 2.548129 0.92
v 2.186776 2.556091 0.92
v 2.19433 2.556469 0.92
v 2.216922 2.64747 0.92
v 2.143588 2.599147 0.92
v 2.145558 2.58696 0.92
v 2.20784 2.559382 0.92
v 2.218281 2.564263 0.92
v 2.218281 2.549166 0.92
v 2.155373 2.639451 0.92
v 2.149493 2.630954 0.92
v 2.149516 2.577135 0.92
v 2.155427 2.568942 0.92
v 2.15841 2.566047 0.92
v 2.189521 2.653973 0.92
v 2.184505 2.65376 0.92
v 2.156269 2.640436 0.92
v 2.173929 2.65166 0.92
v 2.164362 2.647158 0.92
v 2.145425 2.620385 0.92
v 2.143449 2.603753 0.92
v 2.16654 2.560549 0.92
v 2.17539 2.55735 0.92
v 2.204544 2.65218 0.92
v 2.189365 2.668197 0.92
v 2.132375 3.0 0.92
v 2.235639 3.0 0.92
v 2.15905 2.661146 0.92
v 2.136888 2.64063 0.92
v 2.144541 2.65023 0.92
v 2.147246 2.652829 0.92
v 2.125061 2.667168 0.92
v 2.130615 2.627404 0.92
v 2.132375 2.631116 0.92
v 2.132375 2.575122 0.92
v 2.129287 2.583092 0.92
v 2.126917 2.602817 0.92
v 2.127371 2.611989 0.92
v 2.162658 2.545553 0.92
v 2.151312 2.551262 0.92
v 2.132375 2.543083 0.92
v 2.142576 2.558711 0.92
v 2.141494 2.559894 0.92
v 2.134233 2.570329 0.92
v 2.17338 2.543083 0.92
v 2.132375 2.456118 0.92
v 2.175632 2.542564 0.92
v 2.184499 2.542054 0.92
v 2.235639 2.456118 0.92
v 2.387283 2.667168 0.92
v 2.387283 2.663184 0.92
v 2.399556 2.658701 0.92
v 2.426746 2.582729 0.92
v 2.420295 2.570352 0.92
v 2.41233 2.649981 0.92
v 2.416695 2.645705 0.92
v 2.424233 2.635047 0.92
v 2.387283 2.547277 0.92
v 2.387283 2.543083 0.92
v 2.399474 2.552009 0.92
v 2.41233 2.561206 0.92
v 2.428729 2.623391 0.92
v 2.430734 2.606685 0.92
v 2.430115 2.596671 0.92
v 2.366196 2.666139 0.92
v 2.384829 2.664081 0.92
v 2.385538 2.5466 0.92
v 2.364949 2.544112 0.92
v 2.331385 2.544112 0.92
v 2.331385 2.666139 0.92
v 2.179567 2.351592 0.92
v 2.173793 2.349501 0.92
v 2.192578 2.35053 0.92
v 2.184917 2.355144 0.92
v 2.156328 2.349533 0.92
v 2.150468 2.351743 0.92
v 2.132375 2.349501 0.92
v 2.14635 2.416721 0.92
v 2.14635 2.431569 0.92
v 2.149584 2.433439 0.92
v 2.160964 2.437825 0.92
v 2.143916 2.391975 0.92
v 2.148563 2.396048 0.92
v 2.15501 2.399392 0.92
v 2.156012 2.422933 0.92
v 2.16675 2.40231 0.92
v 2.1801 2.426722 0.92
v 2.174922 2.427265 0.92
v 2.165559 2.426262 0.92
v 2.145321 2.355334 0.92
v 2.143611 2.357067 0.92
v 2.140435 2.361763 0.92
v 2.192578 2.364006 0.92
v 2.192172 2.364006 0.92
v 2.189749 2.360326 0.92
v 2.138587 2.366935 0.92
v 2.137835 2.373863 0.92
v 2.138816 2.382171 0.92
v 2.140887 2.38758 0.92
v 2.191775 2.436991 0.92
v 2.196894 2.434131 0.92
v 2.231091 2.42455 0.92
v 2.201005 2.430282 0.92
v 2.22927 2.419629 0.92
v 2.204161 2.425409 0.92
v 2.206591 2.418575 0.92
v 2.192578 2.405929 0.92
v 2.192046 2.412687 0.92
v 2.190466 2.418129 0.92
v 2.18867 2.421277 0.92
v 2.235504 2.397761 0.92
v 2.228574 2.369371 0.92
v 2.235639 2.397672 0.92
v 2.234084 2.365921 0.92
v 2.235639 2.365314 0.92
v 2.233003 2.400376 0.92
v 2.23101 2.403562 0.92
v 2.207862 2.406615 0.92
v 2.229325 2.408229 0.92
v 2.228667 2.414164 0.92
v 2.176358 2.439679 0.92
v 2.185256 2.438908 0.92
v 2.186359 2.423735 0.92
v 2.183646 2.425484 0.92
v 2.173373 2.349349 0.92
v 2.235639 2.301163 0.92
v 2.132375 2.301163 0.92
v 2.165471 2.348472 0.92
v 2.156607 2.349501 0.92
v 2.228574 2.353587 0.92
v 2.207862 2.35053 0.92
v 2.235639 2.351044 0.92
v 2.235639 2.349501 0.92
v 2.238598 2.349978 0.92
v 2.242913 2.349501 0.92
v 2.252218 2.348472 0.92
v 2.291412 2.456118 0.92
v 2.283255 2.435811 0.92
v 2.283255 2.420964 0.92
v 2.282319 2.388648 0.92
v 2.285172 2.384438 0.92
v 2.238462 2.432755 0.92
v 2.24285 2.43539 0.92
v 2.284831 2.363252 0.92
v 2.281982 2.359221 0.92
v 2.233931 2.428681 0.92
v 2.235639 2.430217 0.92
v 2.286803 2.379931 0.92
v 2.287435 2.374237 0.92
v 2.286708 2.368096 0.92
v 2.251198 2.438417 0.92
v 2.262605 2.439679 0.92
v 2.272618 2.438855 0.92
v 2.277609 2.355397 0.92
v 2.272923 2.352637 0.92
v 2.261108 2.427265 0.92
v 2.256584 2.426925 0.92
v 2.24442 2.415536 0.92
v 2.252495 2.425843 0.92
v 2.249068 2.424021 0.92
v 2.244559 2.413503 0.92
v 2.245166 2.411129 0.92
v 2.246267 2.409066 0.92
v 2.247757 2.407426 0.92
v 2.253146 2.404057 0.92
v 2.271568 2.426021 0.92
v 2.262605 2.39994 0.92
v 2.280242 2.422717 0.92
v 2.268523 2.397545 0.92
v 2.278675 2.3919 0.92
v 2.246762 2.421982 0.92
v 2.245451 2.420037 0.92
v 2.244696 2.417974 0.92
v 2.243644 2.362189 0.92
v 2.251812 2.388835 0.92
v 2.242702 2.393011 0.92
v 2.253716 2.360949 0.92
v 2.25439 2.360953 0.92
v 2.261849 2.384632 0.92
v 2.262226 2.361831 0.92
v 2.271745 2.37274 0.92
v 2.271595 2.374641 0.92
v 2.26617 2.363275 0.92
v 2.267563 2.36412 0.92
v 2.269317 2.365677 0.92
v 2.270651 2.36765 0.92
v 2.271428 2.369824 0.92
v 2.270901 2.377028 0.92
v 2.269719 2.379054 0.92
v 2.267814 2.381037 0.92
v 2.335253 2.372178 0.92
v 2.337125 2.365004 0.92
v 2.33753 2.365004 0.92
v 2.387283 2.456118 0.92
v 2.31986 2.456118 0.92
v 2.363202 2.437683 0.92
v 2.31986 2.416461 0.92
v 2.339402 2.372053 0.92
v 2.338232 2.36799 0.92
v 2.31986 2.375434 0.92
v 2.295389 2.437683 0.92
v 2.312483 2.437683 0.92
v 2.329061 2.349501 0.92
v 2.329576 2.350718 0.92
v 2.319876 2.329381 0.92
v 2.32287 2.334872 0.92
v 2.291412 2.301163 0.92
v 2.298539 2.310728 0.92
v 2.298539 2.324328 0.92
v 2.301666 2.323304 0.92
v 2.307211 2.322582 0.92
v 2.31986 2.312206 0.92
v 2.314571 2.310191 0.92
v 2.31986 2.301163 0.92
v 2.308396 2.309481 0.92
v 2.305022 2.309602 0.92
v 2.310895 2.322996 0.92
v 2.31424 2.324255 0.92
v 2.339495 2.337367 0.92
v 2.332576 2.323892 0.92
v 2.387283 2.301163 0.92
v 2.326983 2.317175 0.92
v 2.325941 2.31622 0.92
v 2.320602 2.312488 0.92
v 2.41127 2.405492 0.92
v 2.41127 2.364442 0.92
v 2.434119 2.364442 0.92
v 2.461147 2.364442 0.92
v 2.461147 2.35053 0.92
v 2.434119 2.349501 0.92
v 2.454909 2.405492 0.92
v 2.434119 2.405492 0.92
v 2.41127 2.456118 0.92
v 2.41127 2.419466 0.92
v 2.434119 2.419466 0.92
v 2.41127 2.45852 0.92
v 2.434119 2.456118 0.92
v 2.454909 2.419466 0.92
v 2.395517 2.35053 0.92
v 2.395517 2.456118 0.92
v 2.395517 2.472556 0.92
v 2.434119 2.35053 0.92
v 2.291412 3.0 0.92
v 2.31986 3.0 0.92
v 2.387283 3.0 0.92
v 2.434119 3.0 0.92
v 2.472673 3.0 0.92
v 3.0 3.0 0.92
v 2.125061 3.0 0.92
v 2.057575 2.544112 0.92
v 2.057575 2.666139 0.92
v 2.121926 2.544112 0.92
v 2.434119 2.472556 0.92
v 2.458371 2.472556 0.92
v 2.458371 2.45852 0.92
v 2.434119 2.45852 0.92
v 2.434119 2.301163 0.92
v 2.472673 2.301163 0.92
v 3.0 2.301163 0.92
v 2.125061 2.301163 0.92
v -3.0 2.667168 0.92
v -3.0 2.543083 0.92
v -3.0 2.456118 0.92
v -3.0 2.349501 0.92
v -3.0 2.301163 0.92
v 2.125061 -3.0 0.92
v 2.132375 -3.0 0.92
v 2.235639 -3.0 0.92
v 2.291412 -3.0 0.92
v 2.31986 -3.0 0.92
v 2.387283 -3.0 0.92
v 2.434119 -3.0 0.92
v 2.472673 -3.0 0.92
v 3.0 -3.0 0.92
v -2.109607 -2.341544 0.92
v -2.116818 -2.396322 0.92
v -2.137962 -2.447367 0.92
v -2.171597 -2.4912 0.92
v -2.376031 -2.545978 0.92
v -2.427076 -2.524835 0.92
v -2.21543 -2.524835 0.92
v -2.266475 -2.545978 0.92
v -2.321253 -2.55319 0.92
v -2.47091 -2.4912 0.92
v -2.504544 -2.447367 0.92
v -2.525688 -2.396322 0.92
v -2.321253 -2.129897 0.92
v -2.266475 -2.137109 0.92
v -2.21543 -2.158252 0.92
v -2.171597 -2.191887 0.92
v -2.137962 -2.235721 0.92
v -2.116818 -2.286766 0.92
v -2.47091 -2.191887 0.92
v -2.427076 -2.158252 0.92
v -2.376031 -2.137109 0.92
v -2.532899 -2.341544 0.92
v -2.525688 -2.286766 0.92
v -2.504544 -2.235721 0.92
v 3.0 -2.575 0.2
v 3.0 -0.7 0.2
v 3.0 -0.5 0.2
v 3.0 -2.1 0.2
v 3.0 -0.9 0.2
v 3.0 -1.9 0.2
v 3.0 -1.7 0.2
v 3.0 -2.3 0.2
v 3.0 -2.575 0.12
v 3.0 -2.725 0.12
v 3.0 -2.725 0.2
v 3.0 -0.1 0.2
v 3.0 -0.3 0.2
v 3.0 -1.5 0.2
v 3.0 -1.3 0.2
v 3.0 0.3 0.2
v 3.0 -1.1 0.2
v 3.0 0.5 0.2
v 3.0 0.7 0.2
v 3.0 0.1 0.2
v 3.0 1.1 0.2
v 3.0 1.3 0.2
v 3.0 1.5 0.2
v 3.0 0.9 0.2
v 3.0 1.9 0.2
v 3.0 2.1 0.2
v 3.0 2.3 0.2
v 3.0 1.7 0.2
v 3.0 2.725 0.2
v 3.0 2.575 0.2
v 3.0 2.575 0.12
v 3.0 2.725 0.12
v 2.1 3.0 0.2
v -1.9 3.0 0.2
v 1.9 3.0 0.2
v 1.7 3.0 0.2
v 1.5 3.0 0.2
v 1.3 3.0 0.2
v 2.3 3.0 0.2
v 2.575 3.0 0.2
v 2.575 3.0 0.12
v 2.725 3.0 0.12
v 2.725 3.0 0.2
v 1.1 3.0 0.2
v 0.9 3.0 0.2
v 0.7 3.0 0.2
v 0.5 3.0 0.2
v 0.3 3.0 0.2
v 0.1 3.0 0.2
v -0.1 3.0 0.2
v -0.3 3.0 0.2
v -0.5 3.0 0.2
v -0.7 3.0 0.2
v -0.9 3.0 0.2
v -1.1 3.0 0.2
v -1.3 3.0 0.2
v -1.5 3.0 0.2
v -2.1 3.0 0.2
v -1.7 3.0 0.2
v -2.575 3.0 0.2
v -2.3 3.0 0.2
v -2.575 3.0 0.12
v -2.725 3.0 0.12
v -2.725 3.0 0.2
v 2.575 -3.0 0.2
v 2.725 -3.0 0.2
v 1.3 -3.0 0.2
v 1.5 -3.0 0.2
v 1.9 -3.0 0.2
v 2.1 -3.0 0.2
v 2.725 -3.0 0.12
v 2.575 -3.0 0.12
v 2.3 -3.0 0.2
v 1.7 -3.0 0.2
v 1.1 -3.0 0.2
v -2.1 -3.0 0.2
v -2.3 -3.0 0.2
v -2.575 -3.0 0.2
v -2.575 -3.0 0.12
v -2.725 -3.0 0.12
v -2.725 -3.0 0.2
v -1.9 -3.0 0.2
v -1.7 -3.0 0.2
v -1.5 -3.0 0.2
v -1.3 -3.0 0.2
v -1.1 -3.0 0.2
v -0.9 -3.0 0.2
v -0.7 -3.0 0.2
v -0.5 -3.0 0.2
v -0.3 -3.0 0.2
v -0.1 -3.0 0.2
v 0.1 -3.0 0.2
v 0.3 -3.0 0.2
v 0.5 -3.0 0.2
v 0.7 -3.0 0.2
v 0.9 -3.0 0.2
v -2.109607 -2.341544 0.919
v -2.116818 -2.286766 0.919
newmtl 2
Ka 0.6470588235294118 0.6470588235294118 0.6470588235294118
Kd 0.6470588235294118 0.6470588235294118 0.6470588235294118
Ks 0.3215686274509804 0.3215686274509804 0.3215686274509804
d 0.0
endmtl
v -2.137962 -2.235721 0.919
v -2.171597 -2.191887 0.919
v -2.21543 -2.158252 0.919
v -2.266475 -2.137109 0.919
v -2.321253 -2.129897 0.919
v -2.376031 -2.137109 0.919
v -2.427076 -2.158252 0.919
v -2.47091 -2.191887 0.919
v -2.504544 -2.235721 0.919
v -2.525688 -2.286766 0.919
v -2.532899 -2.341544 0.919
v -2.525688 -2.396322 0.919
v -2.504544 -2.447367 0.919
v -2.47091 -2.4912 0.919
v -2.427076 -2.524835 0.919
v -2.376031 -2.545978 0.919
v -2.321253 -2.55319 0.919
v -2.266475 -2.545978 0.919
v -2.21543 -2.524835 0.919
v -2.171597 -2.4912 0.919
v -2.137962 -2.447367 0.919
v -2.116818 -2.396322 0.919
v -2.321253 -2.341544 0.919
v 2.121926 2.558025 0.921
v 2.121926 2.544112 0.921
newmtl 3
Ka 1.0 1.0 1.0
Kd 1.0 1.0 1.0
Ks 0.5019607843137255 0.5019607843137255 0.5019607843137255
d 0.0
endmtl
v 2.073328 2.558025 0.921
v 2.073328 2.666139 0.921
v 2.057575 2.666139 0.921
v 2.057575 2.544112 0.921
v 2.203097 2.543832 0.921
v 2.184499 2.542054 0.921
v 2.216198 2.548129 0.921
v 2.218281 2.549166 0.921
v 2.218281 2.564263 0.921
v 2.20784 2.559382 0.921
v 2.19433 2.556469 0.921
v 2.186776 2.556091 0.921
v 2.17539 2.55735 0.921
v 2.16654 2.560549 0.921
v 2.15841 2.566047 0.921
v 2.155427 2.568942 0.921
v 2.149516 2.577135 0.921
v 2.145558 2.58696 0.921
v 2.143588 2.599147 0.921
v 2.143449 2.603753 0.921
v 2.145425 2.620385 0.921
v 2.149493 2.630954 0.921
v 2.155373 2.639451 0.921
v 2.156269 2.640436 0.921
v 2.164362 2.647158 0.921
v 2.173929 2.65166 0.921
v 2.184505 2.65376 0.921
v 2.189521 2.653973 0.921
v 2.204544 2.65218 0.921
v 2.216922 2.64747 0.921
v 2.218281 2.646737 0.921
v 2.218281 2.663206 0.921
v 2.189365 2.668197 0.921
v 2.205343 2.666942 0.921
v 2.171816 2.666077 0.921
v 2.15905 2.661146 0.921
v 2.147246 2.652829 0.921
v 2.144541 2.65023 0.921
v 2.136888 2.64063 0.921
v 2.130615 2.627404 0.921
v 2.127371 2.611989 0.921
v 2.126917 2.602817 0.921
v 2.129287 2.583092 0.921
v 2.134233 2.570329 0.921
v 2.141494 2.559894 0.921
v 2.142576 2.558711 0.921
v 2.151312 2.551262 0.921
v 2.175632 2.542564 0.921
v 2.162658 2.545553 0.921
v 2.308334 2.558025 0.921
v 2.308334 2.544112 0.921
v 2.258456 2.558025 0.921
v 2.258456 2.599074 0.921
v 2.302095 2.599074 0.921
v 2.302095 2.613049 0.921
v 2.258456 2.613049 0.921
v 2.258456 2.652102 0.921
v 2.305558 2.652102 0.921
v 2.305558 2.666139 0.921
v 2.242704 2.666139 0.921
v 2.242704 2.544112 0.921
v 2.407292 2.578428 0.921
v 2.401132 2.570751 0.921
v 2.41233 2.561206 0.921
v 2.399619 2.569344 0.921
v 2.399474 2.552009 0.921
v 2.391726 2.563895 0.921
v 2.385538 2.5466 0.921
v 2.381612 2.560005 0.921
v 2.364949 2.544112 0.921
v 2.364855 2.558025 0.921
v 2.331385 2.544112 0.921
v 2.347137 2.558025 0.921
v 2.331385 2.666139 0.921
v 2.347137 2.652102 0.921
v 2.366196 2.666139 0.921
v 2.365573 2.652102 0.921
v 2.384829 2.664081 0.921
v 2.381666 2.650275 0.921
v 2.399556 2.658701 0.921
v 2.392184 2.646391 0.921
v 2.41233 2.649981 0.921
v 2.400789 2.640623 0.921
v 2.416695 2.645705 0.921
v 2.405274 2.635984 0.921
v 2.424233 2.635047 0.921
v 2.409736 2.628804 0.921
v 2.428729 2.623391 0.921
v 2.412894 2.619281 0.921
v 2.430734 2.606685 0.921
v 2.414171 2.606248 0.921
v 2.430115 2.596671 0.921
v 2.413792 2.598754 0.921
v 2.426746 2.582729 0.921
v 2.41146 2.587522 0.921
v 2.420295 2.570352 0.921
v 2.365573 2.652102 0.92
v 2.347137 2.652102 0.92
v 2.347137 2.558025 0.92
v 2.364855 2.558025 0.92
v 2.401132 2.570751 0.92
v 2.399619 2.569344 0.92
v 2.391726 2.563895 0.92
v 2.381612 2.560005 0.92
v 2.414171 2.606248 0.92
v 2.413792 2.598754 0.92
v 2.41146 2.587522 0.92
v 2.407292 2.578428 0.92
v 2.400789 2.640623 0.92
v 2.405274 2.635984 0.92
v 2.409736 2.628804 0.92
v 2.412894 2.619281 0.92
v 2.381666 2.650275 0.92
v 2.392184 2.646391 0.92
v 2.471628 2.591276 0.921
v 2.466637 2.577489 0.921
v 2.512584 2.591276 0.921
v 2.51745 2.577489 0.921
v 2.489876 2.641995 0.921
v 2.48398 2.666139 0.921
v 2.437503 2.544112 0.921
v 2.454909 2.544112 0.921
v 2.490932 2.645637 0.921
v 2.491872 2.650542 0.921
v 2.500824 2.666139 0.921
v 2.492246 2.650542 0.921
v 2.493233 2.64538 0.921
v 2.494149 2.641995 0.921
v 2.547301 2.544112 0.921
v 2.529896 2.544112 0.921
v 2.471628 2.591276 0.92
v 2.512584 2.591276 0.92
v 2.494149 2.641995 0.92
v 2.492246 2.650542 0.92
v 2.493233 2.64538 0.92
v 2.491872 2.650542 0.92
v 2.489876 2.641995 0.92
v 2.490932 2.645637 0.92
v 2.123205 2.364442 0.921
v 2.123205 2.35053 0.921
v 2.073328 2.364442 0.921
v 2.073328 2.405492 0.921
v 2.116966 2.405492 0.921
v 2.116966 2.419466 0.921
v 2.073328 2.419466 0.921
v 2.073328 2.45852 0.921
v 2.120429 2.45852 0.921
v 2.120429 2.472556 0.921
v 2.057575 2.472556 0.921
v 2.057575 2.35053 0.921
v 2.192578 2.35053 0.921
v 2.207862 2.35053 0.921
v 2.192578 2.364006 0.921
v 2.207862 2.406615 0.921
v 2.192578 2.405929 0.921
v 2.159364 2.38767 0.921
v 2.162972 2.389388 0.921
v 2.192172 2.364006 0.921
v 2.18411 2.36625 0.921
v 2.189749 2.360326 0.921
v 2.179791 2.363336 0.921
v 2.172177 2.391518 0.921
v 2.192578 2.394263 0.921
v 2.192578 2.385903 0.921
v 2.192563 2.384889 0.921
v 2.191579 2.378069 0.921
v 2.189337 2.372616 0.921
v 2.186027 2.368123 0.921
v 2.192046 2.412687 0.921
v 2.206591 2.418575 0.921
v 2.190466 2.418129 0.921
v 2.204161 2.425409 0.921
v 2.18867 2.421277 0.921
v 2.201005 2.430282 0.921
v 2.186359 2.423735 0.921
v 2.196894 2.434131 0.921
v 2.183646 2.425484 0.921
v 2.191775 2.436991 0.921
v 2.1801 2.426722 0.921
v 2.185256 2.438908 0.921
v 2.174922 2.427265 0.921
v 2.176358 2.439679 0.921
v 2.165559 2.426262 0.921
v 2.160964 2.437825 0.921
v 2.156012 2.422933 0.921
v 2.149584 2.433439 0.921
v 2.14635 2.416721 0.921
v 2.14635 2.431569 0.921
v 2.156467 2.366248 0.921
v 2.145321 2.355334 0.921
v 2.157766 2.364941 0.921
v 2.150468 2.351743 0.921
v 2.160812 2.362861 0.921
v 2.156328 2.349533 0.921
v 2.16427 2.361593 0.921
v 2.165471 2.348472 0.921
v 2.169433 2.361011 0.921
v 2.173373 2.349349 0.921
v 2.175154 2.361651 0.921
v 2.179567 2.351592 0.921
v 2.184917 2.355144 0.921
v 2.16675 2.40231 0.921
v 2.15501 2.399392 0.921
v 2.157392 2.386153 0.921
v 2.148563 2.396048 0.921
v 2.155563 2.383888 0.921
v 2.143916 2.391975 0.921
v 2.154221 2.381037 0.921
v 2.140887 2.38758 0.921
v 2.153467 2.377536 0.921
v 2.138816 2.382171 0.921
v 2.153337 2.37511 0.921
v 2.137835 2.373863 0.921
v 2.153725 2.371601 0.921
v 2.138587 2.366935 0.921
v 2.15473 2.368824 0.921
v 2.140435 2.361763 0.921
v 2.143611 2.357067 0.921
v 2.157392 2.386153 0.92
v 2.159364 2.38767 0.92
v 2.162972 2.389388 0.92
v 2.172177 2.391518 0.92
v 2.153337 2.37511 0.92
v 2.153467 2.377536 0.92
v 2.154221 2.381037 0.92
v 2.155563 2.383888 0.92
v 2.157766 2.364941 0.92
v 2.156467 2.366248 0.92
v 2.15473 2.368824 0.92
v 2.153725 2.371601 0.92
v 2.169433 2.361011 0.92
v 2.16427 2.361593 0.92
v 2.160812 2.362861 0.92
v 2.186027 2.368123 0.92
v 2.18411 2.36625 0.92
v 2.179791 2.363336 0.92
v 2.175154 2.361651 0.92
v 2.192578 2.385903 0.92
v 2.192563 2.384889 0.92
v 2.191579 2.378069 0.92
v 2.189337 2.372616 0.92
v 2.192578 2.394263 0.92
v 2.253716 2.360949 0.921
v 2.234084 2.365921 0.921
v 2.243644 2.362189 0.921
v 2.228574 2.369371 0.921
v 2.228574 2.353587 0.921
v 2.238598 2.349978 0.921
v 2.252218 2.348472 0.921
v 2.264519 2.349743 0.921
v 2.272923 2.352637 0.921
v 2.277609 2.355397 0.921
v 2.281982 2.359221 0.921
v 2.284831 2.363252 0.921
v 2.286708 2.368096 0.921
v 2.287435 2.374237 0.921
v 2.286803 2.379931 0.921
v 2.285172 2.384438 0.921
v 2.282319 2.388648 0.921
v 2.278675 2.3919 0.921
v 2.268523 2.397545 0.921
v 2.262605 2.39994 0.921
v 2.253146 2.404057 0.921
v 2.247757 2.407426 0.921
v 2.246267 2.409066 0.921
v 2.245166 2.411129 0.921
v 2.244559 2.413503 0.921
v 2.24442 2.415536 0.921
v 2.244696 2.417974 0.921
v 2.245451 2.420037 0.921
v 2.246762 2.421982 0.921
v 2.249068 2.424021 0.921
v 2.252495 2.425843 0.921
v 2.256584 2.426925 0.921
v 2.261108 2.427265 0.921
v 2.271568 2.426021 0.921
v 2.280242 2.422717 0.921
v 2.283255 2.420964 0.921
v 2.283255 2.435811 0.921
v 2.272618 2.438855 0.921
v 2.262605 2.439679 0.921
v 2.251198 2.438417 0.921
v 2.24285 2.43539 0.921
v 2.238462 2.432755 0.921
v 2.233931 2.428681 0.921
v 2.231091 2.42455 0.921
v 2.22927 2.419629 0.921
v 2.228667 2.414164 0.921
v 2.229325 2.408229 0.921
v 2.23101 2.403562 0.921
v 2.233003 2.400376 0.921
v 2.251812 2.388835 0.921
v 2.242702 2.393011 0.921
v 2.235504 2.397761 0.921
v 2.261849 2.384632 0.921
v 2.267814 2.381037 0.921
v 2.269719 2.379054 0.921
v 2.270901 2.377028 0.921
v 2.271595 2.374641 0.921
v 2.271745 2.37274 0.921
v 2.271428 2.369824 0.921
v 2.270651 2.36765 0.921
v 2.269317 2.365677 0.921
v 2.267563 2.36412 0.921
v 2.26617 2.363275 0.921
v 2.262226 2.361831 0.921
v 2.25439 2.360953 0.921
v 2.363202 2.437683 0.921
v 2.379048 2.437683 0.921
v 2.339402 2.372053 0.921
v 2.338232 2.36799 0.921
v 2.33753 2.365004 0.921
v 2.337125 2.365004 0.921
v 2.335253 2.372178 0.921
v 2.312483 2.437683 0.921
v 2.295389 2.437683 0.921
v 2.329576 2.350718 0.921
v 2.32287 2.334872 0.921
v 2.319876 2.329381 0.921
v 2.317029 2.326192 0.921
v 2.31424 2.324255 0.921
v 2.310895 2.322996 0.921
v 2.307211 2.322582 0.921
v 2.301666 2.323304 0.921
v 2.298539 2.324328 0.921
v 2.298539 2.310728 0.921
v 2.305022 2.309602 0.921
v 2.308396 2.309481 0.921
v 2.320602 2.312488 0.921
v 2.314571 2.310191 0.921
v 2.325941 2.31622 0.921
v 2.326983 2.317175 0.921
v 2.332576 2.323892 0.921
v 2.339495 2.337367 0.921
v 2.461147 2.364442 0.921
v 2.461147 2.35053 0.921
v 2.41127 2.364442 0.921
v 2.41127 2.405492 0.921
v 2.454909 2.405492 0.921
v 2.454909 2.419466 0.921
v 2.41127 2.419466 0.921
v 2.41127 2.45852 0.921
v 2.458371 2.45852 0.921
v 2.458371 2.472556 0.921
v 2.395517 2.472556 0.921
v 2.395517 2.35053 0.921
v 2.560105 2.384846 0.921
v 2.553945 2.377169 0.921
v 2.565144 2.367624 0.921
v 2.552432 2.375762 0.921
v 2.552287 2.358427 0.921
v 2.544539 2.370312 0.921
v 2.538352 2.353018 0.921
v 2.534425 2.366423 0.921
v 2.517762 2.35053 0.921
v 2.517668 2.364442 0.921
v 2.484198 2.35053 0.921
v 2.499951 2.364442 0.921
v 2.484198 2.472556 0.921
v 2.499951 2.45852 0.921
v 2.51901 2.472556 0.921
v 2.518386 2.45852 0.921
v 2.537642 2.470499 0.921
v 2.534479 2.456692 0.921
v 2.552369 2.465119 0.921
v 2.544997 2.452809 0.921
v 2.565144 2.456398 0.921
v 2.553602 2.447041 0.921
v 2.569508 2.452122 0.921
v 2.558087 2.442402 0.921
v 2.577046 2.441465 0.921
v 2.562549 2.435222 0.921
v 2.581542 2.429809 0.921
v 2.565707 2.425698 0.921
v 2.583547 2.413103 0.921
v 2.566984 2.412666 0.921
v 2.582929 2.403089 0.921
v 2.566606 2.405172 0.921
v 2.579559 2.389147 0.921
v 2.564273 2.393939 0.921
v 2.573108 2.37677 0.921
v 2.518386 2.45852 0.92
v 2.499951 2.45852 0.92
v 2.499951 2.364442 0.92
v 2.517668 2.364442 0.92
v 2.553945 2.377169 0.92
v 2.552432 2.375762 0.92
v 2.544539 2.370312 0.92
v 2.534425 2.366423 0.92
v 2.566984 2.412666 0.92
v 2.566606 2.405172 0.92
v 2.564273 2.393939 0.92
v 2.560105 2.384846 0.92
v 2.553602 2.447041 0.92
v 2.558087 2.442402 0.92
v 2.562549 2.435222 0.92
v 2.565707 2.425698 0.92
v 2.534479 2.456692 0.92
v 2.544997 2.452809 0.92
v 2.624441 2.397694 0.921
v 2.61945 2.383907 0.921
v 2.665397 2.397694 0.921
v 2.670263 2.383907 0.921
v 2.642689 2.448413 0.921
v 2.636793 2.472556 0.921
v 2.590316 2.35053 0.921
v 2.607722 2.35053 0.921
v 2.643745 2.452055 0.921
v 2.644685 2.45696 0.921
v 2.653637 2.472556 0.921
v 2.64506 2.45696 0.921
v 2.646046 2.451798 0.921
v 2.646962 2.448413 0.921
v 2.700115 2.35053 0.921
v 2.682709 2.35053 0.921
v 2.624441 2.397694 0.92
v 2.665397 2.397694 0.92
v 2.646962 2.448413 0.92
v 2.64506 2.45696 0.92
v 2.646046 2.451798 0.92
v 2.644685 2.45696 0.92
v 2.642689 2.448413 0.92
v 2.643745 2.452055 0.92
v 1.518676 2.333203 0.921
v 1.531586 2.317284 0.921
v 1.510828 2.409971 0.921
v 1.4957 2.560703 0.921
v 1.515027 2.570981 0.921
v 1.510481 2.62438 0.921
v 1.564619 2.626869 0.921
v 1.591515 2.563535 0.921
v 1.604775 2.590989 0.921
v 1.491907 2.421628 0.921
v 1.498985 2.355126 0.921
v 1.509961 2.351842 0.921
v 1.544665 2.628604 0.921
v 1.598737 2.411789 0.921
v 1.606794 2.408905 0.921
v 1.679141 2.388281 0.921
v 1.613774 2.404193 0.921
v 1.619363 2.397955 0.921
v 1.800604 2.452483 0.921
v 1.773709 2.498466 0.921
v 1.657452 2.437734 0.921
v 1.591515 2.412574 0.921
v 1.58303 2.411486 0.921
v 1.571643 2.464674 0.921
v 1.575453 2.408495 0.921
v 1.552481 2.457338 0.921
v 1.56867 2.403672 0.921
v 1.534745 2.445008 0.921
v 1.56524 2.400045 0.921
v 1.520405 2.428604 0.921
v 1.560756 2.392869 0.921
v 1.558199 2.384703 0.921
v 1.557768 2.376248 0.921
v 1.62386 2.461414 0.921
v 1.602916 2.466609 0.921
v 1.592382 2.467232 0.921
v 1.623132 2.390832 0.921
v 1.625113 2.382788 0.921
v 1.679141 2.379605 0.921
v 1.625125 2.374849 0.921
v 1.678665 2.370513 0.921
v 1.829235 2.538375 0.921
v 1.836176 2.538375 0.921
v 1.871747 2.585225 0.921
v 1.852696 2.536334 0.921
v 1.875988 2.583799 0.921
v 1.867837 2.530498 0.921
v 1.901808 2.57099 0.921
v 1.925343 2.551089 0.921
v 1.582405 2.647583 0.921
v 1.624236 2.614234 0.921
v 1.602793 2.665043 0.921
v 1.647479 2.631216 0.921
v 1.624801 2.6786 0.921
v 1.53644 2.576072 0.921
v 1.545532 2.576549 0.921
v 1.554642 2.628062 0.921
v 1.565951 2.57401 0.921
v 1.585402 2.566881 0.921
v 1.642273 2.451551 0.921
v 1.925538 2.389149 0.921
v 1.885123 2.423616 0.921
v 1.901938 2.36917 0.921
v 1.872303 2.413131 0.921
v 1.875467 2.356215 0.921
v 1.856999 2.406028 0.921
v 1.846587 2.350107 0.921
v 1.841381 2.40303 0.921
v 1.795399 2.350107 0.921
v 1.802339 2.40303 0.921
v 1.790511 2.350895 0.921
v 1.559374 2.368111 0.921
v 1.562808 2.360818 0.921
v 1.88129 2.521096 0.921
v 1.891244 2.509986 0.921
v 1.943054 2.52641 0.921
v 1.899325 2.495027 0.921
v 1.953664 2.499913 0.921
v 1.903416 2.478368 0.921
v 1.957638 2.47157 0.921
v 1.903848 2.470702 0.921
v 1.953661 2.44062 0.921
v 1.90176 2.453793 0.921
v 1.942766 2.413152 0.921
v 1.895776 2.438332 0.921
v 1.886227 2.424802 0.921
v 1.824897 2.653764 0.921
v 1.790916 2.613917 0.921
v 1.853737 2.620354 0.921
v 1.810498 2.590549 0.921
v 1.823901 2.562604 0.921
v 1.461365 2.510811 0.921
v 1.404359 2.49637 0.921
v 1.458773 2.48979 0.921
v 1.404115 2.488054 0.921
v 1.45982 2.476356 0.921
v 1.408315 2.45406 0.921
v 1.466056 2.45513 0.921
v 1.420748 2.421762 0.921
v 1.476355 2.437613 0.921
v 1.440553 2.393487 0.921
v 1.46763 2.3704 0.921
v 1.673573 2.3491 0.921
v 1.623054 2.366523 0.921
v 1.663296 2.329773 0.921
v 1.619019 2.359071 0.921
v 1.65003 2.314905 0.921
v 1.61431 2.35375 0.921
v 1.632752 2.302875 0.921
v 1.607719 2.349024 0.921
v 1.613404 2.295438 0.921
v 1.600205 2.346022 0.921
v 1.592382 2.292846 0.921
v 1.591515 2.344902 0.921
v 1.589068 2.292907 0.921
v 1.590036 2.344934 0.921
v 1.568583 2.296095 0.921
v 1.582248 2.346204 0.921
v 1.548562 2.304498 0.921
v 1.574405 2.349572 0.921
v 1.567764 2.354662 0.921
v 1.664864 2.693812 0.921
v 1.675819 2.642706 0.921
v 1.706904 2.698879 0.921
v 1.707772 2.646824 0.921
v 1.744977 2.694617 0.921
v 1.737211 2.643203 0.921
v 1.788307 2.678702 0.921
v 1.764416 2.632773 0.921
v 1.78879 2.615853 0.921
v 1.478342 2.611901 0.921
v 1.450747 2.592502 0.921
v 1.480832 2.547437 0.921
v 1.444891 2.58696 0.921
v 1.468802 2.530159 0.921
v 1.424027 2.560213 0.921
v 1.410183 2.528978 0.921
v 1.797978 2.403837 0.921
v 1.777129 2.359207 0.921
v 1.779146 2.357154 0.921
v 1.800581 2.40326 0.921
v 1.784772 2.353154 0.921
v 1.770239 2.377002 0.921
v 1.771062 2.37054 0.921
v 1.773347 2.364657 0.921
v 1.790411 2.403035 0.921
v 1.784458 2.400683 0.921
v 1.770459 2.380426 0.921
v 1.779122 2.396902 0.921
v 1.775538 2.392949 0.921
v 1.772201 2.38703 0.921
v 1.797134 2.403898 0.921
v 1.591515 2.412574 0.92
v 1.598737 2.411789 0.92
v 1.606794 2.408905 0.92
v 1.613774 2.404193 0.92
v 1.619363 2.397955 0.92
v 1.623132 2.390832 0.92
v 1.625113 2.382788 0.92
v 1.625125 2.374849 0.92
v 1.623054 2.366523 0.92
v 1.619019 2.359071 0.92
v 1.61431 2.35375 0.92
v 1.607719 2.349024 0.92
v 1.600205 2.346022 0.92
v 1.591515 2.344902 0.92
v 1.590036 2.344934 0.92
v 1.582248 2.346204 0.92
v 1.574405 2.349572 0.92
v 1.567764 2.354662 0.92
v 1.562808 2.360818 0.92
v 1.559374 2.368111 0.92
v 1.557768 2.376248 0.92
v 1.558199 2.384703 0.92
v 1.560756 2.392869 0.92
v 1.56524 2.400045 0.92
v 1.56867 2.403672 0.92
v 1.575453 2.408495 0.92
v 1.58303 2.411486 0.92
v -3.01 2.1 0.2
newmtl 4
Ka 0.6470588235294118 0.6196078431372549 0.5882352941176471
Kd 0.6470588235294118 0.6196078431372549 0.5882352941176471
Ks 0.45098039215686275 0.43529411764705883 0.4117647058823529
d 0.0
endmtl
v -3.01 2.1 0.0
v -2.7 2.1 0.0
v -2.674118 2.103407 0.0
v -2.65 2.113397 0.0
v -2.629289 2.129289 0.0
v -2.613398 2.15 0.0
v -2.603407 2.174118 0.0
v -2.6 2.2 0.0
v -2.603407 2.225882 0.0
v -2.613398 2.25 0.0
v -2.629289 2.270711 0.0
v -2.65 2.286602 0.0
v -2.674118 2.296592 0.0
v -2.7 2.3 0.0
v -3.01 2.3 0.0
v -3.01 2.3 0.2
newmtl 5
Ka 0.5372549019607843 0.34901960784313724 0.33725490196078434
Kd 0.5372549019607843 0.34901960784313724 0.33725490196078434
Ks 0.3764705882352941 0.24313725490196078 0.23529411764705882
d 0.0
endmtl
v -3.01 1.7 0.2
v -3.01 1.7 0.0
v -2.7 1.7 0.0
v -2.674118 1.703407 0.0
v -2.65 1.713398 0.0
v -2.629289 1.729289 0.0
v -2.613398 1.75 0.0
v -2.603407 1.774118 0.0
v -2.6 1.8 0.0
v -2.603407 1.825882 0.0
v -2.613398 1.85 0.0
v -2.629289 1.870711 0.0
v -2.65 1.886603 0.0
v -2.674118 1.896592 0.0
v -2.7 1.9 0.0
v -3.01 1.9 0.0
v -3.01 1.9 0.2
v -3.01 1.3 0.2
v -3.01 1.3 0.0
v -2.7 1.3 0.0
v -2.674118 1.303407 0.0
v -2.65 1.313397 0.0
v -2.629289 1.329289 0.0
v -2.613398 1.35 0.0
v -2.603407 1.374118 0.0
v -2.6 1.4 0.0
v -2.603407 1.425882 0.0
v -2.613398 1.45 0.0
v -2.629289 1.470711 0.0
v -2.65 1.486603 0.0
v -2.674118 1.496593 0.0
v -2.7 1.5 0.0
v -3.01 1.5 0.0
v -3.01 1.5 0.2
v -3.01 0.9 0.2
v -3.01 0.9 0.0
v -2.7 0.9 0.0
v -2.674118 0.903407 0.0
v -2.65 0.913397 0.0
v -2.629289 0.929289 0.0
v -2.613398 0.95 0.0
v -2.603407 0.974118 0.0
v -2.6 1.0 0.0
v -2.603407 1.025882 0.0
v -2.613398 1.05 0.0
v -2.629289 1.070711 0.0
v -2.65 1.086603 0.0
v -2.674118 1.096593 0.0
v -2.7 1.1 0.0
v -3.01 1.1 0.0
v -3.01 1.1 0.2
v -3.01 0.5 0.2
v -3.01 0.5 0.0
v -2.7 0.5 0.0
v -2.674118 0.503407 0.0
v -2.65 0.513397 0.0
v -2.629289 0.529289 0.0
v -2.613398 0.55 0.0
v -2.603407 0.574118 0.0
v -2.6 0.6 0.0
v -2.603407 0.625882 0.0
v -2.613398 0.65 0.0
v -2.629289 0.670711 0.0
v -2.65 0.686603 0.0
v -2.674118 0.696593 0.0
v -2.7 0.7 0.0
v -3.01 0.7 0.0
v -3.01 0.7 0.2
v -3.01 0.1 0.2
v -3.01 0.1 0.0
v -2.7 0.1 0.0
v -2.674118 0.103407 0.0
v -2.65 0.113397 0.0
v -2.629289 0.129289 0.0
v -2.613398 0.15 0.0
v -2.603407 0.174118 0.0
v -2.6 0.2 0.0
v -2.603407 0.225882 0.0
v -2.613398 0.25 0.0
v -2.629289 0.270711 0.0
v -2.65 0.286603 0.0
v -2.674118 0.296593 0.0
v -2.7 0.3 0.0
v -3.01 0.3 0.0
v -3.01 0.3 0.2
v -3.01 -0.3 0.2
v -3.01 -0.3 0.0
v -2.7 -0.3 0.0
v -2.674118 -0.296593 0.0
v -2.65 -0.286603 0.0
v -2.629289 -0.270711 0.0
v -2.613398 -0.25 0.0
v -2.603407 -0.225882 0.0
v -2.6 -0.2 0.0
v -2.603407 -0.174118 0.0
v -2.613398 -0.15 0.0
v -2.629289 -0.129289 0.0
v -2.65 -0.113397 0.0
v -2.674118 -0.103407 0.0
v -2.7 -0.1 0.0
v -3.01 -0.1 0.0
v -3.01 -0.1 0.2
v -3.01 -0.7 0.2
v -3.01 -0.7 0.0
v -2.7 -0.7 0.0
v -2.674118 -0.696593 0.0
v -2.65 -0.686603 0.0
v -2.629289 -0.670711 0.0
v -2.613398 -0.65 0.0
v -2.603407 -0.625882 0.0
v -2.6 -0.6 0.0
v -2.603407 -0.574118 0.0
v -2.613398 -0.55 0.0
v -2.629289 -0.529289 0.0
v -2.65 -0.513397 0.0
v -2.674118 -0.503407 0.0
v -2.7 -0.5 0.0
v -3.01 -0.5 0.0
v -3.01 -0.5 0.2
v -3.01 -1.1 0.2
v -3.01 -1.1 0.0
v -2.7 -1.1 0.0
v -2.674118 -1.096593 0.0
v -2.65 -1.086603 0.0
v -2.629289 -1.070711 0.0
v -2.613398 -1.05 0.0
v -2.603407 -1.025882 0.0
v -2.6 -1.0 0.0
v -2.603407 -0.974118 0.0
v -2.613398 -0.95 0.0
v -2.629289 -0.929289 0.0
v -2.65 -0.913397 0.0
v -2.674118 -0.903407 0.0
v -2.7 -0.9 0.0
v -3.01 -0.9 0.0
v -3.01 -0.9 0.2
v -3.01 -1.5 0.2
v -3.01 -1.5 0.0
v -2.7 -1.5 0.0
v -2.674118 -1.496593 0.0
v -2.65 -1.486603 0.0
v -2.629289 -1.470711 0.0
v -2.613398 -1.45 0.0
v -2.603407 -1.425882 0.0
v -2.6 -1.4 0.0
v -2.603407 -1.374118 0.0
v -2.613398 -1.35 0.0
v -2.629289 -1.329289 0.0
v -2.65 -1.313397 0.0
v -2.674118 -1.303407 0.0
v -2.7 -1.3 0.0
v -3.01 -1.3 0.0
v -3.01 -1.3 0.2
v -3.01 -1.9 0.2
v -3.01 -1.9 0.0
v -2.7 -1.9 0.0
v -2.674118 -1.896592 0.0
v -2.65 -1.886603 0.0
v -2.629289 -1.870711 0.0
v -2.613398 -1.85 0.0
v -2.603407 -1.825882 0.0
v -2.6 -1.8 0.0
v -2.603407 -1.774118 0.0
v -2.613398 -1.75 0.0
v -2.629289 -1.729289 0.0
v -2.65 -1.713398 0.0
v -2.674118 -1.703407 0.0
v -2.7 -1.7 0.0
v -3.01 -1.7 0.0
v -3.01 -1.7 0.2
v -3.01 -2.3 0.2
v -3.01 -2.3 0.0
v -2.7 -2.3 0.0
v -2.674118 -2.296592 0.0
v -2.65 -2.286602 0.0
v -2.629289 -2.270711 0.0
v -2.613398 -2.25 0.0
v -2.603407 -2.225882 0.0
v -2.6 -2.2 0.0
v -2.603407 -2.174118 0.0
v -2.613398 -2.15 0.0
v -2.629289 -2.129289 0.0
v -2.65 -2.113397 0.0
v -2.674118 -2.103407 0.0
v -2.7 -2.1 0.0
v -3.01 -2.1 0.0
v -3.01 -2.1 0.2
v -2.1 -3.01 0.2
v -2.1 -3.01 0.0
v -2.1 -2.7 0.0
v -2.103407 -2.674118 0.0
v -2.113397 -2.65 0.0
v -2.129289 -2.629289 0.0
v -2.15 -2.613398 0.0
v -2.174118 -2.603407 0.0
v -2.2 -2.6 0.0
v -2.225882 -2.603407 0.0
v -2.25 -2.613398 0.0
v -2.270711 -2.629289 0.0
v -2.286602 -2.65 0.0
v -2.296592 -2.674118 0.0
v -2.3 -2.7 0.0
v -2.3 -3.01 0.0
v -2.3 -3.01 0.2
v -1.7 -3.01 0.2
v -1.7 -3.01 0.0
v -1.7 -2.7 0.0
v -1.703407 -2.674118 0.0
v -1.713398 -2.65 0.0
v -1.729289 -2.629289 0.0
v -1.75 -2.613398 0.0
v -1.774118 -2.603407 0.0
v -1.8 -2.6 0.0
v -1.825882 -2.603407 0.0
v -1.85 -2.613398 0.0
v -1.870711 -2.629289 0.0
v -1.886603 -2.65 0.0
v -1.896592 -2.674118 0.0
v -1.9 -2.7 0.0
v -1.9 -3.01 0.0
v -1.9 -3.01 0.2
v -1.3 -3.01 0.2
v -1.3 -3.01 0.0
v -1.3 -2.7 0.0
v -1.303407 -2.674118 0.0
v -1.313397 -2.65 0.0
v -1.329289 -2.629289 0.0
v -1.35 -2.613398 0.0
v -1.374118 -2.603407 0.0
v -1.4 -2.6 0.0
v -1.425882 -2.603407 0.0
v -1.45 -2.613398 0.0
v -1.470711 -2.629289 0.0
v -1.486603 -2.65 0.0
v -1.496593 -2.674118 0.0
v -1.5 -2.7 0.0
v -1.5 -3.01 0.0
v -1.5 -3.01 0.2
v -0.9 -3.01 0.2
v -0.9 -3.01 0.0
v -0.9 -2.7 0.0
v -0.903407 -2.674118 0.0
v -0.913397 -2.65 0.0
v -0.929289 -2.629289 0.0
v -0.95 -2.613398 0.0
v -0.974118 -2.603407 0.0
v -1.0 -2.6 0.0
v -1.025882 -2.603407 0.0
v -1.05 -2.613398 0.0
v -1.070711 -2.629289 0.0
v -1.086603 -2.65 0.0
v -1.096593 -2.674118 0.0
v -1.1 -2.7 0.0
v -1.1 -3.01 0.0
v -1.1 -3.01 0.2
v -0.5 -3.01 0.2
v -0.5 -3.01 0.0
v -0.5 -2.7 0.0
v -0.503407 -2.674118 0.0
v -0.513397 -2.65 0.0
v -0.529289 -2.629289 0.0
v -0.55 -2.613398 0.0
v -0.574118 -2.603407 0.0
v -0.6 -2.6 0.0
v -0.625882 -2.603407 0.0
v -0.65 -2.613398 0.0
v -0.670711 -2.629289 0.0
v -0.686603 -2.65 0.0
v -0.696593 -2.674118 0.0
v -0.7 -2.7 0.0
v -0.7 -3.01 0.0
v -0.7 -3.01 0.2
v -0.1 -3.01 0.2
v -0.1 -3.01 0.0
v -0.1 -2.7 0.0
v -0.103407 -2.674118 0.0
v -0.113397 -2.65 0.0
v -0.129289 -2.629289 0.0
v -0.15 -2.613398 0.0
v -0.174118 -2.603407 0.0
v -0.2 -2.6 0.0
v -0.225882 -2.603407 0.0
v -0.25 -2.613398 0.0
v -0.270711 -2.629289 0.0
v -0.286603 -2.65 0.0
v -0.296593 -2.674118 0.0
v -0.3 -2.7 0.0
v -0.3 -3.01 0.0
v -0.3 -3.01 0.2
v 0.3 -3.01 0.2
v 0.3 -3.01 0.0
v 0.3 -2.7 0.0
v 0.296593 -2.674118 0.0
v 0.286603 -2.65 0.0
v 0.270711 -2.629289 0.0
v 0.25 -2.613398 0.0
v 0.225882 -2.603407 0.0
v 0.2 -2.6 0.0
v 0.174118 -2.603407 0.0
v 0.15 -2.613398 0.0
v 0.129289 -2.629289 0.0
v 0.113397 -2.65 0.0
v 0.103407 -2.674118 0.0
v 0.1 -2.7 0.0
v 0.1 -3.01 0.0
v 0.1 -3.01 0.2
v 0.7 -3.01 0.2
v 0.7 -3.01 0.0
v 0.7 -2.7 0.0
v 0.696593 -2.674118 0.0
v 0.686603 -2.65 0.0
v 0.670711 -2.629289 0.0
v 0.65 -2.613398 0.0
v 0.625882 -2.603407 0.0
v 0.6 -2.6 0.0
v 0.574118 -2.603407 0.0
v 0.55 -2.613398 0.0
v 0.529289 -2.629289 0.0
v 0.513397 -2.65 0.0
v 0.503407 -2.674118 0.0
v 0.5 -2.7 0.0
v 0.5 -3.01 0.0
v 0.5 -3.01 0.2
v 1.1 -3.01 0.2
v 1.1 -3.01 0.0
v 1.1 -2.7 0.0
v 1.096593 -2.674118 0.0
v 1.086603 -2.65 0.0
v 1.070711 -2.629289 0.0
v 1.05 -2.613398 0.0
v 1.025882 -2.603407 0.0
v 1.0 -2.6 0.0
v 0.974118 -2.603407 0.0
v 0.95 -2.613398 0.0
v 0.929289 -2.629289 0.0
v 0.913397 -2.65 0.0
v 0.903407 -2.674118 0.0
v 0.9 -2.7 0.0
v 0.9 -3.01 0.0
v 0.9 -3.01 0.2
v 1.5 -3.01 0.2
v 1.5 -3.01 0.0
v 1.5 -2.7 0.0
v 1.496593 -2.674118 0.0
v 1.486603 -2.65 0.0
v 1.470711 -2.629289 0.0
v 1.45 -2.613398 0.0
v 1.425882 -2.603407 0.0
v 1.4 -2.6 0.0
v 1.374118 -2.603407 0.0
v 1.35 -2.613398 0.0
v 1.329289 -2.629289 0.0
v 1.313397 -2.65 0.0
v 1.303407 -2.674118 0.0
v 1.3 -2.7 0.0
v 1.3 -3.01 0.0
v 1.3 -3.01 0.2
v 1.9 -3.01 0.2
v 1.9 -3.01 0.0
v 1.9 -2.7 0.0
v 1.896592 -2.674118 0.0
v 1.886603 -2.65 0.0
v 1.870711 -2.629289 0.0
v 1.85 -2.613398 0.0
v 1.825882 -2.603407 0.0
v 1.8 -2.6 0.0
v 1.774118 -2.603407 0.0
v 1.75 -2.613398 0.0
v 1.729289 -2.629289 0.0
v 1.713398 -2.65 0.0
v 1.703407 -2.674118 0.0
v 1.7 -2.7 0.0
v 1.7 -3.01 0.0
v 1.7 -3.01 0.2
v 2.3 -3.01 0.2
v 2.3 -3.01 0.0
v 2.3 -2.7 0.0
v 2.296592 -2.674118 0.0
v 2.286602 -2.65 0.0
v 2.270711 -2.629289 0.0
v 2.25 -2.613398 0.0
v 2.225882 -2.603407 0.0
v 2.2 -2.6 0.0
v 2.174118 -2.603407 0.0
v 2.15 -2.613398 0.0
v 2.129289 -2.629289 0.0
v 2.113397 -2.65 0.0
v 2.103407 -2.674118 0.0
v 2.1 -2.7 0.0
v 2.1 -3.01 0.0
v 2.1 -3.01 0.2
v 3.01 -2.1 0.2
v 3.01 -2.1 0.0
v 2.7 -2.1 0.0
v 2.674118 -2.103407 0.0
v 2.65 -2.113397 0.0
v 2.629289 -2.129289 0.0
v 2.613398 -2.15 0.0
v 2.603407 -2.174118 0.0
v 2.6 -2.2 0.0
v 2.603407 -2.225882 0.0
v 2.613398 -2.25 0.0
v 2.629289 -2.270711 0.0
v 2.65 -2.286602 0.0
v 2.674118 -2.296592 0.0
v 2.7 -2.3 0.0
v 3.01 -2.3 0.0
v 3.01 -2.3 0.2
v 3.01 -1.7 0.2
v 3.01 -1.7 0.0
v 2.7 -1.7 0.0
v 2.674118 -1.703407 0.0
v 2.65 -1.713398 0.0
v 2.629289 -1.729289 0.0
v 2.613398 -1.75 0.0
v 2.603407 -1.774118 0.0
v 2.6 -1.8 0.0
v 2.603407 -1.825882 0.0
v 2.613398 -1.85 0.0
v 2.629289 -1.870711 0.0
v 2.65 -1.886603 0.0
v 2.674118 -1.896592 0.0
v 2.7 -1.9 0.0
v 3.01 -1.9 0.0
v 3.01 -1.9 0.2
v 3.01 -1.3 0.2
v 3.01 -1.3 0.0
v 2.7 -1.3 0.0
v 2.674118 -1.303407 0.0
v 2.65 -1.313397 0.0
v 2.629289 -1.329289 0.0
v 2.613398 -1.35 0.0
v 2.603407 -1.374118 0.0
v 2.6 -1.4 0.0
v 2.603407 -1.425882 0.0
v 2.613398 -1.45 0.0
v 2.629289 -1.470711 0.0
v 2.65 -1.486603 0.0
v 2.674118 -1.496593 0.0
v 2.7 -1.5 0.0
v 3.01 -1.5 0.0
v 3.01 -1.5 0.2
v 3.01 -0.9 0.2
v 3.01 -0.9 0.0
v 2.7 -0.9 0.0
v 2.674118 -0.903407 0.0
v 2.65 -0.913397 0.0
v 2.629289 -0.929289 0.0
v 2.613398 -0.95 0.0
v 2.603407 -0.974118 0.0
v 2.6 -1.0 0.0
v 2.603407 -1.025882 0.0
v 2.613398 -1.05 0.0
v 2.629289 -1.070711 0.0
v 2.65 -1.086603 0.0
v 2.674118 -1.096593 0.0
v 2.7 -1.1 0.0
v 3.01 -1.1 0.0
v 3.01 -1.1 0.2
v 3.01 -0.5 0.2
v 3.01 -0.5 0.0
v 2.7 -0.5 0.0
v 2.674118 -0.503407 0.0
v 2.65 -0.513397 0.0
v 2.629289 -0.529289 0.0
v 2.613398 -0.55 0.0
v 2.603407 -0.574118 0.0
v 2.6 -0.6 0.0
v 2.603407 -0.625882 0.0
v 2.613398 -0.65 0.0
v 2.629289 -0.670711 0.0
v 2.65 -0.686603 0.0
v 2.674118 -0.696593 0.0
v 2.7 -0.7 0.0
v 3.01 -0.7 0.0
v 3.01 -0.7 0.2
v 3.01 -0.1 0.2
v 3.01 -0.1 0.0
v 2.7 -0.1 0.0
v 2.674118 -0.103407 0.0
v 2.65 -0.113397 0.0
v 2.629289 -0.129289 0.0
v 2.613398 -0.15 0.0
v 2.603407 -0.174118 0.0
v 2.6 -0.2 0.0
v 2.603407 -0.225882 0.0
v 2.613398 -0.25 0.0
v 2.629289 -0.270711 0.0
v 2.65 -0.286603 0.0
v 2.674118 -0.296593 0.0
v 2.7 -0.3 0.0
v 3.01 -0.3 0.0
v 3.01 -0.3 0.2
v 3.01 0.3 0.2
v 3.01 0.3 0.0
v 2.7 0.3 0.0
v 2.674118 0.296593 0.0
v 2.65 0.286603 0.0
v 2.629289 0.270711 0.0
v 2.613398 0.25 0.0
v 2.603407 0.225882 0.0
v 2.6 0.2 0.0
v 2.603407 0.174118 0.0
v 2.613398 0.15 0.0
v 2.629289 0.129289 0.0
v 2.65 0.113397 0.0
v 2.674118 0.103407 0.0
v 2.7 0.1 0.0
v 3.01 0.1 0.0
v 3.01 0.1 0.2
v 3.01 0.7 0.2
v 3.01 0.7 0.0
v 2.7 0.7 0.0
v 2.674118 0.696593 0.0
v 2.65 0.686603 0.0
v 2.629289 0.670711 0.0
v 2.613398 0.65 0.0
v 2.603407 0.625882 0.0
v 2.6 0.6 0.0
v 2.603407 0.574118 0.0
v 2.613398 0.55 0.0
v 2.629289 0.529289 0.0
v 2.65 0.513397 0.0
v 2.674118 0.503407 0.0
v 2.7 0.5 0.0
v 3.01 0.5 0.0
v 3.01 0.5 0.2
v 3.01 1.1 0.2
v 3.01 1.1 0.0
v 2.7 1.1 0.0
v 2.674118 1.096593 0.0
v 2.65 1.086603 0.0
v 2.629289 1.070711 0.0
v 2.613398 1.05 0.0
v 2.603407 1.025882 0.0
v 2.6 1.0 0.0
v 2.603407 0.974118 0.0
v 2.613398 0.95 0.0
v 2.629289 0.929289 0.0
v 2.65 0.913397 0.0
v 2.674118 0.903407 0.0
v 2.7 0.9 0.0
v 3.01 0.9 0.0
v 3.01 0.9 0.2
v 3.01 1.5 0.2
v 3.01 1.5 0.0
v 2.7 1.5 0.0
v 2.674118 1.496593 0.0
v 2.65 1.486603 0.0
v 2.629289 1.470711 0.0
v 2.613398 1.45 0.0
v 2.603407 1.425882 0.0
v 2.6 1.4 0.0
v 2.603407 1.374118 0.0
v 2.613398 1.35 0.0
v 2.629289 1.329289 0.0
v 2.65 1.313397 0.0
v 2.674118 1.303407 0.0
v 2.7 1.3 0.0
v 3.01 1.3 0.0
v 3.01 1.3 0.2
v 3.01 1.9 0.2
v 3.01 1.9 0.0
v 2.7 1.9 0.0
v 2.674118 1.896592 0.0
v 2.65 1.886603 0.0
v 2.629289 1.870711 0.0
v 2.613398 1.85 0.0
v 2.603407 1.825882 0.0
v 2.6 1.8 0.0
v 2.603407 1.774118 0.0
v 2.613398 1.75 0.0
v 2.629289 1.729289 0.0
v 2.65 1.713398 0.0
v 2.674118 1.703407 0.0
v 2.7 1.7 0.0
v 3.01 1.7 0.0
v 3.01 1.7 0.2
v 3.01 2.3 0.2
v 3.01 2.3 0.0
v 2.7 2.3 0.0
v 2.674118 2.296592 0.0
v 2.65 2.286602 0.0
v 2.629289 2.270711 0.0
v 2.613398 2.25 0.0
v 2.603407 2.225882 0.0
v 2.6 2.2 0.0
v 2.603407 2.174118 0.0
v 2.613398 2.15 0.0
v 2.629289 2.129289 0.0
v 2.65 2.113397 0.0
v 2.674118 2.103407 0.0
v 2.7 2.1 0.0
v 3.01 2.1 0.0
v 3.01 2.1 0.2
v 2.1 3.01 0.2
v 2.1 3.01 0.0
v 2.1 2.7 0.0
v 2.103407 2.674118 0.0
v 2.113397 2.65 0.0
v 2.129289 2.629289 0.0
v 2.15 2.613398 0.0
v 2.174118 2.603407 0.0
v 2.2 2.6 0.0
v 2.225882 2.603407 0.0
v 2.25 2.613398 0.0
v 2.270711 2.629289 0.0
v 2.286602 2.65 0.0
v 2.296592 2.674118 0.0
v 2.3 2.7 0.0
v 2.3 3.01 0.0
v 2.3 3.01 0.2
v 1.7 3.01 0.2
v 1.7 3.01 0.0
v 1.7 2.7 0.0
v 1.703407 2.674118 0.0
v 1.713398 2.65 0.0
v 1.729289 2.629289 0.0
v 1.75 2.613398 0.0
v 1.774118 2.603407 0.0
v 1.8 2.6 0.0
v 1.825882 2.603407 0.0
v 1.85 2.613398 0.0
v 1.870711 2.629289 0.0
v 1.886603 2.65 0.0
v 1.896592 2.674118 0.0
v 1.9 2.7 0.0
v 1.9 3.01 0.0
v 1.9 3.01 0.2
v 1.3 3.01 0.2
v 1.3 3.01 0.0
v 1.3 2.7 0.0
v 1.303407 2.674118 0.0
v 1.313397 2.65 0.0
v 1.329289 2.629289 0.0
v 1.35 2.613398 0.0
v 1.374118 2.603407 0.0
v 1.4 2.6 0.0
v 1.425882 2.603407 0.0
v 1.45 2.613398 0.0
v 1.470711 2.629289 0.0
v 1.486603 2.65 0.0
v 1.496593 2.674118 0.0
v 1.5 2.7 0.0
v 1.5 3.01 0.0
v 1.5 3.01 0.2
v 0.9 3.01 0.2
v 0.9 3.01 0.0
v 0.9 2.7 0.0
v 0.903407 2.674118 0.0
v 0.913397 2.65 0.0
v 0.929289 2.629289 0.0
v 0.95 2.613398 0.0
v 0.974118 2.603407 0.0
v 1.0 2.6 0.0
v 1.025882 2.603407 0.0
v 1.05 2.613398 0.0
v 1.070711 2.629289 0.0
v 1.086603 2.65 0.0
v 1.096593 2.674118 0.0
v 1.1 2.7 0.0
v 1.1 3.01 0.0
v 1.1 3.01 0.2
v 0.5 3.01 0.2
v 0.5 3.01 0.0
v 0.5 2.7 0.0
v 0.503407 2.674118 0.0
v 0.513397 2.65 0.0
v 0.529289 2.629289 0.0
v 0.55 2.613398 0.0
v 0.574118 2.603407 0.0
v 0.6 2.6 0.0
v 0.625882 2.603407 0.0
v 0.65 2.613398 0.0
v 0.670711 2.629289 0.0
v 0.686603 2.65 0.0
v 0.696593 2.674118 0.0
v 0.7 2.7 0.0
v 0.7 3.01 0.0
v 0.7 3.01 0.2
v 0.1 3.01 0.2
v 0.1 3.01 0.0
v 0.1 2.7 0.0
v 0.103407 2.674118 0.0
v 0.113397 2.65 0.0
v 0.129289 2.629289 0.0
v 0.15 2.613398 0.0
v 0.174118 2.603407 0.0
v 0.2 2.6 0.0
v 0.225882 2.603407 0.0
v 0.25 2.613398 0.0
v 0.270711 2.629289 0.0
v 0.286603 2.65 0.0
v 0.296593 2.674118 0.0
v 0.3 2.7 0.0
v 0.3 3.01 0.0
v 0.3 3.01 0.2
v -0.3 3.01 0.2
v -0.3 3.01 0.0
v -0.3 2.7 0.0
v -0.296593 2.674118 0.0
v -0.286603 2.65 0.0
v -0.270711 2.629289 0.0
v -0.25 2.613398 0.0
v -0.225882 2.603407 0.0
v -0.2 2.6 0.0
v -0.174118 2.603407 0.0
v -0.15 2.613398 0.0
v -0.129289 2.629289 0.0
v -0.113397 2.65 0.0
v -0.103407 2.674118 0.0
v -0.1 2.7 0.0
v -0.1 3.01 0.0
v -0.1 3.01 0.2
v -0.7 3.01 0.2
v -0.7 3.01 0.0
v -0.7 2.7 0.0
v -0.696593 2.674118 0.0
v -0.686603 2.65 0.0
v -0.670711 2.629289 0.0
v -0.65 2.613398 0.0
v -0.625882 2.603407 0.0
v -0.6 2.6 0.0
v -0.574118 2.603407 0.0
v -0.55 2.613398 0.0
v -0.529289 2.629289 0.0
v -0.513397 2.65 0.0
v -0.503407 2.674118 0.0
v -0.5 2.7 0.0
v -0.5 3.01 0.0
v -0.5 3.01 0.2
v -1.1 3.01 0.2
v -1.1 3.01 0.0
v -1.1 2.7 0.0
v -1.096593 2.674118 0.0
v -1.086603 2.65 0.0
v -1.070711 2.629289 0.0
v -1.05 2.613398 0.0
v -1.025882 2.603407 0.0
v -1.0 2.6 0.0
v -0.974118 2.603407 0.0
v -0.95 2.613398 0.0
v -0.929289 2.629289 0.0
v -0.913397 2.65 0.0
v -0.903407 2.674118 0.0
v -0.9 2.7 0.0
v -0.9 3.01 0.0
v -0.9 3.01 0.2
v -1.5 3.01 0.2
v -1.5 3.01 0.0
v -1.5 2.7 0.0
v -1.496593 2.674118 0.0
v -1.486603 2.65 0.0
v -1.470711 2.629289 0.0
v -1.45 2.613398 0.0
v -1.425882 2.603407 0.0
v -1.4 2.6 0.0
v -1.374118 2.603407 0.0
v -1.35 2.613398 0.0
v -1.329289 2.629289 0.0
v -1.313397 2.65 0.0
v -1.303407 2.674118 0.0
v -1.3 2.7 0.0
v -1.3 3.01 0.0
v -1.3 3.01 0.2
v -1.9 3.01 0.2
v -1.9 3.01 0.0
v -1.9 2.7 0.0
v -1.896592 2.674118 0.0
v -1.886603 2.65 0.0
v -1.870711 2.629289 0.0
v -1.85 2.613398 0.0
v -1.825882 2.603407 0.0
v -1.8 2.6 0.0
v -1.774118 2.603407 0.0
v -1.75 2.613398 0.0
v -1.729289 2.629289 0.0
v -1.713398 2.65 0.0
v -1.703407 2.674118 0.0
v -1.7 2.7 0.0
v -1.7 3.01 0.0
v -1.7 3.01 0.2
v -2.3 3.01 0.2
v -2.3 3.01 0.0
v -2.3 2.7 0.0
v -2.296592 2.674118 0.0
v -2.286602 2.65 0.0
v -2.270711 2.629289 0.0
v -2.25 2.613398 0.0
v -2.225882 2.603407 0.0
v -2.2 2.6 0.0
v -2.174118 2.603407 0.0
v -2.15 2.613398 0.0
v -2.129289 2.629289 0.0
v -2.113397 2.65 0.0
v -2.103407 2.674118 0.0
v -2.1 2.7 0.0
v -2.1 3.01 0.0
v -2.1 3.01 0.2
v -2.05 -1.508579 0.0
v -2.046592 -1.534461 0.0
v -2.036602 -1.558579 0.0
v -2.020711 -1.579289 0.0
v -1.579289 -2.020711 0.0
v -1.558579 -2.036602 0.0
v -1.534461 -2.046592 0.0
v -1.508579 -2.05 0.0
v 1.95 -2.05 0.0
v 1.975882 -2.046592 0.0
v 2.0 -2.036602 0.0
v 2.020711 -2.020711 0.0
v 2.036602 -2.0 0.0
v 2.046592 -1.975882 0.0
v 2.05 -1.95 0.0
v 2.05 1.95 0.0
v 2.047493 1.972252 0.0
v 2.040097 1.993388 0.0
v 2.028183 2.012349 0.0
v 2.012349 2.028183 0.0
v 1.993388 2.040097 0.0
v 1.972252 2.047493 0.0
v 1.95 2.05 0.0
v -1.95 2.05 0.0
v -1.975882 2.046592 0.0
v -2.0 2.036602 0.0
v -2.020711 2.020711 0.0
v -2.036602 2.0 0.0
v -2.046592 1.975882 0.0
v -2.05 1.95 0.0
v -2.725 -3.01 0.2
v -2.725 -3.01 0.12
v -2.575 -3.01 0.2
v -2.575 -3.01 0.12
v -2.575 3.01 0.12
v -2.575 3.01 0.2
v -2.725 3.01 0.2
v -2.725 3.01 0.12
v 2.575 -3.01 0.2
v 2.575 -3.01 0.12
v 2.725 -3.01 0.2
v 2.725 -3.01 0.12
v 2.725 3.01 0.12
v 2.725 3.01 0.2
v 2.575 3.01 0.2
v 2.575 3.01 0.12
v 3.01 2.575 0.2
v 3.01 2.575 0.12
v 3.01 2.725 0.2
v 3.01 2.725 0.12
v -3.01 2.575 0.12
v -3.01 2.725 0.12
v -3.01 2.575 0.2
v -3.01 2.725 0.2
v 3.01 -2.575 0.2
v 3.01 -2.725 0.2
v 3.01 -2.575 0.12
v 3.01 -2.725 0.12
v -3.01 -2.725 0.2
v -3.01 -2.725 0.12
v -3.01 -2.575 0.2
v -3.01 -2.575 0.12
usemtl 1
f 1// 2// 3//
f 4// 5// 6//
f 7// 8// 9//
f 9// 8// 10//
f 11// 12// 3//
f 3// 12// 13//
f 3// 13// 14//
f 15// 16// 17//
f 7// 11// 8//
f 8// 11// 3//
f 8// 3// 18//
f 18// 3// 19//
f 14// 20// 3//
f 3// 20// 21//
f 3// 21// 22//
f 23// 17// 24//
f 25// 22// 26//
f 22// 25// 3//
f 3// 25// 27//
f 3// 27// 1//
f 28// 29// 30//
f 30// 29// 31//
f 32// 33// 17//
f 34// 35// 36//
f 36// 35// 37//
f 36// 37// 38//
f 38// 37// 39//
f 40// 41// 42//
f 42// 41// 43//
f 44// 45// 17//
f 17// 45// 46//
f 17// 46// 24//
f 31// 29// 2//
f 2// 29// 47//
f 2// 47// 3//
f 48// 28// 49//
f 28// 48// 29//
f 29// 48// 50//
f 29// 50// 51//
f 52// 53// 54//
f 55// 56// 16//
f 57// 58// 59//
f 24// 60// 23//
f 23// 60// 61//
f 23// 61// 62//
f 62// 61// 63//
f 62// 63// 64//
f 64// 63// 65//
f 64// 65// 66//
f 67// 68// 69//
f 69// 68// 70//
f 69// 70// 3//
f 3// 70// 71//
f 3// 71// 19//
f 72// 73// 74//
f 51// 75// 29//
f 29// 75// 76//
f 29// 76// 77//
f 78// 79// 80//
f 80// 79// 81//
f 80// 81// 82//
f 56// 83// 16//
f 16// 83// 84//
f 16// 84// 17//
f 17// 84// 85//
f 17// 85// 86//
f 87// 88// 86//
f 89// 90// 17//
f 91// 92// 93//
f 93// 92// 94//
f 93// 94// 95//
f 96// 41// 97//
f 97// 41// 98//
f 99// 100// 101//
f 102// 103// 104//
f 104// 103// 105//
f 104// 105// 106//
f 6// 5// 107//
f 107// 5// 108//
f 107// 108// 109//
f 110// 111// 112//
f 113// 114// 115//
f 115// 114// 116//
f 115// 116// 6//
f 6// 116// 117//
f 6// 117// 4//
f 26// 118// 25//
f 25// 118// 119//
f 25// 119// 120//
f 120// 119// 72//
f 120// 72// 121//
f 121// 72// 74//
f 122// 123// 124//
f 53// 15// 54//
f 54// 15// 17//
f 54// 17// 125//
f 125// 17// 29//
f 125// 29// 82//
f 82// 29// 77//
f 82// 77// 80//
f 126// 127// 128//
f 58// 129// 59//
f 59// 129// 130//
f 59// 130// 131//
f 132// 133// 134//
f 135// 136// 134//
f 96// 137// 41//
f 41// 137// 138//
f 41// 138// 64//
f 64// 138// 139//
f 64// 139// 140//
f 101// 100// 141//
f 142// 143// 144//
f 145// 146// 147//
f 148// 149// 150//
f 151// 152// 112//
f 153// 154// 155//
f 49// 156// 48//
f 48// 156// 157//
f 48// 157// 158//
f 158// 157// 122//
f 158// 122// 159//
f 159// 122// 124//
f 160// 161// 54//
f 54// 161// 162//
f 54// 162// 52//
f 88// 163// 86//
f 86// 163// 164//
f 86// 164// 17//
f 17// 164// 165//
f 17// 165// 166//
f 167// 168// 169//
f 66// 170// 64//
f 64// 170// 171//
f 64// 171// 41//
f 41// 171// 172//
f 41// 172// 43//
f 147// 173// 145//
f 145// 173// 148//
f 145// 148// 174//
f 174// 148// 150//
f 175// 176// 177//
f 178// 179// 180//
f 181// 182// 183//
f 180// 184// 185//
f 186// 187// 155//
f 78// 80// 188//
f 188// 80// 189//
f 188// 189// 190//
f 191// 192// 193//
f 55// 16// 128//
f 128// 16// 194//
f 128// 194// 126//
f 32// 17// 195//
f 195// 17// 166//
f 195// 166// 196//
f 33// 197// 198//
f 198// 197// 199//
f 198// 200// 33//
f 33// 200// 201//
f 33// 201// 17//
f 17// 201// 202//
f 17// 202// 89//
f 17// 203// 204//
f 95// 205// 93//
f 93// 205// 206//
f 93// 206// 207//
f 207// 206// 39//
f 207// 39// 208//
f 208// 39// 37//
f 140// 209// 64//
f 64// 209// 210//
f 64// 210// 211//
f 104// 212// 102//
f 102// 212// 167//
f 102// 167// 213//
f 213// 167// 169//
f 214// 215// 216//
f 216// 215// 175//
f 216// 175// 217//
f 217// 175// 177//
f 218// 219// 220//
f 220// 219// 221//
f 220// 221// 222//
f 223// 224// 225//
f 226// 227// 228//
f 228// 227// 229//
f 228// 229// 230//
f 231// 232// 233//
f 190// 234// 188//
f 188// 234// 191//
f 188// 191// 235//
f 235// 191// 193//
f 54// 236// 160//
f 160// 236// 237//
f 160// 237// 238//
f 239// 240// 241//
f 242// 243// 244//
f 87// 86// 245//
f 245// 86// 246//
f 245// 246// 247//
f 248// 249// 166//
f 166// 249// 250//
f 166// 250// 196//
f 251// 252// 253//
f 254// 255// 256//
f 256// 255// 257//
f 256// 257// 130//
f 130// 257// 258//
f 130// 258// 131//
f 259// 260// 133//
f 133// 260// 261//
f 133// 261// 262//
f 263// 264// 265//
f 266// 136// 267//
f 143// 268// 269//
f 269// 268// 270//
f 269// 270// 271//
f 272// 273// 274//
f 275// 276// 225//
f 228// 277// 226//
f 226// 277// 278//
f 226// 278// 112//
f 112// 278// 279//
f 112// 279// 280//
f 281// 282// 280//
f 280// 282// 283//
f 280// 283// 112//
f 112// 283// 284//
f 112// 284// 110//
f 285// 286// 287//
f 287// 286// 288//
f 287// 288// 289//
f 289// 288// 290//
f 291// 292// 293//
f 293// 292// 178//
f 293// 178// 183//
f 183// 178// 180//
f 233// 232// 294//
f 295// 296// 297//
f 238// 298// 160//
f 160// 298// 239//
f 160// 239// 299//
f 299// 239// 241//
f 127// 300// 128//
f 128// 300// 242//
f 128// 242// 301//
f 301// 242// 244//
f 302// 303// 304//
f 304// 303// 305//
f 304// 305// 306//
f 306// 305// 245//
f 306// 245// 307//
f 307// 245// 247//
f 199// 308// 198//
f 198// 308// 309//
f 198// 309// 310//
f 310// 309// 251//
f 310// 251// 311//
f 311// 251// 253//
f 312// 313// 314//
f 313// 312// 90//
f 90// 312// 315//
f 90// 315// 17//
f 17// 315// 316//
f 17// 316// 203//
f 204// 317// 17//
f 17// 317// 318//
f 17// 318// 319//
f 320// 321// 322//
f 320// 323// 321//
f 321// 323// 324//
f 321// 324// 325//
f 325// 326// 321//
f 321// 326// 327//
f 321// 327// 134//
f 134// 327// 328//
f 134// 328// 264//
f 265// 329// 263//
f 263// 329// 330//
f 263// 330// 331//
f 263// 332// 264//
f 264// 332// 333//
f 264// 333// 134//
f 134// 333// 334//
f 134// 334// 135//
f 267// 335// 266//
f 266// 335// 336//
f 266// 336// 337//
f 211// 210// 338//
f 338// 210// 339//
f 338// 339// 340//
f 106// 341// 104//
f 104// 341// 340//
f 104// 340// 342//
f 342// 340// 339//
f 341// 343// 340//
f 340// 343// 344//
f 340// 344// 345//
f 345// 344// 346//
f 345// 346// 144//
f 347// 348// 349//
f 349// 348// 350//
f 349// 350// 101//
f 101// 350// 351//
f 101// 351// 99//
f 352// 346// 100//
f 100// 346// 353//
f 100// 353// 141//
f 352// 354// 346//
f 346// 354// 355//
f 346// 355// 144//
f 144// 355// 356//
f 144// 356// 142//
f 357// 358// 144//
f 148// 359// 149//
f 149// 359// 360//
f 149// 360// 361//
f 361// 360// 272//
f 361// 272// 362//
f 362// 272// 274//
f 363// 364// 365//
f 146// 366// 109//
f 109// 366// 367//
f 109// 367// 107//
f 368// 369// 370//
f 371// 372// 373//
f 373// 372// 374//
f 373// 374// 375//
f 281// 376// 282//
f 282// 376// 377//
f 282// 377// 378//
f 378// 377// 379//
f 380// 181// 381//
f 381// 181// 183//
f 381// 183// 382//
f 382// 183// 180//
f 383// 384// 385//
f 386// 387// 182//
f 182// 387// 388//
f 179// 389// 180//
f 180// 389// 390//
f 180// 390// 184//
f 184// 390// 391//
f 391// 392// 184//
f 184// 392// 393//
f 184// 393// 394//
f 394// 393// 395//
f 396// 397// 398//
f 398// 397// 399//
f 398// 399// 400//
f 166// 401// 248//
f 248// 401// 402//
f 248// 402// 403//
f 404// 405// 406//
f 407// 408// 409//
f 319// 410// 17//
f 17// 410// 411//
f 17// 411// 44//
f 44// 411// 412//
f 44// 412// 413//
f 414// 415// 416//
f 416// 415// 417//
f 416// 417// 418//
f 418// 417// 259//
f 418// 259// 419//
f 419// 259// 133//
f 262// 420// 133//
f 133// 420// 421//
f 133// 421// 134//
f 134// 421// 422//
f 134// 422// 423//
f 424// 423// 425//
f 424// 426// 423//
f 423// 426// 427//
f 423// 427// 428//
f 428// 429// 423//
f 423// 429// 430//
f 423// 430// 134//
f 134// 430// 431//
f 134// 431// 321//
f 91// 432// 59//
f 59// 432// 433//
f 59// 433// 57//
f 434// 435// 436//
f 436// 435// 437//
f 436// 437// 438//
f 438// 437// 439//
f 175// 440// 176//
f 176// 440// 441//
f 176// 441// 442//
f 442// 441// 363//
f 442// 363// 443//
f 443// 363// 365//
f 218// 220// 444//
f 444// 220// 445//
f 444// 445// 446//
f 447// 448// 449//
f 214// 216// 450//
f 450// 216// 451//
f 450// 451// 225//
f 223// 225// 452//
f 453// 454// 455//
f 152// 456// 457//
f 457// 456// 454//
f 457// 454// 458//
f 458// 454// 453//
f 457// 459// 152//
f 152// 459// 460//
f 152// 460// 112//
f 112// 460// 461//
f 112// 461// 371//
f 373// 462// 371//
f 371// 462// 463//
f 371// 463// 112//
f 112// 463// 464//
f 112// 464// 226//
f 465// 466// 467//
f 467// 466// 468//
f 467// 468// 377//
f 377// 468// 469//
f 377// 469// 379//
f 470// 471// 472//
f 472// 471// 473//
f 472// 473// 474//
f 385// 384// 475//
f 388// 476// 182//
f 182// 476// 477//
f 182// 477// 183//
f 478// 479// 480//
f 480// 479// 481//
f 480// 481// 482//
f 482// 481// 483//
f 482// 483// 293//
f 293// 483// 484//
f 293// 484// 291//
f 485// 486// 487//
f 487// 486// 488//
f 487// 488// 393//
f 393// 488// 489//
f 393// 489// 395//
f 185// 490// 180//
f 180// 490// 491//
f 180// 491// 492//
f 492// 491// 398//
f 492// 398// 155//
f 155// 398// 400//
f 155// 400// 153//
f 396// 493// 397//
f 397// 493// 494//
f 397// 494// 495//
f 495// 494// 496//
f 294// 232// 154//
f 154// 232// 497//
f 154// 497// 155//
f 155// 497// 498//
f 155// 498// 186//
f 155// 112// 499//
f 499// 112// 500//
f 499// 500// 67//
f 67// 500// 501//
f 67// 501// 68//
f 403// 502// 248//
f 248// 502// 404//
f 248// 404// 503//
f 503// 404// 406//
f 314// 504// 312//
f 312// 504// 505//
f 312// 505// 506//
f 506// 505// 407//
f 506// 407// 507//
f 507// 407// 409//
f 508// 509// 510//
f 510// 509// 511//
f 510// 511// 512//
f 512// 511// 424//
f 512// 424// 513//
f 513// 424// 425//
f 514// 515// 516//
f 516// 515// 517//
f 516// 517// 330//
f 330// 517// 518//
f 330// 518// 331//
f 519// 520// 521//
f 521// 520// 522//
f 521// 522// 336//
f 336// 522// 523//
f 336// 523// 337//
f 266// 524// 136//
f 136// 524// 525//
f 136// 525// 134//
f 134// 525// 432//
f 134// 432// 526//
f 526// 432// 91//
f 526// 91// 527//
f 527// 91// 93//
f 528// 529// 530//
f 530// 529// 531//
f 530// 531// 270//
f 270// 531// 532//
f 270// 532// 271//
f 533// 534// 535//
f 535// 534// 536//
f 446// 537// 444//
f 444// 537// 447//
f 444// 447// 538//
f 538// 447// 449//
f 539// 540// 541//
f 541// 540// 542//
f 541// 542// 543//
f 369// 275// 370//
f 370// 275// 225//
f 370// 225// 544//
f 544// 225// 451//
f 544// 451// 222//
f 222// 451// 545//
f 222// 545// 220//
f 546// 224// 547//
f 547// 224// 548//
f 549// 225// 550//
f 550// 225// 224//
f 550// 224// 551//
f 551// 224// 546//
f 552// 553// 554//
f 554// 553// 555//
f 554// 555// 556//
f 556// 555// 557//
f 556// 557// 229//
f 229// 557// 558//
f 229// 558// 230//
f 474// 559// 472//
f 472// 559// 560//
f 472// 560// 561//
f 561// 560// 290//
f 561// 290// 562//
f 562// 290// 288//
f 563// 564// 111//
f 111// 564// 565//
f 111// 565// 566//
f 567// 568// 569//
f 569// 568// 570//
f 571// 572// 573//
f 573// 572// 574//
f 573// 574// 385//
f 385// 574// 575//
f 385// 575// 383//
f 576// 577// 578//
f 578// 577// 579//
f 578// 579// 494//
f 494// 579// 580//
f 494// 580// 496//
f 581// 582// 583//
f 583// 582// 584//
f 583// 584// 585//
f 585// 584// 320//
f 585// 320// 586//
f 586// 320// 322//
f 587// 588// 370//
f 370// 588// 589//
f 370// 589// 368//
f 541// 590// 539//
f 539// 590// 452//
f 539// 452// 591//
f 591// 452// 225//
f 591// 225// 592//
f 592// 225// 276//
f 549// 593// 225//
f 225// 593// 594//
f 225// 594// 595//
f 596// 597// 598//
f 598// 597// 599//
f 598// 599// 600//
f 600// 599// 564//
f 600// 564// 601//
f 601// 564// 563//
f 602// 112// 603//
f 603// 112// 111//
f 603// 111// 604//
f 604// 111// 566//
f 570// 568// 605//
f 605// 568// 606//
f 605// 606// 470//
f 475// 384// 607//
f 607// 384// 608//
f 607// 608// 386//
f 386// 608// 609//
f 386// 609// 387//
f 151// 112// 610//
f 610// 112// 155//
f 610// 155// 611//
f 611// 155// 187//
f 611// 187// 296//
f 296// 187// 612//
f 296// 612// 297//
f 434// 436// 613//
f 613// 436// 614//
f 613// 614// 615//
f 533// 616// 534//
f 534// 616// 617//
f 534// 617// 618//
f 619// 620// 144//
f 621// 622// 276//
f 276// 622// 623//
f 276// 623// 592//
f 621// 624// 622//
f 622// 624// 625//
f 622// 625// 626//
f 626// 625// 627//
f 224// 628// 548//
f 548// 628// 629//
f 548// 629// 630//
f 631// 632// 633//
f 634// 635// 636//
f 636// 635// 637//
f 636// 637// 638//
f 638// 637// 639//
f 638// 639// 374//
f 374// 639// 640//
f 374// 640// 375//
f 641// 642// 643//
f 643// 642// 644//
f 643// 644// 567//
f 567// 644// 645//
f 567// 645// 568//
f 602// 646// 112//
f 112// 646// 605//
f 112// 605// 647//
f 647// 605// 470//
f 647// 470// 648//
f 648// 470// 472//
f 649// 650// 651//
f 651// 650// 652//
f 651// 652// 653//
f 653// 652// 654//
f 653// 654// 233//
f 233// 654// 655//
f 233// 655// 231//
f 656// 657// 658//
f 658// 657// 659//
f 658// 659// 660//
f 660// 659// 439//
f 660// 439// 661//
f 661// 439// 437//
f 269// 662// 143//
f 143// 662// 663//
f 143// 663// 144//
f 144// 663// 613//
f 144// 613// 357//
f 357// 613// 615//
f 358// 664// 144//
f 144// 664// 534//
f 144// 534// 619//
f 619// 534// 618//
f 619// 618// 134//
f 134// 618// 665//
f 134// 665// 132//
f 666// 667// 619//
f 619// 667// 668//
f 619// 668// 620//
f 145// 450// 146//
f 146// 450// 225//
f 146// 225// 366//
f 366// 225// 669//
f 669// 670// 366//
f 366// 670// 671//
f 366// 671// 666//
f 666// 671// 672//
f 666// 672// 667//
f 673// 674// 675//
f 675// 674// 676//
f 675// 676// 677//
f 677// 676// 678//
f 677// 678// 543//
f 543// 678// 679//
f 543// 679// 541//
f 370// 680// 587//
f 587// 680// 681//
f 587// 681// 682//
f 683// 684// 685//
f 630// 686// 548//
f 548// 686// 631//
f 548// 631// 687//
f 687// 631// 633//
f 688// 689// 225//
f 225// 689// 690//
f 225// 690// 691//
f 692// 693// 694//
f 694// 693// 695//
f 694// 695// 455//
f 455// 695// 696//
f 455// 696// 453//
f 697// 698// 699//
f 699// 698// 700//
f 699// 700// 701//
f 701// 700// 702//
f 701// 702// 297//
f 297// 702// 703//
f 297// 703// 295//
f 704// 705// 706//
f 706// 705// 707//
f 706// 707// 708//
f 708// 707// 536//
f 708// 536// 709//
f 709// 536// 534//
f 682// 710// 587//
f 587// 710// 683//
f 587// 683// 711//
f 711// 683// 685//
f 712// 713// 714//
f 715// 716// 595//
f 595// 716// 717//
f 595// 717// 225//
f 225// 717// 718//
f 225// 718// 688//
f 691// 719// 720//
f 625// 721// 627//
f 627// 721// 712//
f 627// 712// 722//
f 722// 712// 714//
f 723// 724// 725//
f 726// 727// 728//
f 728// 727// 729//
f 595// 730// 715//
f 715// 730// 731//
f 715// 731// 732//
f 732// 731// 723//
f 732// 723// 733//
f 733// 723// 725//
f 691// 720// 225//
f 225// 720// 734//
f 225// 734// 735//
f 735// 736// 225//
f 225// 736// 737//
f 225// 737// 728//
f 728// 737// 738//
f 728// 738// 726//
f 739// 740// 741//
f 381// 742// 380//
f 380// 742// 743//
f 380// 743// 744//
f 744// 743// 225//
f 744// 225// 745//
f 745// 225// 728//
f 691// 746// 719//
f 719// 746// 747//
f 719// 747// 748//
f 748// 747// 739//
f 748// 739// 749//
f 749// 739// 741//
f 750// 751// 752//
f 752// 751// 753//
f 752// 753// 729//
f 729// 753// 754//
f 729// 754// 728//
f 755// 756// 757//
f 757// 756// 758//
f 757// 758// 759//
f 759// 758// 760//
f 759// 760// 286//
f 286// 760// 761//
f 286// 761// 288//
f 288// 761// 762//
f 288// 762// 756//
f 756// 762// 758//
f 763// 10// 8//
f 764// 757// 765//
f 765// 757// 766//
f 765// 766// 40//
f 40// 766// 767//
f 40// 767// 41//
f 41// 767// 768//
f 41// 768// 757//
f 757// 768// 769//
f 757// 769// 766//
f 44// 413// 764//
f 764// 413// 770//
f 764// 770// 757//
f 757// 770// 771//
f 409// 408// 771//
f 771// 408// 772//
f 771// 772// 757//
f 757// 772// 773//
f 253// 252// 773//
f 773// 252// 774//
f 773// 774// 757//
f 757// 774// 775//
f 406// 405// 775//
f 775// 405// 776//
f 775// 776// 757//
f 757// 776// 777//
f 303// 302// 777//
f 777// 302// 778//
f 777// 778// 757//
f 757// 778// 779//
f 244// 243// 779//
f 779// 243// 780//
f 779// 780// 757//
f 757// 780// 781//
f 241// 240// 781//
f 781// 240// 782//
f 781// 782// 757//
f 757// 782// 783//
f 193// 192// 783//
f 783// 192// 784//
f 783// 784// 757//
f 757// 784// 785//
f 124// 123// 785//
f 785// 123// 786//
f 785// 786// 757//
f 757// 786// 787//
f 74// 73// 787//
f 787// 73// 788//
f 787// 788// 757//
f 757// 788// 763//
f 757// 763// 755//
f 755// 763// 8//
f 789// 790// 791//
f 792// 793// 794//
f 795// 796// 797//
f 798// 799// 800//
f 801// 802// 803//
f 804// 805// 806//
f 807// 808// 809//
f 810// 811// 812//
f 813// 814// 815//
f 815// 814// 816//
f 815// 816// 817//
f 818// 819// 816//
f 816// 819// 820//
f 816// 820// 821//
f 821// 822// 816//
f 816// 822// 823//
f 816// 823// 817//
f 824// 825// 826//
f 826// 825// 827//
f 826// 827// 818//
f 824// 826// 828//
f 828// 826// 829//
f 828// 829// 830//
f 830// 829// 831//
f 830// 831// 832//
f 812// 811// 831//
f 831// 811// 833//
f 831// 833// 834//
f 831// 835// 832//
f 832// 835// 836//
f 832// 836// 837//
f 837// 836// 838//
f 837// 838// 839//
f 834// 840// 831//
f 831// 840// 841//
f 831// 841// 835//
f 842// 843// 812//
f 812// 843// 844//
f 812// 844// 810//
f 845// 846// 847//
f 845// 847// 848//
f 846// 849// 847//
f 847// 849// 850//
f 847// 850// 842//
f 842// 850// 851//
f 842// 851// 843//
f 852// 848// 853//
f 853// 848// 847//
f 853// 847// 854//
f 854// 847// 855//
f 856// 857// 858//
f 858// 857// 859//
f 858// 859// 860//
f 856// 861// 857//
f 857// 861// 862//
f 857// 862// 863//
f 863// 862// 864//
f 863// 864// 847//
f 847// 864// 865//
f 847// 865// 855//
f 866// 867// 868//
f 868// 867// 869//
f 869// 870// 868//
f 868// 870// 871//
f 868// 871// 860//
f 872// 873// 874//
f 875// 876// 877//
f 878// 879// 880//
f 875// 877// 881//
f 876// 882// 877//
f 877// 882// 883//
f 877// 883// 884//
f 872// 874// 880//
f 880// 874// 885//
f 880// 885// 878//
f 886// 887// 888//
f 888// 887// 889//
f 888// 889// 877//
f 877// 889// 890//
f 877// 890// 881//
f 877// 891// 892//
f 893// 894// 866//
f 866// 894// 895//
f 866// 895// 896//
f 896// 897// 866//
f 866// 897// 898//
f 866// 898// 899//
f 899// 898// 886//
f 899// 886// 900//
f 900// 886// 888//
f 879// 901// 880//
f 880// 901// 902//
f 880// 902// 866//
f 866// 902// 903//
f 866// 903// 893//
f 884// 904// 877//
f 877// 904// 905//
f 877// 905// 906//
f 906// 907// 877//
f 877// 907// 908//
f 877// 908// 891//
f 909// 910// 911//
f 909// 911// 912//
f 892// 913// 877//
f 877// 913// 914//
f 877// 914// 915//
f 915// 914// 916//
f 915// 916// 917//
f 918// 919// 920//
f 920// 919// 921//
f 920// 921// 922//
f 923// 924// 925//
f 925// 924// 920//
f 925// 920// 926//
f 926// 920// 922//
f 915// 927// 928//
f 917// 929// 915//
f 915// 929// 930//
f 915// 930// 927//
f 931// 932// 933//
f 933// 932// 915//
f 933// 915// 934//
f 934// 915// 928//
f 931// 911// 932//
f 932// 911// 910//
f 932// 910// 809//
f 809// 910// 935//
f 809// 935// 807//
f 936// 937// 923//
f 923// 937// 938//
f 923// 938// 924//
f 936// 939// 937//
f 937// 939// 940//
f 937// 940// 941//
f 942// 943// 944//
f 943// 945// 944//
f 944// 945// 946//
f 944// 946// 947//
f 919// 944// 948//
f 918// 912// 919//
f 919// 912// 911//
f 919// 911// 944//
f 944// 911// 949//
f 944// 949// 942//
f 948// 950// 919//
f 919// 950// 951//
f 919// 951// 952//
f 947// 946// 953//
f 953// 946// 954//
f 953// 954// 955//
f 955// 954// 956//
f 955// 956// 957//
f 958// 959// 952//
f 952// 959// 960//
f 952// 960// 919//
f 813// 961// 814//
f 814// 961// 962//
f 814// 962// 872//
f 872// 962// 963//
f 872// 963// 873//
f 964// 965// 966//
f 964// 966// 967//
f 968// 969// 970//
f 970// 969// 971//
f 970// 971// 972//
f 972// 971// 973//
f 972// 973// 974//
f 975// 976// 977//
f 977// 976// 969//
f 977// 969// 978//
f 978// 969// 968//
f 978// 968// 979//
f 979// 968// 980//
f 981// 982// 977//
f 977// 982// 983//
f 977// 983// 975//
f 965// 984// 966//
f 966// 984// 985//
f 966// 985// 977//
f 977// 985// 986//
f 977// 986// 981//
f 987// 988// 989//
f 989// 988// 990//
f 989// 990// 991//
f 991// 990// 992//
f 991// 992// 993//
f 973// 994// 974//
f 974// 994// 991//
f 974// 991// 995//
f 995// 991// 993//
f 993// 996// 995//
f 995// 996// 997//
f 995// 997// 966//
f 966// 997// 998//
f 966// 998// 967//
f 999// 1000// 1001//
f 1001// 1000// 1002//
f 1003// 1004// 1005//
f 1005// 1004// 1006//
f 1002// 1005// 1001//
f 1001// 1005// 1006//
f 1001// 1006// 1007//
f 1007// 1006// 1008//
f 1007// 1008// 1009//
f 1010// 814// 1011//
f 1011// 814// 872//
f 1011// 872// 1009//
f 1009// 872// 880//
f 1009// 880// 1007//
f 1012// 999// 1013//
f 1013// 999// 1001//
f 1013// 1001// 1014//
f 1014// 1001// 1015//
f 1014// 1015// 1010//
f 1016// 1017// 1018//
f 1018// 1017// 991//
f 1018// 991// 1019//
f 1019// 991// 994//
f 1019// 994// 1020//
f 1020// 994// 1021//
f 1020// 1021// 1022//
f 1017// 1023// 991//
f 991// 1023// 1024//
f 991// 1024// 1025//
f 1025// 1024// 1026//
f 1025// 1026// 1027//
f 1027// 1026// 1028//
f 1027// 1028// 1022//
f 1022// 1028// 1029//
f 1022// 1029// 1020//
f 1030// 1031// 1032//
f 1032// 1031// 1033//
f 1034// 1035// 1036//
f 1036// 1035// 1037//
f 1036// 1038// 1034//
f 1034// 1038// 1039//
f 1034// 1039// 1040//
f 1040// 1039// 1041//
f 1040// 1041// 1042//
f 1030// 1032// 1043//
f 1043// 1032// 1039//
f 1043// 1039// 1044//
f 1044// 1039// 1038//
f 1044// 1038// 1045//
f 1038// 1046// 1045//
f 1045// 1046// 1047//
f 1045// 1047// 1048//
f 1037// 1035// 1049//
f 1049// 1035// 1050//
f 1049// 1050// 1051//
f 1052// 1050// 1053//
f 1053// 1050// 1054//
f 1041// 1055// 1042//
f 1042// 1055// 1051//
f 1042// 1051// 806//
f 806// 1051// 1050//
f 806// 1050// 1056//
f 1056// 1050// 1052//
f 804// 806// 1057//
f 1056// 1058// 1059//
f 1060// 1061// 1056//
f 1056// 1061// 1062//
f 1059// 1063// 1056//
f 1056// 1063// 1064//
f 1056// 1064// 806//
f 806// 1064// 1065//
f 806// 1065// 1057//
f 1060// 1066// 1067//
f 1062// 1068// 1056//
f 1056// 1068// 1069//
f 1056// 1069// 1070//
f 1071// 1072// 1073//
f 1073// 1072// 1074//
f 1073// 1074// 1075//
f 1067// 1076// 1060//
f 1060// 1076// 1077//
f 1060// 1077// 1061//
f 1070// 1078// 1056//
f 1056// 1078// 1079//
f 1056// 1079// 1058//
f 1066// 1060// 1073//
f 1073// 1060// 1080//
f 1073// 1080// 1071//
f 1081// 1054// 1082//
f 1082// 1054// 1083//
f 801// 803// 1084//
f 1085// 1086// 803//
f 803// 1086// 1087//
f 803// 1087// 1084//
f 1088// 1089// 803//
f 803// 1089// 1090//
f 803// 1090// 1085//
f 1091// 1092// 1015//
f 1015// 1092// 1093//
f 1015// 1093// 1088//
f 1088// 1093// 1094//
f 1088// 1094// 1089//
f 1095// 1096// 1097//
f 1096// 1098// 1097//
f 1097// 1098// 1099//
f 1097// 1099// 1100//
f 1095// 1097// 1101//
f 1101// 1097// 1102//
f 1101// 1102// 1103//
f 1103// 1102// 1104//
f 1104// 1102// 1105//
f 1104// 1105// 805//
f 1106// 1107// 1027//
f 1027// 1107// 1108//
f 1025// 1109// 1110//
f 1108// 1111// 1027//
f 1027// 1111// 1112//
f 1027// 1112// 1113//
f 1114// 1115// 1116//
f 1116// 1115// 1025//
f 1116// 1025// 1117//
f 1117// 1025// 1110//
f 1113// 1118// 1027//
f 1027// 1118// 1119//
f 1027// 1119// 1025//
f 1025// 1119// 1120//
f 1025// 1120// 1109//
f 1034// 1121// 1106//
f 1106// 1121// 1122//
f 1106// 1122// 1107//
f 1114// 1123// 1115//
f 1115// 1123// 1124//
f 1115// 1124// 1040//
f 1040// 1124// 1125//
f 1040// 1125// 1034//
f 1034// 1125// 1126//
f 1034// 1126// 1121//
f 1127// 1128// 1129//
f 1127// 1129// 1130//
f 1131// 1132// 1133//
f 1134// 1135// 1102//
f 1102// 1135// 1136//
f 1102// 1136// 1137//
f 1138// 1139// 1134//
f 1134// 1139// 1140//
f 1134// 1140// 1141//
f 1141// 1140// 1142//
f 1143// 1144// 1142//
f 1142// 1144// 1145//
f 1142// 1145// 1141//
f 1132// 1146// 1133//
f 1133// 1146// 1147//
f 1133// 1147// 1148//
f 1149// 1150// 1129//
f 1129// 1150// 1151//
f 1129// 1151// 1130//
f 1148// 1152// 1133//
f 1133// 1152// 1153//
f 1133// 1153// 1102//
f 1102// 1153// 1154//
f 1102// 1154// 1134//
f 1134// 1154// 1155//
f 1134// 1155// 1138//
f 1156// 1157// 1158//
f 1158// 1157// 1159//
f 1158// 1159// 1160//
f 1160// 1159// 1161//
f 1160// 1161// 1162//
f 1163// 1164// 1142//
f 1142// 1164// 1165//
f 1142// 1165// 1166//
f 1167// 1168// 1169//
f 1169// 1168// 1170//
f 1169// 1170// 1171//
f 1172// 1173// 1174//
f 1174// 1173// 1175//
f 1174// 1175// 1162//
f 1162// 1175// 1176//
f 1162// 1176// 1160//
f 1137// 1177// 1102//
f 1102// 1177// 1178//
f 1102// 1178// 1156//
f 1166// 1179// 1142//
f 1142// 1179// 1180//
f 1142// 1180// 1143//
f 1128// 1181// 1182//
f 1182// 1181// 1183//
f 1183// 1181// 1184//
f 1183// 1184// 1185//
f 1167// 1172// 1168//
f 1168// 1172// 1174//
f 1168// 1174// 1186//
f 1186// 1174// 1187//
f 1186// 1187// 1188//
f 1188// 1187// 1189//
f 1188// 1189// 1190//
f 1190// 1189// 1191//
f 1192// 1191// 1182//
f 1182// 1191// 1189//
f 1182// 1189// 1128//
f 1128// 1189// 1187//
f 1128// 1187// 1129//
f 1193// 1194// 1195//
f 1196// 1197// 1195//
f 1198// 1199// 1105//
f 800// 1200// 1201//
f 1156// 1158// 1102//
f 1102// 1158// 1202//
f 1102// 1202// 1105//
f 1105// 1202// 1203//
f 1105// 1203// 1198//
f 1204// 1205// 800//
f 800// 1205// 1206//
f 800// 1206// 1200//
f 1199// 1207// 1105//
f 1105// 1207// 1208//
f 1105// 1208// 1193//
f 1193// 1208// 1209//
f 1193// 1209// 1194//
f 1201// 1210// 800//
f 800// 1210// 1211//
f 800// 1211// 798//
f 1212// 1213// 1214//
f 1214// 1213// 1215//
f 1214// 1215// 1216//
f 1214// 1217// 1212//
f 1212// 1217// 1218//
f 1212// 1218// 1219//
f 1219// 1220// 1212//
f 1212// 1220// 1221//
f 1212// 1221// 1222//
f 1222// 1221// 1223//
f 1222// 1223// 1224//
f 1224// 1223// 1225//
f 1224// 1225// 1195//
f 1195// 1225// 1226//
f 1195// 1226// 1196//
f 1227// 1228// 1216//
f 1216// 1228// 1229//
f 1216// 1229// 1214//
f 1230// 1231// 1171//
f 1171// 1231// 1232//
f 1171// 1232// 1169//
f 1230// 1233// 1231//
f 1231// 1233// 1234//
f 1231// 1234// 1235//
f 1235// 1234// 1236//
f 1235// 1237// 1238//
f 1236// 1239// 1235//
f 1235// 1239// 1240//
f 1235// 1240// 1241//
f 1241// 1242// 1235//
f 1235// 1242// 1243//
f 1235// 1243// 1237//
f 1238// 1244// 1235//
f 1235// 1244// 1245//
f 1235// 1245// 1246//
f 1247// 1248// 1249//
f 1250// 1251// 1252//
f 1252// 1251// 1253//
f 1252// 1253// 1254//
f 1254// 1253// 1247//
f 1254// 1247// 1255//
f 1255// 1247// 1249//
f 1256// 1257// 800//
f 1197// 1204// 1195//
f 1195// 1204// 800//
f 1195// 800// 1193//
f 1193// 800// 1257//
f 1193// 1257// 1251//
f 1251// 1257// 1258//
f 1251// 1258// 1253//
f 800// 794// 1256//
f 1256// 794// 1259//
f 1256// 1259// 1260//
f 793// 1261// 794//
f 794// 1261// 1262//
f 794// 1262// 1259//
f 1263// 1264// 1265//
f 1192// 1182// 799//
f 799// 1182// 1263//
f 799// 1263// 800//
f 800// 1263// 1265//
f 800// 1265// 794//
f 794// 1265// 1266//
f 794// 1266// 1267//
f 1268// 1269// 1270//
f 1270// 1269// 1271//
f 1270// 1271// 1263//
f 1263// 1271// 1272//
f 1263// 1272// 1264//
f 1267// 1273// 794//
f 794// 1273// 1274//
f 794// 1274// 792//
f 1275// 1276// 1277//
f 1275// 1277// 796//
f 1276// 1278// 1277//
f 1277// 1278// 1279//
f 1277// 1279// 1270//
f 1270// 1279// 1280//
f 1270// 1280// 1268//
f 1281// 1282// 1283//
f 1284// 1285// 969//
f 969// 1285// 1286//
f 976// 987// 969//
f 969// 987// 989//
f 969// 989// 1284//
f 1284// 989// 1287//
f 1284// 1287// 1283//
f 1283// 1287// 1288//
f 1283// 1288// 1281//
f 1289// 1290// 1291//
f 1292// 1289// 1293//
f 1293// 1289// 1291//
f 1293// 1291// 989//
f 989// 1291// 1294//
f 989// 1294// 1287//
f 1295// 1296// 1250//
f 1250// 1296// 1297//
f 1285// 1298// 1286//
f 1286// 1298// 1295//
f 1286// 1295// 797//
f 797// 1295// 1250//
f 797// 1250// 795//
f 795// 1250// 1252//
f 1054// 1050// 1083//
f 1083// 1050// 1035//
f 1083// 1035// 1299//
f 1299// 1035// 1034//
f 1299// 1034// 1300//
f 1300// 1034// 1106//
f 1300// 1106// 1301//
f 1301// 1106// 1027//
f 1301// 1027// 1302//
f 1302// 1027// 1022//
f 1302// 1022// 1303//
f 1303// 1022// 1021//
f 1303// 1021// 1304//
f 818// 816// 826//
f 826// 816// 1088//
f 826// 1088// 1305//
f 1305// 1088// 803//
f 1305// 803// 1082//
f 1082// 803// 802//
f 1082// 802// 1081//
f 1010// 1015// 814//
f 814// 1015// 1306//
f 814// 1306// 816//
f 1306// 1307// 816//
f 816// 1307// 789//
f 816// 789// 1088//
f 1088// 789// 791//
f 1088// 791// 1015//
f 1015// 791// 1308//
f 1015// 1308// 1306//
f 805// 1105// 806//
f 806// 1105// 1193//
f 806// 1193// 1042//
f 1042// 1193// 1251//
f 1042// 1251// 1040//
f 1040// 1251// 1250//
f 1040// 1250// 1115//
f 1115// 1250// 1297//
f 1115// 1297// 1025//
f 1025// 1297// 1309//
f 1025// 1309// 991//
f 991// 1309// 1310//
f 991// 1310// 989//
f 989// 1310// 1311//
f 989// 1311// 1293//
f 1293// 1311// 1312//
f 1293// 1312// 1292//
f 1100// 1091// 1097//
f 1097// 1091// 1015//
f 1097// 1015// 1102//
f 1102// 1015// 1001//
f 1102// 1001// 1133//
f 1133// 1001// 1007//
f 796// 1277// 797//
f 797// 1277// 1313//
f 797// 1313// 1286//
f 1286// 1313// 1314//
f 1286// 1314// 969//
f 969// 1314// 1315//
f 969// 1315// 971//
f 866// 868// 880//
f 880// 868// 1316//
f 880// 1316// 1007//
f 1007// 1316// 1183//
f 1007// 1183// 1133//
f 1133// 1183// 1185//
f 1133// 1185// 1131//
f 829// 757// 831//
f 831// 757// 1317//
f 831// 1317// 812//
f 812// 1317// 1318//
f 812// 1318// 842//
f 842// 1318// 1319//
f 842// 1319// 847//
f 847// 1319// 1320//
f 847// 1320// 863//
f 863// 1320// 1321//
f 860// 859// 868//
f 868// 859// 1322//
f 868// 1322// 1316//
f 1316// 1322// 1323//
f 1316// 1323// 1183//
f 1183// 1323// 1324//
f 1183// 1324// 1182//
f 1182// 1324// 1325//
f 1182// 1325// 1263//
f 1263// 1325// 1326//
f 1263// 1326// 1270//
f 1270// 1326// 1327//
f 1270// 1327// 1277//
f 1277// 1327// 1328//
f 1277// 1328// 1313//
f 1313// 1328// 1329//
f 1313// 1329// 1314//
f 1314// 1329// 1330//
f 1314// 1330// 1315//
f 1331// 1332// 857//
f 857// 1332// 1333//
f 857// 1333// 1334//
f 1335// 1336// 759//
f 1334// 1337// 857//
f 857// 1337// 1338//
f 857// 1338// 759//
f 759// 1338// 1339//
f 759// 1339// 1335//
f 1336// 1340// 759//
f 759// 1340// 1341//
f 759// 1341// 1342//
f 1321// 1343// 863//
f 863// 1343// 1344//
f 863// 1344// 1345//
f 1345// 1346// 863//
f 863// 1346// 1347//
f 863// 1347// 857//
f 857// 1347// 1348//
f 857// 1348// 1331//
f 1349// 1350// 1321//
f 1321// 1350// 1351//
f 1321// 1351// 1343//
f 1342// 1352// 759//
f 759// 1352// 1353//
f 759// 1353// 1321//
f 1321// 1353// 1354//
f 1321// 1354// 1349//
f 1355// 1304// 1330//
f 1356// 1357// 1304//
f 1358// 751// 750//
f 1359// 633// 632//
f 1360// 1361// 1304//
f 750// 1360// 1358//
f 1358// 1360// 1304//
f 1358// 1304// 1362//
f 1362// 1304// 1355//
f 1362// 1355// 571//
f 571// 1355// 1363//
f 571// 1363// 572//
f 572// 1363// 1364//
f 572// 1364// 1330//
f 1330// 1364// 1365//
f 1330// 1365// 1355//
f 1366// 1304// 1367//
f 1367// 1304// 1357//
f 1367// 1357// 673//
f 673// 1357// 674//
f 741// 740// 1361//
f 1361// 740// 1368//
f 1361// 1368// 1304//
f 1304// 1368// 1369//
f 1370// 685// 684//
f 632// 1356// 1359//
f 1359// 1356// 1304//
f 1359// 1304// 1371//
f 1371// 1304// 1369//
f 1371// 1369// 724//
f 724// 1369// 725//
f 1372// 1373// 1304//
f 684// 1372// 1370//
f 1370// 1372// 1304//
f 1370// 1304// 1374//
f 1374// 1304// 1366//
f 1374// 1366// 713//
f 713// 1366// 714//
f 1375// 365// 364//
f 1376// 1377// 1304//
f 364// 1376// 1375//
f 1375// 1376// 1304//
f 1375// 1304// 1378//
f 1378// 1304// 1373//
f 1378// 1373// 448//
f 448// 1373// 449//
f 1379// 114// 113//
f 1380// 1381// 1304//
f 113// 1380// 1379//
f 1379// 1380// 1304//
f 1379// 1304// 1382//
f 1382// 1304// 1377//
f 1382// 1377// 273//
f 273// 1377// 274//
f 1383// 1304// 1384//
f 1384// 1304// 1381//
f 1384// 1381// 1385//
f 1385// 1381// 37//
f 1385// 37// 1386//
f 1386// 37// 35//
f 1386// 35// 1383//
f 1383// 35// 1304//
f 1387// 255// 254//
f 1388// 169// 168//
f 1389// 1390// 1304//
f 520// 519// 1390//
f 1390// 519// 1391//
f 1390// 1391// 1304//
f 1304// 1391// 1392//
f 254// 1389// 1387//
f 1387// 1389// 1304//
f 1387// 1304// 1393//
f 1393// 1304// 1394//
f 1393// 1394// 34//
f 34// 1394// 1395//
f 34// 1395// 35//
f 35// 1395// 1396//
f 35// 1396// 1304//
f 1304// 1396// 1397//
f 1304// 1397// 1394//
f 515// 514// 1392//
f 1392// 514// 1398//
f 1392// 1398// 1304//
f 1304// 1398// 1399//
f 582// 581// 1399//
f 1399// 581// 1400//
f 1399// 1400// 1304//
f 1304// 1400// 1401//
f 509// 508// 1401//
f 1401// 508// 1402//
f 1401// 1402// 1304//
f 1304// 1402// 1403//
f 415// 414// 1403//
f 1403// 414// 1404//
f 1403// 1404// 1304//
f 1304// 1404// 1405//
f 705// 704// 1405//
f 1405// 704// 1406//
f 1405// 1406// 1304//
f 1304// 1406// 1407//
f 657// 656// 1407//
f 1407// 656// 1408//
f 1407// 1408// 1304//
f 1304// 1408// 1409//
f 529// 528// 1409//
f 1409// 528// 1410//
f 1409// 1410// 1304//
f 1304// 1410// 1411//
f 168// 1412// 1388//
f 1388// 1412// 1304//
f 1388// 1304// 1413//
f 1413// 1304// 1411//
f 1413// 1411// 347//
f 347// 1411// 348//
f 1414// 1415// 1416//
f 1416// 1415// 98//
f 1416// 98// 1417//
f 1417// 98// 41//
f 1417// 41// 1418//
f 1418// 41// 757//
f 1418// 757// 1414//
f 1414// 757// 1304//
f 1414// 1304// 1415//
f 1415// 1304// 1412//
f 1419// 1420// 1330//
f 759// 1421// 1422//
f 479// 478// 1423//
f 1423// 478// 1424//
f 1330// 1420// 572//
f 572// 1420// 1425//
f 572// 1425// 574//
f 574// 1425// 1426//
f 574// 1426// 1427//
f 486// 485// 1422//
f 1422// 485// 1428//
f 1422// 1428// 759//
f 1426// 1419// 1427//
f 1427// 1419// 1330//
f 1427// 1330// 1424//
f 1424// 1330// 759//
f 1424// 759// 1423//
f 1423// 759// 1428//
f 1429// 577// 576//
f 1430// 759// 1431//
f 1431// 759// 1432//
f 1431// 1432// 285//
f 285// 1432// 1433//
f 285// 1433// 286//
f 286// 1433// 1434//
f 286// 1434// 759//
f 759// 1434// 1435//
f 759// 1435// 1432//
f 642// 641// 1430//
f 1430// 641// 1436//
f 1430// 1436// 759//
f 759// 1436// 1437//
f 597// 596// 1437//
f 1437// 596// 1438//
f 1437// 1438// 759//
f 759// 1438// 1439//
f 466// 465// 1439//
f 1439// 465// 1440//
f 1439// 1440// 759//
f 759// 1440// 1441//
f 553// 552// 1441//
f 1441// 552// 1442//
f 1441// 1442// 759//
f 759// 1442// 1443//
f 635// 634// 1443//
f 1443// 634// 1444//
f 1443// 1444// 759//
f 759// 1444// 1445//
f 693// 692// 1445//
f 1445// 692// 1446//
f 1445// 1446// 759//
f 759// 1446// 1447//
f 698// 697// 1447//
f 1447// 697// 1448//
f 1447// 1448// 759//
f 759// 1448// 1449//
f 650// 649// 1449//
f 1449// 649// 1450//
f 1449// 1450// 759//
f 759// 1450// 1429//
f 759// 1429// 1421//
f 1421// 1429// 576//
usemtl 2
f 1451// 1331// 1452//
f 1452// 1331// 1348//
f 1452// 1348// 1453//
f 1453// 1348// 1347//
f 1453// 1347// 1454//
f 1454// 1347// 1346//
f 1454// 1346// 1455//
f 1455// 1346// 1345//
f 1455// 1345// 1456//
f 1456// 1345// 1344//
f 1456// 1344// 1457//
f 1457// 1344// 1343//
f 1457// 1343// 1458//
f 1458// 1343// 1351//
f 1458// 1351// 1459//
f 1459// 1351// 1350//
f 1459// 1350// 1460//
f 1460// 1350// 1349//
f 1460// 1349// 1461//
f 1461// 1349// 1354//
f 1461// 1354// 1462//
f 1462// 1354// 1353//
f 1462// 1353// 1463//
f 1463// 1353// 1352//
f 1463// 1352// 1464//
f 1464// 1352// 1342//
f 1464// 1342// 1465//
f 1465// 1342// 1341//
f 1465// 1341// 1466//
f 1466// 1341// 1340//
f 1466// 1340// 1467//
f 1467// 1340// 1336//
f 1467// 1336// 1468//
f 1468// 1336// 1335//
f 1468// 1335// 1469//
f 1469// 1335// 1339//
f 1469// 1339// 1470//
f 1470// 1339// 1338//
f 1470// 1338// 1471//
f 1471// 1338// 1337//
f 1471// 1337// 1472//
f 1472// 1337// 1334//
f 1472// 1334// 1473//
f 1473// 1334// 1333//
f 1473// 1333// 1474//
f 1474// 1333// 1332//
f 1474// 1332// 1451//
f 1451// 1332// 1331//
f 1473// 1474// 1475//
f 1475// 1474// 1451//
f 1475// 1451// 1452//
f 1470// 1471// 1475//
f 1475// 1471// 1472//
f 1475// 1472// 1473//
f 1467// 1468// 1475//
f 1475// 1468// 1469//
f 1475// 1469// 1470//
f 1464// 1465// 1475//
f 1475// 1465// 1466//
f 1475// 1466// 1467//
f 1461// 1462// 1475//
f 1475// 1462// 1463//
f 1475// 1463// 1464//
f 1458// 1459// 1475//
f 1475// 1459// 1460//
f 1475// 1460// 1461//
f 1455// 1456// 1475//
f 1475// 1456// 1457//
f 1475// 1457// 1458//
f 1452// 1453// 1475//
f 1475// 1453// 1454//
f 1475// 1454// 1455//
usemtl 3
f 1476// 1477// 791//
f 791// 1477// 1308//
f 1478// 1476// 790//
f 790// 1476// 791//
f 1479// 1478// 789//
f 789// 1478// 790//
f 1480// 1479// 1307//
f 1307// 1479// 789//
f 1481// 1480// 1306//
f 1306// 1480// 1307//
f 1477// 1481// 1308//
f 1308// 1481// 1306//
f 1479// 1480// 1478//
f 1478// 1480// 1481//
f 1478// 1481// 1476//
f 1476// 1481// 1477//
f 1482// 1483// 805//
f 805// 1483// 1104//
f 805// 804// 1482//
f 1482// 804// 1057//
f 1482// 1057// 1484//
f 1484// 1057// 1065//
f 1484// 1065// 1485//
f 1486// 1485// 1064//
f 1064// 1485// 1065//
f 1486// 1064// 1063//
f 1486// 1063// 1487//
f 1487// 1063// 1059//
f 1487// 1059// 1488//
f 1488// 1059// 1058//
f 1488// 1058// 1489//
f 1489// 1058// 1079//
f 1489// 1079// 1490//
f 1490// 1079// 1078//
f 1490// 1078// 1491//
f 1491// 1078// 1070//
f 1491// 1070// 1492//
f 1492// 1070// 1069//
f 1492// 1069// 1493//
f 1493// 1069// 1068//
f 1493// 1068// 1494//
f 1494// 1068// 1062//
f 1494// 1062// 1495//
f 1495// 1062// 1061//
f 1495// 1061// 1496//
f 1496// 1061// 1077//
f 1496// 1077// 1497//
f 1497// 1077// 1076//
f 1497// 1076// 1498//
f 1498// 1076// 1067//
f 1498// 1067// 1499//
f 1499// 1067// 1066//
f 1499// 1066// 1500//
f 1500// 1066// 1073//
f 1500// 1073// 1501//
f 1501// 1073// 1075//
f 1501// 1075// 1502//
f 1502// 1075// 1074//
f 1502// 1074// 1503//
f 1503// 1074// 1072//
f 1503// 1072// 1504//
f 1504// 1072// 1071//
f 1504// 1071// 1505//
f 1505// 1071// 1080//
f 1505// 1080// 1506//
f 1506// 1080// 1060//
f 1506// 1060// 1507//
f 1507// 1060// 1056//
f 1507// 1056// 1508//
f 1509// 1508// 1052//
f 1052// 1508// 1056//
f 1081// 1510// 1054//
f 1054// 1510// 1511//
f 1054// 1511// 1053//
f 1053// 1511// 1509//
f 1053// 1509// 1052//
f 1510// 1081// 802//
f 1510// 802// 1512//
f 802// 801// 1512//
f 1512// 801// 1084//
f 1512// 1084// 1513//
f 1513// 1084// 1087//
f 1513// 1087// 1514//
f 1514// 1087// 1086//
f 1514// 1086// 1515//
f 1515// 1086// 1085//
f 1515// 1085// 1516//
f 1516// 1085// 1090//
f 1516// 1090// 1517//
f 1090// 1089// 1517//
f 1517// 1089// 1094//
f 1517// 1094// 1518//
f 1518// 1094// 1093//
f 1518// 1093// 1519//
f 1519// 1093// 1092//
f 1519// 1092// 1520//
f 1520// 1092// 1091//
f 1520// 1091// 1521//
f 1091// 1100// 1521//
f 1521// 1100// 1099//
f 1521// 1099// 1522//
f 1522// 1099// 1098//
f 1522// 1098// 1523//
f 1095// 1524// 1096//
f 1096// 1524// 1523//
f 1096// 1523// 1098//
f 1101// 1525// 1095//
f 1095// 1525// 1526//
f 1095// 1526// 1524//
f 1101// 1103// 1525//
f 1525// 1103// 1104//
f 1525// 1104// 1483//
f 1498// 1499// 1516//
f 1502// 1503// 1512//
f 1516// 1499// 1515//
f 1512// 1503// 1510//
f 1512// 1513// 1502//
f 1502// 1513// 1514//
f 1502// 1514// 1501//
f 1501// 1514// 1515//
f 1501// 1515// 1500//
f 1500// 1515// 1499//
f 1503// 1504// 1510//
f 1510// 1504// 1505//
f 1510// 1505// 1511//
f 1511// 1505// 1506//
f 1511// 1506// 1509//
f 1509// 1506// 1507//
f 1509// 1507// 1508//
f 1519// 1497// 1518//
f 1518// 1497// 1498//
f 1518// 1498// 1517//
f 1517// 1498// 1516//
f 1485// 1486// 1484//
f 1484// 1486// 1487//
f 1484// 1487// 1482//
f 1482// 1487// 1488//
f 1482// 1488// 1483//
f 1483// 1488// 1489//
f 1483// 1489// 1525//
f 1525// 1489// 1490//
f 1525// 1490// 1526//
f 1526// 1490// 1491//
f 1526// 1491// 1524//
f 1524// 1491// 1492//
f 1524// 1492// 1523//
f 1523// 1492// 1493//
f 1523// 1493// 1522//
f 1522// 1493// 1494//
f 1522// 1494// 1521//
f 1521// 1494// 1520//
f 1520// 1494// 1495//
f 1520// 1495// 1519//
f 1519// 1495// 1496//
f 1519// 1496// 1497//
f 1527// 1528// 1039//
f 1039// 1528// 1041//
f 1033// 1529// 1032//
f 1032// 1529// 1527//
f 1032// 1527// 1039//
f 1530// 1529// 1031//
f 1031// 1529// 1033//
f 1043// 1531// 1030//
f 1030// 1531// 1530//
f 1030// 1530// 1031//
f 1532// 1531// 1044//
f 1044// 1531// 1043//
f 1048// 1533// 1045//
f 1045// 1533// 1532//
f 1045// 1532// 1044//
f 1534// 1533// 1047//
f 1047// 1533// 1048//
f 1038// 1535// 1046//
f 1046// 1535// 1534//
f 1046// 1534// 1047//
f 1536// 1535// 1036//
f 1036// 1535// 1038//
f 1049// 1537// 1037//
f 1037// 1537// 1536//
f 1037// 1536// 1036//
f 1538// 1537// 1051//
f 1051// 1537// 1049//
f 1041// 1528// 1055//
f 1055// 1528// 1538//
f 1055// 1538// 1051//
f 1538// 1528// 1527//
f 1527// 1529// 1538//
f 1538// 1529// 1530//
f 1538// 1530// 1537//
f 1535// 1536// 1534//
f 1534// 1536// 1537//
f 1534// 1537// 1533//
f 1533// 1537// 1530//
f 1533// 1530// 1532//
f 1532// 1530// 1531//
f 1539// 1540// 1541//
f 1541// 1540// 1542//
f 1541// 1542// 1543//
f 1543// 1542// 1544//
f 1543// 1544// 1545//
f 1545// 1544// 1546//
f 1545// 1546// 1547//
f 1547// 1546// 1548//
f 1547// 1548// 1549//
f 1549// 1548// 1550//
f 1549// 1550// 1551//
f 1551// 1550// 1552//
f 1551// 1552// 1553//
f 1553// 1552// 1554//
f 1553// 1554// 1555//
f 1555// 1554// 1556//
f 1555// 1556// 1557//
f 1557// 1556// 1558//
f 1557// 1558// 1559//
f 1559// 1558// 1560//
f 1559// 1560// 1561//
f 1561// 1560// 1562//
f 1561// 1562// 1563//
f 1563// 1562// 1564//
f 1563// 1564// 1565//
f 1565// 1564// 1566//
f 1565// 1566// 1567//
f 1567// 1566// 1568//
f 1567// 1568// 1569//
f 1569// 1568// 1570//
f 1569// 1570// 1571//
f 1571// 1570// 1572//
f 1571// 1572// 1573//
f 1573// 1572// 1539//
f 1573// 1539// 1541//
f 1547// 1549// 1124//
f 1124// 1549// 1125//
f 1117// 1541// 1543//
f 1547// 1124// 1123//
f 1547// 1123// 1545//
f 1545// 1123// 1114//
f 1545// 1114// 1543//
f 1543// 1114// 1116//
f 1543// 1116// 1117//
f 1541// 1117// 1110//
f 1541// 1110// 1573//
f 1573// 1110// 1109//
f 1573// 1109// 1571//
f 1571// 1109// 1120//
f 1571// 1120// 1569//
f 1569// 1120// 1119//
f 1569// 1119// 1567//
f 1567// 1119// 1118//
f 1567// 1118// 1565//
f 1565// 1118// 1113//
f 1565// 1113// 1563//
f 1563// 1113// 1112//
f 1563// 1112// 1561//
f 1561// 1112// 1111//
f 1561// 1111// 1559//
f 1559// 1111// 1108//
f 1107// 1555// 1108//
f 1108// 1555// 1557//
f 1108// 1557// 1559//
f 1107// 1122// 1555//
f 1555// 1122// 1121//
f 1555// 1121// 1553//
f 1551// 1553// 1126//
f 1126// 1553// 1121//
f 1549// 1551// 1125//
f 1125// 1551// 1126//
f 1554// 1552// 1574//
f 1574// 1552// 1575//
f 1552// 1550// 1575//
f 1575// 1550// 1576//
f 1550// 1548// 1576//
f 1576// 1548// 1577//
f 1540// 1578// 1579//
f 1540// 1579// 1542//
f 1542// 1579// 1580//
f 1542// 1580// 1544//
f 1544// 1580// 1581//
f 1544// 1581// 1546//
f 1546// 1581// 1577//
f 1546// 1577// 1548//
f 1568// 1582// 1583//
f 1568// 1583// 1570//
f 1570// 1583// 1584//
f 1570// 1584// 1572//
f 1572// 1584// 1585//
f 1572// 1585// 1539//
f 1539// 1585// 1578//
f 1539// 1578// 1540//
f 1560// 1586// 1587//
f 1560// 1587// 1562//
f 1562// 1587// 1588//
f 1562// 1588// 1564//
f 1564// 1588// 1589//
f 1564// 1589// 1566//
f 1566// 1589// 1582//
f 1566// 1582// 1568//
f 1554// 1574// 1590//
f 1554// 1590// 1556//
f 1556// 1590// 1591//
f 1556// 1591// 1558//
f 1558// 1591// 1586//
f 1558// 1586// 1560//
usemtl 1
f 1575// 1576// 1574//
f 1574// 1576// 1577//
f 1577// 1581// 1574//
f 1574// 1581// 1580//
f 1574// 1580// 1579//
f 1582// 1586// 1591//
f 1579// 1578// 1574//
f 1574// 1578// 1585//
f 1574// 1585// 1584//
f 1586// 1582// 1587//
f 1587// 1582// 1589//
f 1587// 1589// 1588//
f 1584// 1583// 1574//
f 1574// 1583// 1582//
f 1574// 1582// 1590//
f 1590// 1582// 1591//
usemtl 3
f 1592// 1593// 1594//
f 1594// 1593// 1595//
f 1596// 1597// 1592//
f 1592// 1597// 1598//
f 1592// 1598// 1593//
f 1593// 1598// 1599//
f 1596// 1600// 1597//
f 1597// 1600// 1601//
f 1597// 1601// 1602//
f 1602// 1601// 1603//
f 1602// 1603// 1604//
f 1604// 1605// 1602//
f 1602// 1605// 1594//
f 1602// 1594// 1606//
f 1606// 1594// 1595//
f 1606// 1595// 1607//
f 1602// 1606// 1020//
f 1020// 1606// 1019//
f 1597// 1602// 1029//
f 1029// 1602// 1020//
f 1026// 1598// 1028//
f 1028// 1598// 1597//
f 1028// 1597// 1029//
f 1599// 1598// 1024//
f 1024// 1598// 1026//
f 1593// 1599// 1023//
f 1023// 1599// 1024//
f 1016// 1595// 1017//
f 1017// 1595// 1593//
f 1017// 1593// 1023//
f 1607// 1595// 1018//
f 1018// 1595// 1016//
f 1606// 1607// 1019//
f 1019// 1607// 1018//
f 1592// 1594// 1608//
f 1608// 1594// 1609//
f 1594// 1605// 1609//
f 1609// 1605// 1610//
f 1603// 1611// 1612//
f 1603// 1612// 1604//
f 1604// 1612// 1610//
f 1604// 1610// 1605//
f 1603// 1601// 1611//
f 1611// 1601// 1613//
f 1596// 1614// 1615//
f 1596// 1615// 1600//
f 1600// 1615// 1613//
f 1600// 1613// 1601//
f 1596// 1592// 1614//
f 1614// 1592// 1608//
usemtl 1
f 1611// 1613// 1612//
f 1612// 1613// 1615//
f 1612// 1615// 1610//
f 1610// 1615// 1614//
f 1610// 1614// 1609//
f 1609// 1614// 1608//
usemtl 3
f 1616// 1617// 1006//
f 1006// 1617// 1008//
f 1618// 1616// 1004//
f 1004// 1616// 1006//
f 1619// 1618// 1003//
f 1003// 1618// 1004//
f 1620// 1619// 1005//
f 1005// 1619// 1003//
f 1621// 1620// 1002//
f 1002// 1620// 1005//
f 1622// 1621// 1000//
f 1000// 1621// 1002//
f 1622// 1000// 1623//
f 1623// 1000// 999//
f 1623// 999// 1012//
f 1624// 1623// 1013//
f 1013// 1623// 1012//
f 1625// 1624// 1014//
f 1014// 1624// 1013//
f 1626// 1625// 1010//
f 1010// 1625// 1014//
f 1009// 1627// 1011//
f 1011// 1627// 1626//
f 1011// 1626// 1010//
f 1617// 1627// 1008//
f 1008// 1627// 1009//
f 1627// 1617// 1616//
f 1616// 1618// 1627//
f 1627// 1618// 1619//
f 1627// 1619// 1626//
f 1624// 1625// 1623//
f 1623// 1625// 1626//
f 1623// 1626// 1622//
f 1622// 1626// 1619//
f 1622// 1619// 1621//
f 1621// 1619// 1620//
f 1628// 1629// 1630//
f 1630// 1629// 1631//
f 1632// 1633// 1634//
f 1635// 1636// 1637//
f 1637// 1636// 1638//
f 1639// 1640// 1631//
f 1631// 1640// 1641//
f 1641// 1642// 1631//
f 1631// 1642// 1643//
f 1631// 1643// 1630//
f 1630// 1643// 1644//
f 1630// 1644// 1635//
f 1635// 1644// 1645//
f 1635// 1645// 1636//
f 1634// 1639// 1632//
f 1632// 1639// 1631//
f 1632// 1631// 1646//
f 1646// 1631// 1647//
f 1646// 1647// 1648//
f 1648// 1647// 1649//
f 1648// 1649// 1650//
f 1650// 1649// 1651//
f 1650// 1651// 1652//
f 1652// 1651// 1653//
f 1652// 1653// 1654//
f 1654// 1653// 1655//
f 1654// 1655// 1656//
f 1656// 1655// 1657//
f 1656// 1657// 1658//
f 1658// 1657// 1659//
f 1658// 1659// 1660//
f 1660// 1659// 1661//
f 1660// 1661// 1662//
f 1662// 1661// 1663//
f 1662// 1663// 1664//
f 1664// 1663// 1665//
f 1666// 1667// 1668//
f 1668// 1667// 1669//
f 1668// 1669// 1670//
f 1670// 1669// 1671//
f 1670// 1671// 1672//
f 1672// 1671// 1673//
f 1672// 1673// 1674//
f 1674// 1673// 1675//
f 1674// 1675// 1676//
f 1676// 1675// 1677//
f 1676// 1677// 1638//
f 1638// 1677// 1678//
f 1638// 1678// 1637//
f 1632// 1679// 1633//
f 1633// 1679// 1680//
f 1633// 1680// 1681//
f 1681// 1680// 1682//
f 1681// 1682// 1683//
f 1683// 1682// 1684//
f 1683// 1684// 1685//
f 1685// 1684// 1686//
f 1685// 1686// 1687//
f 1687// 1686// 1688//
f 1687// 1688// 1689//
f 1689// 1688// 1690//
f 1689// 1690// 1691//
f 1691// 1690// 1692//
f 1691// 1692// 1693//
f 1693// 1692// 1694//
f 1693// 1694// 1666//
f 1666// 1694// 1695//
f 1666// 1695// 1667//
f 1659// 1177// 1137//
f 1659// 1137// 1661//
f 1661// 1137// 1136//
f 1661// 1136// 1663//
f 1663// 1136// 1135//
f 1663// 1135// 1665//
f 1664// 1665// 1134//
f 1134// 1665// 1135//
f 1664// 1134// 1141//
f 1664// 1141// 1662//
f 1662// 1141// 1145//
f 1662// 1145// 1660//
f 1660// 1145// 1144//
f 1660// 1144// 1658//
f 1658// 1144// 1143//
f 1658// 1143// 1656//
f 1656// 1143// 1180//
f 1656// 1180// 1654//
f 1654// 1180// 1179//
f 1654// 1179// 1652//
f 1652// 1179// 1166//
f 1652// 1166// 1650//
f 1650// 1166// 1165//
f 1650// 1165// 1648//
f 1648// 1165// 1164//
f 1648// 1164// 1646//
f 1646// 1164// 1163//
f 1646// 1163// 1632//
f 1679// 1632// 1142//
f 1142// 1632// 1163//
f 1679// 1142// 1140//
f 1679// 1140// 1680//
f 1680// 1140// 1139//
f 1680// 1139// 1682//
f 1682// 1139// 1138//
f 1682// 1138// 1684//
f 1684// 1138// 1155//
f 1684// 1155// 1686//
f 1686// 1155// 1154//
f 1686// 1154// 1688//
f 1688// 1154// 1153//
f 1688// 1153// 1690//
f 1690// 1153// 1152//
f 1690// 1152// 1692//
f 1692// 1152// 1148//
f 1692// 1148// 1694//
f 1694// 1148// 1147//
f 1694// 1147// 1695//
f 1695// 1147// 1146//
f 1695// 1146// 1667//
f 1184// 1673// 1185//
f 1185// 1673// 1671//
f 1185// 1671// 1131//
f 1131// 1671// 1669//
f 1131// 1669// 1132//
f 1132// 1669// 1667//
f 1132// 1667// 1146//
f 1673// 1184// 1181//
f 1673// 1181// 1675//
f 1675// 1181// 1128//
f 1675// 1128// 1677//
f 1128// 1127// 1677//
f 1677// 1127// 1130//
f 1677// 1130// 1678//
f 1678// 1130// 1151//
f 1678// 1151// 1637//
f 1637// 1151// 1150//
f 1637// 1150// 1635//
f 1630// 1635// 1149//
f 1149// 1635// 1150//
f 1628// 1630// 1129//
f 1129// 1630// 1149//
f 1629// 1628// 1187//
f 1187// 1628// 1129//
f 1631// 1629// 1174//
f 1174// 1629// 1187//
f 1631// 1174// 1162//
f 1631// 1162// 1647//
f 1647// 1162// 1161//
f 1647// 1161// 1649//
f 1649// 1161// 1159//
f 1649// 1159// 1651//
f 1651// 1159// 1157//
f 1651// 1157// 1653//
f 1653// 1157// 1156//
f 1653// 1156// 1655//
f 1655// 1156// 1178//
f 1655// 1178// 1657//
f 1657// 1178// 1177//
f 1657// 1177// 1659//
f 1681// 1696// 1697//
f 1681// 1697// 1633//
f 1633// 1697// 1698//
f 1633// 1698// 1634//
f 1634// 1698// 1699//
f 1634// 1699// 1639//
f 1689// 1700// 1701//
f 1689// 1701// 1687//
f 1687// 1701// 1702//
f 1687// 1702// 1685//
f 1685// 1702// 1703//
f 1685// 1703// 1683//
f 1683// 1703// 1696//
f 1683// 1696// 1681//
f 1668// 1704// 1705//
f 1668// 1705// 1666//
f 1666// 1705// 1706//
f 1666// 1706// 1693//
f 1693// 1706// 1707//
f 1693// 1707// 1691//
f 1691// 1707// 1700//
f 1691// 1700// 1689//
f 1674// 1708// 1709//
f 1674// 1709// 1672//
f 1672// 1709// 1710//
f 1672// 1710// 1670//
f 1670// 1710// 1704//
f 1670// 1704// 1668//
f 1645// 1711// 1712//
f 1645// 1712// 1636//
f 1636// 1712// 1713//
f 1636// 1713// 1638//
f 1638// 1713// 1714//
f 1638// 1714// 1676//
f 1676// 1714// 1708//
f 1676// 1708// 1674//
f 1641// 1715// 1716//
f 1641// 1716// 1642//
f 1642// 1716// 1717//
f 1642// 1717// 1643//
f 1643// 1717// 1718//
f 1643// 1718// 1644//
f 1644// 1718// 1711//
f 1644// 1711// 1645//
f 1641// 1640// 1715//
f 1715// 1640// 1719//
f 1640// 1639// 1719//
f 1719// 1639// 1699//
usemtl 1
f 1716// 1715// 1696//
f 1715// 1719// 1699//
f 1699// 1698// 1715//
f 1715// 1698// 1697//
f 1715// 1697// 1696//
f 1716// 1696// 1717//
f 1717// 1696// 1703//
f 1717// 1703// 1718//
f 1705// 1704// 1712//
f 1705// 1712// 1706//
f 1713// 1712// 1714//
f 1714// 1712// 1708//
f 1703// 1702// 1718//
f 1718// 1702// 1701//
f 1718// 1701// 1711//
f 1711// 1701// 1700//
f 1711// 1700// 1712//
f 1712// 1700// 1707//
f 1712// 1707// 1706//
f 1704// 1710// 1712//
f 1712// 1710// 1709//
f 1712// 1709// 1708//
usemtl 3
f 1720// 1233// 1230//
f 1171// 1721// 1230//
f 1230// 1721// 1722//
f 1230// 1722// 1720//
f 1171// 1170// 1721//
f 1721// 1170// 1168//
f 1721// 1168// 1723//
f 1724// 1723// 1186//
f 1186// 1723// 1168//
f 1725// 1724// 1188//
f 1188// 1724// 1186//
f 1192// 1726// 1191//
f 1191// 1726// 1725//
f 1191// 1725// 1190//
f 1190// 1725// 1188//
f 1726// 1192// 1727//
f 1727// 1192// 799//
f 799// 798// 1727//
f 1727// 798// 1211//
f 1727// 1211// 1728//
f 1728// 1211// 1210//
f 1728// 1210// 1729//
f 1729// 1210// 1201//
f 1729// 1201// 1730//
f 1730// 1201// 1200//
f 1730// 1200// 1731//
f 1731// 1200// 1206//
f 1731// 1206// 1732//
f 1732// 1206// 1205//
f 1732// 1205// 1733//
f 1733// 1205// 1204//
f 1733// 1204// 1734//
f 1734// 1204// 1197//
f 1734// 1197// 1735//
f 1735// 1197// 1196//
f 1735// 1196// 1736//
f 1736// 1196// 1226//
f 1736// 1226// 1737//
f 1737// 1226// 1225//
f 1737// 1225// 1738//
f 1738// 1225// 1223//
f 1738// 1223// 1739//
f 1739// 1223// 1221//
f 1739// 1221// 1740//
f 1740// 1221// 1220//
f 1740// 1220// 1741//
f 1741// 1220// 1219//
f 1741// 1219// 1742//
f 1742// 1219// 1218//
f 1742// 1218// 1743//
f 1743// 1218// 1217//
f 1743// 1217// 1744//
f 1744// 1217// 1214//
f 1744// 1214// 1745//
f 1745// 1214// 1229//
f 1745// 1229// 1746//
f 1746// 1229// 1228//
f 1746// 1228// 1747//
f 1747// 1228// 1227//
f 1747// 1227// 1748//
f 1748// 1227// 1216//
f 1748// 1216// 1749//
f 1749// 1216// 1215//
f 1749// 1215// 1750//
f 1750// 1215// 1213//
f 1750// 1213// 1751//
f 1751// 1213// 1212//
f 1751// 1212// 1752//
f 1752// 1212// 1222//
f 1752// 1222// 1753//
f 1753// 1222// 1224//
f 1753// 1224// 1754//
f 1754// 1224// 1195//
f 1754// 1195// 1755//
f 1756// 1755// 1194//
f 1194// 1755// 1195//
f 1756// 1194// 1209//
f 1756// 1209// 1757//
f 1757// 1209// 1208//
f 1757// 1208// 1758//
f 1758// 1208// 1207//
f 1758// 1207// 1759//
f 1759// 1207// 1199//
f 1759// 1199// 1760//
f 1760// 1199// 1198//
f 1760// 1198// 1761//
f 1761// 1198// 1762//
f 1762// 1198// 1203//
f 1203// 1202// 1762//
f 1762// 1202// 1158//
f 1762// 1158// 1763//
f 1763// 1158// 1160//
f 1763// 1160// 1764//
f 1764// 1160// 1176//
f 1764// 1176// 1765//
f 1765// 1176// 1175//
f 1765// 1175// 1766//
f 1766// 1175// 1173//
f 1766// 1173// 1767//
f 1767// 1173// 1172//
f 1767// 1172// 1768//
f 1231// 1769// 1770//
f 1768// 1172// 1167//
f 1768// 1167// 1771//
f 1771// 1167// 1169//
f 1771// 1169// 1770//
f 1770// 1169// 1232//
f 1770// 1232// 1231//
f 1769// 1231// 1235//
f 1769// 1235// 1772//
f 1772// 1235// 1246//
f 1772// 1246// 1773//
f 1773// 1246// 1245//
f 1773// 1245// 1774//
f 1774// 1245// 1244//
f 1774// 1244// 1775//
f 1775// 1244// 1238//
f 1775// 1238// 1776//
f 1776// 1238// 1237//
f 1776// 1237// 1777//
f 1777// 1237// 1243//
f 1777// 1243// 1778//
f 1778// 1243// 1242//
f 1778// 1242// 1779//
f 1779// 1242// 1241//
f 1779// 1241// 1780//
f 1780// 1241// 1240//
f 1780// 1240// 1781//
f 1781// 1240// 1239//
f 1781// 1239// 1782//
f 1782// 1239// 1236//
f 1782// 1236// 1783//
f 1783// 1236// 1234//
f 1783// 1234// 1784//
f 1784// 1234// 1233//
f 1784// 1233// 1720//
f 1748// 1749// 1760//
f 1760// 1749// 1759//
f 1772// 1739// 1769//
f 1769// 1739// 1740//
f 1728// 1729// 1780//
f 1780// 1729// 1730//
f 1780// 1730// 1779//
f 1779// 1730// 1731//
f 1779// 1731// 1778//
f 1778// 1731// 1732//
f 1778// 1732// 1777//
f 1777// 1732// 1733//
f 1777// 1733// 1776//
f 1776// 1733// 1734//
f 1776// 1734// 1775//
f 1775// 1734// 1735//
f 1775// 1735// 1774//
f 1774// 1735// 1736//
f 1774// 1736// 1773//
f 1773// 1736// 1737//
f 1773// 1737// 1772//
f 1772// 1737// 1738//
f 1772// 1738// 1739//
f 1726// 1720// 1725//
f 1725// 1720// 1722//
f 1725// 1722// 1724//
f 1724// 1722// 1721//
f 1724// 1721// 1723//
f 1749// 1750// 1759//
f 1759// 1750// 1751//
f 1759// 1751// 1758//
f 1758// 1751// 1752//
f 1758// 1752// 1757//
f 1757// 1752// 1753//
f 1757// 1753// 1756//
f 1756// 1753// 1754//
f 1756// 1754// 1755//
f 1780// 1781// 1728//
f 1728// 1781// 1782//
f 1728// 1782// 1727//
f 1727// 1782// 1783//
f 1727// 1783// 1726//
f 1726// 1783// 1784//
f 1726// 1784// 1720//
f 1760// 1761// 1748//
f 1748// 1761// 1762//
f 1748// 1762// 1747//
f 1747// 1762// 1763//
f 1747// 1763// 1746//
f 1746// 1763// 1764//
f 1746// 1764// 1745//
f 1745// 1764// 1765//
f 1745// 1765// 1744//
f 1744// 1765// 1766//
f 1744// 1766// 1743//
f 1743// 1766// 1767//
f 1743// 1767// 1742//
f 1742// 1767// 1768//
f 1742// 1768// 1741//
f 1741// 1768// 1771//
f 1741// 1771// 1740//
f 1740// 1771// 1770//
f 1740// 1770// 1769//
f 1785// 1786// 1252//
f 1252// 1786// 795//
f 1787// 1785// 1254//
f 1254// 1785// 1252//
f 1787// 1254// 1255//
f 1787// 1255// 1788//
f 1788// 1255// 1249//
f 1788// 1249// 1789//
f 1790// 1789// 1248//
f 1248// 1789// 1249//
f 1791// 1790// 1247//
f 1247// 1790// 1248//
f 1258// 1792// 1253//
f 1253// 1792// 1791//
f 1253// 1791// 1247//
f 1793// 1792// 1257//
f 1257// 1792// 1258//
f 1260// 1794// 1256//
f 1256// 1794// 1793//
f 1256// 1793// 1257//
f 1262// 1795// 1259//
f 1259// 1795// 1794//
f 1259// 1794// 1260//
f 1795// 1262// 1261//
f 1795// 1261// 1796//
f 1796// 1261// 793//
f 1796// 793// 1797//
f 793// 792// 1797//
f 1797// 792// 1274//
f 1797// 1274// 1798//
f 1798// 1274// 1273//
f 1798// 1273// 1799//
f 1799// 1273// 1267//
f 1799// 1267// 1800//
f 1800// 1267// 1266//
f 1800// 1266// 1801//
f 1801// 1266// 1265//
f 1801// 1265// 1802//
f 1803// 1802// 1264//
f 1264// 1802// 1265//
f 1803// 1264// 1272//
f 1803// 1272// 1804//
f 1804// 1272// 1271//
f 1804// 1271// 1805//
f 1805// 1271// 1269//
f 1268// 1806// 1269//
f 1269// 1806// 1807//
f 1269// 1807// 1805//
f 1268// 1280// 1806//
f 1806// 1280// 1279//
f 1806// 1279// 1808//
f 1808// 1279// 1278//
f 1808// 1278// 1809//
f 1809// 1278// 1276//
f 1809// 1276// 1810//
f 1810// 1276// 1275//
f 1810// 1275// 1811//
f 795// 1786// 796//
f 796// 1786// 1811//
f 796// 1811// 1275//
f 1788// 1789// 1811//
f 1786// 1785// 1811//
f 1811// 1785// 1787//
f 1811// 1787// 1788//
f 1792// 1793// 1791//
f 1791// 1793// 1794//
f 1791// 1794// 1790//
f 1802// 1803// 1801//
f 1801// 1803// 1804//
f 1801// 1804// 1800//
f 1800// 1804// 1805//
f 1800// 1805// 1799//
f 1799// 1805// 1807//
f 1799// 1807// 1798//
f 1798// 1807// 1806//
f 1798// 1806// 1797//
f 1810// 1796// 1809//
f 1809// 1796// 1797//
f 1809// 1797// 1808//
f 1808// 1797// 1806//
f 1789// 1790// 1811//
f 1811// 1790// 1794//
f 1811// 1794// 1810//
f 1810// 1794// 1795//
f 1810// 1795// 1796//
f 1812// 1813// 1284//
f 1284// 1813// 1285//
f 1282// 1814// 1283//
f 1283// 1814// 1812//
f 1283// 1812// 1284//
f 1815// 1814// 1281//
f 1281// 1814// 1282//
f 1287// 1816// 1288//
f 1288// 1816// 1815//
f 1288// 1815// 1281//
f 1817// 1816// 1294//
f 1294// 1816// 1287//
f 1290// 1818// 1291//
f 1291// 1818// 1817//
f 1291// 1817// 1294//
f 1818// 1290// 1819//
f 1819// 1290// 1289//
f 1819// 1289// 1292//
f 1311// 1820// 1312//
f 1312// 1820// 1819//
f 1312// 1819// 1292//
f 1821// 1820// 1310//
f 1310// 1820// 1311//
f 1297// 1822// 1309//
f 1309// 1822// 1821//
f 1309// 1821// 1310//
f 1295// 1823// 1296//
f 1296// 1823// 1822//
f 1296// 1822// 1297//
f 1285// 1813// 1298//
f 1298// 1813// 1823//
f 1298// 1823// 1295//
f 1823// 1813// 1812//
f 1812// 1814// 1823//
f 1823// 1814// 1815//
f 1823// 1815// 1822//
f 1820// 1821// 1819//
f 1819// 1821// 1822//
f 1819// 1822// 1818//
f 1818// 1822// 1815//
f 1818// 1815// 1817//
f 1817// 1815// 1816//
f 1824// 1825// 1826//
f 1826// 1825// 1827//
f 1826// 1827// 1828//
f 1828// 1827// 1829//
f 1828// 1829// 1830//
f 1830// 1829// 1831//
f 1830// 1831// 1832//
f 1832// 1831// 1833//
f 1832// 1833// 1834//
f 1834// 1833// 1835//
f 1834// 1835// 1836//
f 1836// 1835// 1837//
f 1836// 1837// 1838//
f 1838// 1837// 1839//
f 1838// 1839// 1840//
f 1840// 1839// 1841//
f 1840// 1841// 1842//
f 1842// 1841// 1843//
f 1842// 1843// 1844//
f 1844// 1843// 1845//
f 1844// 1845// 1846//
f 1846// 1845// 1847//
f 1846// 1847// 1848//
f 1848// 1847// 1849//
f 1848// 1849// 1850//
f 1850// 1849// 1851//
f 1850// 1851// 1852//
f 1852// 1851// 1853//
f 1852// 1853// 1854//
f 1854// 1853// 1855//
f 1854// 1855// 1856//
f 1856// 1855// 1857//
f 1856// 1857// 1858//
f 1858// 1857// 1824//
f 1858// 1824// 1826//
f 1832// 1834// 976//
f 976// 1834// 987//
f 1832// 976// 975//
f 1832// 975// 1830//
f 1830// 975// 983//
f 1830// 983// 1828//
f 1828// 983// 982//
f 1828// 982// 1826//
f 1826// 982// 981//
f 1826// 981// 1858//
f 1858// 981// 986//
f 1858// 986// 1856//
f 1856// 986// 985//
f 1856// 985// 1854//
f 1854// 985// 984//
f 1854// 984// 1852//
f 997// 1844// 998//
f 998// 1844// 1846//
f 998// 1846// 967//
f 967// 1846// 1848//
f 967// 1848// 964//
f 964// 1848// 1850//
f 964// 1850// 965//
f 965// 1850// 1852//
f 965// 1852// 984//
f 1844// 997// 996//
f 1844// 996// 1842//
f 1842// 996// 993//
f 1842// 993// 1840//
f 1840// 993// 992//
f 1840// 992// 1838//
f 1836// 1838// 990//
f 990// 1838// 992//
f 987// 1834// 988//
f 988// 1834// 1836//
f 988// 1836// 990//
f 1839// 1837// 1859//
f 1859// 1837// 1860//
f 1837// 1835// 1860//
f 1860// 1835// 1861//
f 1835// 1833// 1861//
f 1861// 1833// 1862//
f 1825// 1863// 1864//
f 1825// 1864// 1827//
f 1827// 1864// 1865//
f 1827// 1865// 1829//
f 1829// 1865// 1866//
f 1829// 1866// 1831//
f 1831// 1866// 1862//
f 1831// 1862// 1833//
f 1853// 1867// 1868//
f 1853// 1868// 1855//
f 1855// 1868// 1869//
f 1855// 1869// 1857//
f 1857// 1869// 1870//
f 1857// 1870// 1824//
f 1824// 1870// 1863//
f 1824// 1863// 1825//
f 1845// 1871// 1872//
f 1845// 1872// 1847//
f 1847// 1872// 1873//
f 1847// 1873// 1849//
f 1849// 1873// 1874//
f 1849// 1874// 1851//
f 1851// 1874// 1867//
f 1851// 1867// 1853//
f 1839// 1859// 1875//
f 1839// 1875// 1841//
f 1841// 1875// 1876//
f 1841// 1876// 1843//
f 1843// 1876// 1871//
f 1843// 1871// 1845//
usemtl 1
f 1860// 1861// 1859//
f 1859// 1861// 1862//
f 1862// 1866// 1859//
f 1859// 1866// 1865//
f 1859// 1865// 1864//
f 1867// 1871// 1876//
f 1864// 1863// 1859//
f 1859// 1863// 1870//
f 1859// 1870// 1869//
f 1871// 1867// 1872//
f 1872// 1867// 1874//
f 1872// 1874// 1873//
f 1869// 1868// 1859//
f 1859// 1868// 1867//
f 1859// 1867// 1875//
f 1875// 1867// 1876//
usemtl 3
f 1877// 1878// 1879//
f 1879// 1878// 1880//
f 1881// 1882// 1877//
f 1877// 1882// 1883//
f 1877// 1883// 1878//
f 1878// 1883// 1884//
f 1881// 1885// 1882//
f 1882// 1885// 1886//
f 1882// 1886// 1887//
f 1887// 1886// 1888//
f 1887// 1888// 1889//
f 1889// 1890// 1887//
f 1887// 1890// 1879//
f 1887// 1879// 1891//
f 1891// 1879// 1880//
f 1891// 1880// 1892//
f 974// 1887// 972//
f 972// 1887// 1891//
f 972// 1891// 970//
f 1882// 1887// 995//
f 995// 1887// 974//
f 977// 1883// 966//
f 966// 1883// 1882//
f 966// 1882// 995//
f 1884// 1883// 978//
f 978// 1883// 977//
f 1878// 1884// 979//
f 979// 1884// 978//
f 1880// 1878// 980//
f 980// 1878// 979//
f 1892// 1880// 968//
f 968// 1880// 980//
f 1891// 1892// 970//
f 970// 1892// 968//
f 1877// 1879// 1893//
f 1893// 1879// 1894//
f 1879// 1890// 1894//
f 1894// 1890// 1895//
f 1888// 1896// 1897//
f 1888// 1897// 1889//
f 1889// 1897// 1895//
f 1889// 1895// 1890//
f 1888// 1886// 1896//
f 1896// 1886// 1898//
f 1881// 1899// 1900//
f 1881// 1900// 1885//
f 1885// 1900// 1898//
f 1885// 1898// 1886//
f 1881// 1877// 1899//
f 1899// 1877// 1893//
usemtl 1
f 1896// 1898// 1897//
f 1897// 1898// 1900//
f 1897// 1900// 1895//
f 1895// 1900// 1899//
f 1895// 1899// 1894//
f 1894// 1899// 1893//
usemtl 3
f 1901// 1902// 1903//
f 1904// 1905// 1906//
f 1907// 1908// 1909//
f 1910// 1911// 1903//
f 1903// 1911// 1912//
f 1903// 1912// 1901//
f 1906// 1905// 1913//
f 1914// 1915// 1916//
f 1916// 1915// 1917//
f 1916// 1917// 1918//
f 1919// 1920// 1916//
f 1916// 1920// 1921//
f 1916// 1921// 1914//
f 1914// 1921// 1922//
f 1923// 1924// 1925//
f 1925// 1924// 1926//
f 1925// 1926// 1927//
f 1927// 1926// 1928//
f 1927// 1928// 1929//
f 1929// 1928// 1930//
f 1929// 1930// 1931//
f 1931// 1930// 1903//
f 1931// 1903// 1932//
f 1932// 1903// 1933//
f 1934// 1935// 1923//
f 1923// 1935// 1936//
f 1923// 1936// 1924//
f 1918// 1937// 1916//
f 1916// 1937// 1938//
f 1916// 1938// 1939//
f 1939// 1938// 1940//
f 1939// 1940// 1941//
f 1942// 1943// 1944//
f 1944// 1943// 1945//
f 1944// 1945// 1946//
f 1946// 1945// 1947//
f 1946// 1947// 1948//
f 1948// 1947// 1949//
f 1907// 1909// 1950//
f 1950// 1909// 1951//
f 1950// 1951// 1952//
f 1952// 1951// 1953//
f 1952// 1953// 1954//
f 1905// 1955// 1913//
f 1913// 1955// 1956//
f 1913// 1956// 1957//
f 1957// 1956// 1958//
f 1957// 1958// 1907//
f 1907// 1958// 1959//
f 1907// 1959// 1908//
f 1922// 1921// 1923//
f 1923// 1921// 1960//
f 1923// 1960// 1934//
f 1961// 1962// 1963//
f 1963// 1962// 1964//
f 1963// 1964// 1965//
f 1965// 1964// 1966//
f 1965// 1966// 1967//
f 1967// 1966// 1968//
f 1967// 1968// 1969//
f 1969// 1968// 1970//
f 1969// 1970// 1971//
f 1933// 1903// 1972//
f 1972// 1903// 1902//
f 1972// 1902// 1973//
f 1947// 1974// 1949//
f 1949// 1974// 1975//
f 1949// 1975// 1976//
f 1976// 1975// 1977//
f 1976// 1977// 1978//
f 1978// 1977// 1979//
f 1978// 1979// 1980//
f 1980// 1979// 1981//
f 1980// 1981// 1982//
f 1982// 1981// 1983//
f 1982// 1983// 1984//
f 1984// 1983// 1985//
f 1984// 1985// 1961//
f 1961// 1985// 1986//
f 1961// 1986// 1962//
f 1987// 1988// 1989//
f 1989// 1988// 1990//
f 1989// 1990// 1944//
f 1944// 1990// 1991//
f 1944// 1991// 1942//
f 1992// 1993// 1994//
f 1994// 1993// 1995//
f 1994// 1995// 1996//
f 1996// 1995// 1997//
f 1996// 1997// 1998//
f 1998// 1997// 1999//
f 1998// 1999// 2000//
f 2000// 1999// 2001//
f 2000// 2001// 1910//
f 1910// 2001// 2002//
f 1910// 2002// 1911//
f 1941// 1940// 2003//
f 2003// 1940// 2004//
f 2003// 2004// 2005//
f 2005// 2004// 2006//
f 2005// 2006// 2007//
f 2007// 2006// 2008//
f 2007// 2008// 2009//
f 2009// 2008// 2010//
f 2009// 2010// 2011//
f 2011// 2010// 2012//
f 2011// 2012// 2013//
f 2013// 2012// 2014//
f 2013// 2014// 2015//
f 2015// 2014// 2016//
f 2015// 2016// 2017//
f 2017// 2016// 2018//
f 2017// 2018// 2019//
f 2019// 2018// 2020//
f 2019// 2020// 1902//
f 1902// 2020// 2021//
f 1902// 2021// 1973//
f 1954// 1953// 2022//
f 2022// 1953// 2023//
f 2022// 2023// 2024//
f 2024// 2023// 2025//
f 2024// 2025// 2026//
f 2026// 2025// 2027//
f 2026// 2027// 2028//
f 2028// 2027// 2029//
f 2028// 2029// 1987//
f 1987// 2029// 2030//
f 1987// 2030// 1988//
f 1906// 2031// 1904//
f 1904// 2031// 2032//
f 1904// 2032// 2033//
f 2033// 2032// 2034//
f 2033// 2034// 2035//
f 2035// 2034// 2036//
f 2035// 2036// 1992//
f 1992// 2036// 2037//
f 1992// 2037// 1993//
f 2038// 2039// 2040//
f 1970// 2041// 1971//
f 1971// 2041// 2038//
f 1971// 2038// 2042//
f 2042// 2038// 2040//
f 2043// 2044// 2038//
f 2038// 2044// 2045//
f 2038// 2045// 2039//
f 2046// 2047// 2048//
f 2047// 2049// 2048//
f 2048// 2049// 2050//
f 2048// 2050// 2051//
f 2043// 2038// 2048//
f 2048// 2038// 2052//
f 2048// 2052// 2046//
f 1980// 963// 962//
f 1980// 962// 1978//
f 1978// 962// 961//
f 1978// 961// 1976//
f 1976// 961// 813//
f 1976// 813// 1949//
f 813// 815// 1949//
f 1949// 815// 817//
f 1949// 817// 1948//
f 1948// 817// 823//
f 1948// 823// 1946//
f 1946// 823// 822//
f 1946// 822// 1944//
f 1944// 822// 821//
f 1944// 821// 1989//
f 1989// 821// 820//
f 1989// 820// 1987//
f 2028// 1987// 819//
f 819// 1987// 820//
f 819// 818// 2028//
f 2028// 818// 827//
f 2028// 827// 2026//
f 2026// 827// 825//
f 2026// 825// 2024//
f 832// 1952// 830//
f 830// 1952// 1954//
f 830// 1954// 828//
f 828// 1954// 2022//
f 828// 2022// 824//
f 824// 2022// 2024//
f 824// 2024// 825//
f 1952// 832// 837//
f 1952// 837// 1950//
f 1950// 837// 839//
f 1950// 839// 1907//
f 1907// 839// 838//
f 1907// 838// 1957//
f 1957// 838// 836//
f 1957// 836// 1913//
f 1913// 836// 835//
f 1913// 835// 1906//
f 1906// 835// 841//
f 1906// 841// 2031//
f 2031// 841// 840//
f 2031// 840// 2032//
f 2032// 840// 834//
f 2032// 834// 2034//
f 2034// 834// 833//
f 2034// 833// 2036//
f 2036// 833// 811//
f 2036// 811// 2037//
f 811// 810// 2037//
f 2037// 810// 844//
f 2037// 844// 1993//
f 1993// 844// 843//
f 1993// 843// 1995//
f 1995// 843// 1997//
f 1997// 843// 851//
f 851// 850// 1997//
f 1997// 850// 849//
f 1997// 849// 1999//
f 1999// 849// 846//
f 1999// 846// 2001//
f 2001// 846// 845//
f 2001// 845// 2002//
f 2002// 845// 848//
f 2002// 848// 1911//
f 1911// 848// 852//
f 1911// 852// 1912//
f 1912// 852// 853//
f 1912// 853// 1901//
f 853// 854// 1901//
f 1901// 854// 855//
f 1901// 855// 1902//
f 1902// 855// 865//
f 1902// 865// 2019//
f 2019// 865// 864//
f 2019// 864// 2017//
f 864// 862// 2017//
f 2017// 862// 861//
f 2017// 861// 2015//
f 2015// 861// 856//
f 2015// 856// 2013//
f 900// 1939// 1941//
f 2013// 856// 858//
f 2013// 858// 2011//
f 2011// 858// 860//
f 2011// 860// 2009//
f 860// 871// 2009//
f 2009// 871// 870//
f 2009// 870// 2007//
f 2007// 870// 869//
f 2007// 869// 2005//
f 2005// 869// 867//
f 2005// 867// 2003//
f 2003// 867// 866//
f 2003// 866// 1941//
f 1941// 866// 899//
f 1941// 899// 900//
f 1916// 1939// 888//
f 888// 1939// 900//
f 1919// 1916// 877//
f 877// 1916// 888//
f 932// 1920// 915//
f 915// 1920// 1919//
f 915// 1919// 877//
f 808// 1921// 809//
f 809// 1921// 1920//
f 809// 1920// 932//
f 1921// 808// 807//
f 1921// 807// 1960//
f 1960// 807// 935//
f 1960// 935// 1934//
f 935// 910// 1934//
f 1934// 910// 909//
f 1934// 909// 1935//
f 1935// 909// 912//
f 1935// 912// 1936//
f 1936// 912// 918//
f 1936// 918// 1924//
f 1924// 918// 920//
f 1924// 920// 1926//
f 1926// 920// 924//
f 1926// 924// 1928//
f 924// 938// 1928//
f 1928// 938// 937//
f 1928// 937// 1930//
f 1930// 937// 941//
f 1930// 941// 1903//
f 926// 1994// 1996//
f 1903// 941// 940//
f 1903// 940// 1910//
f 1910// 940// 939//
f 1910// 939// 2000//
f 2000// 939// 936//
f 2000// 936// 1998//
f 1998// 936// 923//
f 1998// 923// 1996//
f 1996// 923// 925//
f 1996// 925// 926//
f 1994// 926// 922//
f 1994// 922// 1992//
f 1992// 922// 921//
f 1992// 921// 2035//
f 2035// 921// 919//
f 2035// 919// 2033//
f 919// 960// 2033//
f 2033// 960// 959//
f 2033// 959// 1904//
f 1904// 959// 958//
f 1904// 958// 1905//
f 1905// 958// 952//
f 1905// 952// 1955//
f 1955// 952// 951//
f 1955// 951// 1956//
f 1956// 951// 950//
f 1956// 950// 1958//
f 1958// 950// 948//
f 1958// 948// 1959//
f 1959// 948// 944//
f 1959// 944// 1908//
f 1908// 944// 947//
f 1908// 947// 1909//
f 1909// 947// 953//
f 1909// 953// 1951//
f 1951// 953// 955//
f 1951// 955// 1953//
f 1953// 955// 957//
f 1953// 957// 2023//
f 2023// 957// 956//
f 2023// 956// 2025//
f 931// 1942// 911//
f 911// 1942// 1991//
f 911// 1991// 949//
f 949// 1991// 1990//
f 949// 1990// 942//
f 942// 1990// 1988//
f 942// 1988// 943//
f 943// 1988// 2030//
f 943// 2030// 945//
f 945// 2030// 2029//
f 945// 2029// 946//
f 946// 2029// 2027//
f 946// 2027// 954//
f 954// 2027// 2025//
f 954// 2025// 956//
f 1943// 1942// 933//
f 933// 1942// 931//
f 1943// 933// 934//
f 1943// 934// 1945//
f 1945// 934// 928//
f 1945// 928// 1947//
f 1947// 928// 927//
f 1947// 927// 1974//
f 1974// 927// 930//
f 1974// 930// 1975//
f 1975// 930// 929//
f 1975// 929// 1977//
f 1977// 929// 917//
f 1977// 917// 1979//
f 1979// 917// 916//
f 1979// 916// 1981//
f 1981// 916// 1983//
f 1983// 916// 914//
f 914// 913// 1983//
f 1983// 913// 892//
f 1983// 892// 1985//
f 1985// 892// 891//
f 1985// 891// 1986//
f 1986// 891// 908//
f 1986// 908// 1962//
f 1962// 908// 907//
f 1962// 907// 1964//
f 1964// 907// 906//
f 1964// 906// 1966//
f 1966// 906// 905//
f 1966// 905// 1968//
f 1970// 1968// 904//
f 904// 1968// 905//
f 1970// 904// 884//
f 1970// 884// 2041//
f 2041// 884// 883//
f 2041// 883// 2038//
f 2038// 883// 882//
f 2038// 882// 2052//
f 2052// 882// 876//
f 2052// 876// 2046//
f 2046// 876// 875//
f 2046// 875// 2047//
f 2047// 875// 881//
f 2047// 881// 2049//
f 2049// 881// 890//
f 2049// 890// 2050//
f 2050// 890// 889//
f 2050// 889// 2051//
f 2051// 889// 887//
f 2051// 887// 2048//
f 2048// 887// 886//
f 2048// 886// 2043//
f 2043// 886// 898//
f 2043// 898// 2044//
f 2044// 898// 897//
f 2044// 897// 2045//
f 2045// 897// 896//
f 2045// 896// 2039//
f 2039// 896// 895//
f 2039// 895// 2040//
f 2040// 895// 894//
f 2040// 894// 2042//
f 2042// 894// 893//
f 2042// 893// 1971//
f 1971// 893// 903//
f 1971// 903// 1969//
f 1967// 1969// 902//
f 902// 1969// 903//
f 1967// 902// 901//
f 1967// 901// 1965//
f 1965// 901// 879//
f 1965// 879// 1963//
f 1963// 879// 878//
f 1963// 878// 1961//
f 963// 1980// 873//
f 873// 1980// 1982//
f 873// 1982// 874//
f 874// 1982// 1984//
f 874// 1984// 885//
f 885// 1984// 1961//
f 885// 1961// 878//
f 1922// 2053// 2054//
f 1922// 2054// 1914//
f 1914// 2054// 2055//
f 1914// 2055// 1915//
f 1915// 2055// 2056//
f 1915// 2056// 1917//
f 1917// 2056// 2057//
f 1917// 2057// 1918//
f 1918// 2057// 2058//
f 1918// 2058// 1937//
f 1937// 2058// 2059//
f 1937// 2059// 1938//
f 1938// 2059// 2060//
f 1938// 2060// 1940//
f 1940// 2060// 2061//
f 1940// 2061// 2004//
f 2004// 2061// 2062//
f 2004// 2062// 2006//
f 2006// 2062// 2063//
f 2006// 2063// 2008//
f 2008// 2063// 2064//
f 2008// 2064// 2010//
f 2010// 2064// 2065//
f 2010// 2065// 2012//
f 2012// 2065// 2066//
f 2012// 2066// 2014//
f 2014// 2066// 2067//
f 2014// 2067// 2016//
f 2016// 2067// 2068//
f 2016// 2068// 2018//
f 2018// 2068// 2069//
f 2018// 2069// 2020//
f 2020// 2069// 2070//
f 2020// 2070// 2021//
f 2021// 2070// 2071//
f 2021// 2071// 1973//
f 1973// 2071// 2072//
f 1973// 2072// 1972//
f 1972// 2072// 2073//
f 1972// 2073// 1933//
f 1933// 2073// 2074//
f 1933// 2074// 1932//
f 1932// 2074// 2075//
f 1932// 2075// 1931//
f 1931// 2075// 2076//
f 1931// 2076// 1929//
f 1929// 2076// 2077//
f 1929// 2077// 1927//
f 1927// 2077// 2078//
f 1927// 2078// 1925//
f 1925// 2078// 2079//
f 1925// 2079// 1923//
f 1923// 2079// 2053//
f 1923// 2053// 1922//
usemtl 1
f 2067// 2077// 2076//
f 2065// 2064// 2054//
f 2053// 2079// 2067//
f 2067// 2079// 2078//
f 2067// 2078// 2077//
f 2072// 2071// 2076//
f 2076// 2071// 2070//
f 2053// 2067// 2054//
f 2054// 2067// 2066//
f 2054// 2066// 2065//
f 2075// 2074// 2076//
f 2076// 2074// 2073//
f 2076// 2073// 2072//
f 2070// 2069// 2076//
f 2076// 2069// 2068//
f 2076// 2068// 2067//
f 2064// 2063// 2054//
f 2054// 2063// 2062//
f 2054// 2062// 2061//
f 2061// 2060// 2054//
f 2054// 2060// 2059//
f 2054// 2059// 2058//
f 2058// 2057// 2054//
f 2054// 2057// 2056//
f 2054// 2056// 2055//
usemtl 4
f 764// 2080// 44//
f 44// 2080// 2081//
f 44// 2081// 45//
f 45// 2081// 2082//
f 45// 2082// 2083//
f 45// 2083// 46//
f 46// 2083// 2084//
f 46// 2084// 24//
f 24// 2084// 2085//
f 24// 2085// 60//
f 60// 2085// 2086//
f 60// 2086// 61//
f 61// 2086// 2087//
f 61// 2087// 63//
f 63// 2087// 2088//
f 63// 2088// 65//
f 65// 2088// 2089//
f 65// 2089// 66//
f 66// 2089// 2090//
f 66// 2090// 170//
f 170// 2090// 2091//
f 170// 2091// 171//
f 171// 2091// 2092//
f 171// 2092// 172//
f 172// 2092// 2093//
f 172// 2093// 43//
f 43// 2093// 2094//
f 43// 2094// 42//
f 42// 2094// 40//
f 40// 2094// 2095//
f 40// 2095// 765//
f 765// 2095// 2096//
f 2081// 2095// 2082//
f 2082// 2095// 2094//
f 2094// 2093// 2082//
f 2082// 2093// 2092//
f 2082// 2092// 2091//
f 2089// 2088// 2090//
f 2090// 2088// 2091//
f 2088// 2087// 2091//
f 2091// 2087// 2086//
f 2091// 2086// 2085//
f 2085// 2084// 2091//
f 2091// 2084// 2083//
f 2091// 2083// 2082//
usemtl 5
f 2080// 2096// 2081//
f 2081// 2096// 2095//
f 2096// 2080// 765//
f 765// 2080// 764//
usemtl 4
f 771// 2097// 409//
f 409// 2097// 2098//
f 409// 2098// 507//
f 507// 2098// 2099//
f 507// 2099// 2100//
f 507// 2100// 506//
f 506// 2100// 2101//
f 506// 2101// 312//
f 312// 2101// 2102//
f 312// 2102// 315//
f 315// 2102// 2103//
f 315// 2103// 316//
f 316// 2103// 2104//
f 316// 2104// 203//
f 203// 2104// 2105//
f 203// 2105// 204//
f 204// 2105// 2106//
f 204// 2106// 317//
f 317// 2106// 2107//
f 317// 2107// 318//
f 318// 2107// 2108//
f 318// 2108// 319//
f 319// 2108// 2109//
f 319// 2109// 410//
f 410// 2109// 2110//
f 410// 2110// 411//
f 411// 2110// 2111//
f 411// 2111// 412//
f 412// 2111// 413//
f 413// 2111// 2112//
f 413// 2112// 770//
f 770// 2112// 2113//
f 2098// 2112// 2099//
f 2099// 2112// 2111//
f 2106// 2105// 2111//
f 2110// 2109// 2108//
f 2105// 2104// 2111//
f 2111// 2104// 2103//
f 2111// 2103// 2102//
f 2110// 2108// 2111//
f 2111// 2108// 2107//
f 2111// 2107// 2106//
f 2102// 2101// 2111//
f 2111// 2101// 2100//
f 2111// 2100// 2099//
f 773// 2114// 253//
f 253// 2114// 2115//
f 253// 2115// 311//
f 311// 2115// 2116//
f 311// 2116// 2117//
f 311// 2117// 310//
f 310// 2117// 2118//
f 310// 2118// 198//
f 198// 2118// 2119//
f 198// 2119// 200//
f 200// 2119// 2120//
f 200// 2120// 201//
f 201// 2120// 2121//
f 201// 2121// 202//
f 202// 2121// 2122//
f 202// 2122// 89//
f 89// 2122// 2123//
f 89// 2123// 90//
f 90// 2123// 2124//
f 90// 2124// 313//
f 313// 2124// 2125//
f 313// 2125// 314//
f 314// 2125// 2126//
f 314// 2126// 504//
f 504// 2126// 2127//
f 504// 2127// 505//
f 505// 2127// 2128//
f 505// 2128// 407//
f 407// 2128// 408//
f 408// 2128// 2129//
f 408// 2129// 772//
f 772// 2129// 2130//
f 2115// 2129// 2116//
f 2116// 2129// 2128//
f 2126// 2122// 2127//
f 2127// 2122// 2128//
f 2122// 2121// 2128//
f 2128// 2121// 2120//
f 2128// 2120// 2119//
f 2126// 2125// 2122//
f 2122// 2125// 2124//
f 2122// 2124// 2123//
f 2119// 2118// 2128//
f 2128// 2118// 2117//
f 2128// 2117// 2116//
f 775// 2131// 406//
f 406// 2131// 2132//
f 406// 2132// 503//
f 503// 2132// 2133//
f 503// 2133// 2134//
f 503// 2134// 248//
f 248// 2134// 2135//
f 248// 2135// 249//
f 249// 2135// 2136//
f 249// 2136// 250//
f 250// 2136// 2137//
f 250// 2137// 196//
f 196// 2137// 2138//
f 196// 2138// 195//
f 195// 2138// 2139//
f 195// 2139// 32//
f 32// 2139// 2140//
f 32// 2140// 33//
f 33// 2140// 2141//
f 33// 2141// 197//
f 197// 2141// 2142//
f 197// 2142// 199//
f 199// 2142// 2143//
f 199// 2143// 308//
f 308// 2143// 2144//
f 308// 2144// 309//
f 309// 2144// 2145//
f 309// 2145// 251//
f 251// 2145// 252//
f 252// 2145// 2146//
f 252// 2146// 774//
f 774// 2146// 2147//
f 2138// 2145// 2139//
f 2139// 2145// 2144//
f 2139// 2144// 2143//
f 2143// 2142// 2139//
f 2139// 2142// 2141//
f 2139// 2141// 2140//
f 2138// 2137// 2145//
f 2145// 2137// 2136//
f 2145// 2136// 2135//
f 2132// 2146// 2133//
f 2133// 2146// 2145//
f 2133// 2145// 2134//
f 2134// 2145// 2135//
f 777// 2148// 303//
f 303// 2148// 2149//
f 303// 2149// 305//
f 305// 2149// 2150//
f 305// 2150// 2151//
f 305// 2151// 245//
f 245// 2151// 2152//
f 245// 2152// 87//
f 87// 2152// 2153//
f 87// 2153// 88//
f 88// 2153// 2154//
f 88// 2154// 163//
f 163// 2154// 2155//
f 163// 2155// 164//
f 164// 2155// 2156//
f 164// 2156// 165//
f 165// 2156// 2157//
f 165// 2157// 166//
f 166// 2157// 2158//
f 166// 2158// 401//
f 401// 2158// 2159//
f 401// 2159// 402//
f 402// 2159// 2160//
f 402// 2160// 403//
f 403// 2160// 2161//
f 403// 2161// 502//
f 502// 2161// 2162//
f 502// 2162// 404//
f 404// 2162// 405//
f 405// 2162// 2163//
f 405// 2163// 776//
f 776// 2163// 2164//
f 2162// 2161// 2160//
f 2157// 2156// 2162//
f 2162// 2156// 2155//
f 2160// 2159// 2162//
f 2162// 2159// 2158//
f 2162// 2158// 2157//
f 2155// 2154// 2162//
f 2162// 2154// 2153//
f 2162// 2153// 2152//
f 2149// 2163// 2150//
f 2150// 2163// 2162//
f 2150// 2162// 2151//
f 2151// 2162// 2152//
f 779// 2165// 244//
f 244// 2165// 2166//
f 244// 2166// 301//
f 301// 2166// 2167//
f 301// 2167// 2168//
f 301// 2168// 128//
f 128// 2168// 2169//
f 128// 2169// 55//
f 55// 2169// 2170//
f 55// 2170// 56//
f 56// 2170// 2171//
f 56// 2171// 83//
f 83// 2171// 2172//
f 83// 2172// 84//
f 84// 2172// 2173//
f 84// 2173// 85//
f 85// 2173// 2174//
f 85// 2174// 86//
f 86// 2174// 2175//
f 86// 2175// 246//
f 246// 2175// 2176//
f 246// 2176// 247//
f 247// 2176// 2177//
f 247// 2177// 307//
f 307// 2177// 2178//
f 307// 2178// 306//
f 306// 2178// 2179//
f 306// 2179// 304//
f 304// 2179// 302//
f 302// 2179// 2180//
f 302// 2180// 778//
f 778// 2180// 2181//
f 2179// 2178// 2177//
f 2174// 2173// 2179//
f 2179// 2173// 2172//
f 2177// 2176// 2179//
f 2179// 2176// 2175//
f 2179// 2175// 2174//
f 2172// 2171// 2179//
f 2179// 2171// 2170//
f 2179// 2170// 2169//
f 2166// 2180// 2167//
f 2167// 2180// 2179//
f 2167// 2179// 2168//
f 2168// 2179// 2169//
f 781// 2182// 241//
f 241// 2182// 2183//
f 241// 2183// 299//
f 299// 2183// 2184//
f 299// 2184// 2185//
f 299// 2185// 160//
f 160// 2185// 2186//
f 160// 2186// 161//
f 161// 2186// 2187//
f 161// 2187// 162//
f 162// 2187// 2188//
f 162// 2188// 52//
f 52// 2188// 2189//
f 52// 2189// 53//
f 53// 2189// 2190//
f 53// 2190// 15//
f 15// 2190// 2191//
f 15// 2191// 16//
f 16// 2191// 2192//
f 16// 2192// 194//
f 194// 2192// 2193//
f 194// 2193// 126//
f 126// 2193// 2194//
f 126// 2194// 127//
f 127// 2194// 2195//
f 127// 2195// 300//
f 300// 2195// 2196//
f 300// 2196// 242//
f 242// 2196// 243//
f 243// 2196// 2197//
f 243// 2197// 780//
f 780// 2197// 2198//
f 2192// 2191// 2196//
f 2196// 2191// 2190//
f 2196// 2190// 2189//
f 2192// 2196// 2193//
f 2193// 2196// 2195//
f 2193// 2195// 2194//
f 2189// 2188// 2196//
f 2196// 2188// 2187//
f 2196// 2187// 2186//
f 2183// 2197// 2184//
f 2184// 2197// 2196//
f 2184// 2196// 2185//
f 2185// 2196// 2186//
f 783// 2199// 193//
f 193// 2199// 2200//
f 193// 2200// 235//
f 235// 2200// 2201//
f 235// 2201// 2202//
f 235// 2202// 188//
f 188// 2202// 2203//
f 188// 2203// 78//
f 78// 2203// 2204//
f 78// 2204// 79//
f 79// 2204// 2205//
f 79// 2205// 81//
f 81// 2205// 2206//
f 81// 2206// 82//
f 82// 2206// 2207//
f 82// 2207// 125//
f 125// 2207// 2208//
f 125// 2208// 54//
f 54// 2208// 2209//
f 54// 2209// 236//
f 236// 2209// 2210//
f 236// 2210// 237//
f 237// 2210// 2211//
f 237// 2211// 238//
f 238// 2211// 2212//
f 238// 2212// 298//
f 298// 2212// 2213//
f 298// 2213// 239//
f 239// 2213// 240//
f 240// 2213// 2214//
f 240// 2214// 782//
f 782// 2214// 2215//
f 2213// 2212// 2211//
f 2208// 2207// 2213//
f 2213// 2207// 2206//
f 2211// 2210// 2213//
f 2213// 2210// 2209//
f 2213// 2209// 2208//
f 2206// 2205// 2213//
f 2213// 2205// 2204//
f 2213// 2204// 2203//
f 2200// 2214// 2201//
f 2201// 2214// 2213//
f 2201// 2213// 2202//
f 2202// 2213// 2203//
f 785// 2216// 124//
f 124// 2216// 2217//
f 124// 2217// 159//
f 159// 2217// 2218//
f 159// 2218// 2219//
f 159// 2219// 158//
f 158// 2219// 2220//
f 158// 2220// 48//
f 48// 2220// 2221//
f 48// 2221// 50//
f 50// 2221// 2222//
f 50// 2222// 51//
f 51// 2222// 2223//
f 51// 2223// 75//
f 75// 2223// 2224//
f 75// 2224// 76//
f 76// 2224// 2225//
f 76// 2225// 77//
f 77// 2225// 2226//
f 77// 2226// 80//
f 80// 2226// 2227//
f 80// 2227// 189//
f 189// 2227// 2228//
f 189// 2228// 190//
f 190// 2228// 2229//
f 190// 2229// 234//
f 234// 2229// 2230//
f 234// 2230// 191//
f 191// 2230// 192//
f 192// 2230// 2231//
f 192// 2231// 784//
f 784// 2231// 2232//
f 2217// 2231// 2218//
f 2218// 2231// 2230//
f 2218// 2230// 2229//
f 2229// 2228// 2218//
f 2218// 2228// 2227//
f 2218// 2227// 2226//
f 2226// 2225// 2218//
f 2218// 2225// 2224//
f 2218// 2224// 2223//
f 2223// 2222// 2218//
f 2218// 2222// 2221//
f 2218// 2221// 2219//
f 2219// 2221// 2220//
f 787// 2233// 74//
f 74// 2233// 2234//
f 74// 2234// 121//
f 121// 2234// 2235//
f 121// 2235// 2236//
f 121// 2236// 120//
f 120// 2236// 2237//
f 120// 2237// 25//
f 25// 2237// 2238//
f 25// 2238// 27//
f 27// 2238// 2239//
f 27// 2239// 1//
f 1// 2239// 2240//
f 1// 2240// 2//
f 2// 2240// 2241//
f 2// 2241// 31//
f 31// 2241// 2242//
f 31// 2242// 30//
f 30// 2242// 2243//
f 30// 2243// 28//
f 28// 2243// 2244//
f 28// 2244// 49//
f 49// 2244// 2245//
f 49// 2245// 156//
f 156// 2245// 2246//
f 156// 2246// 157//
f 157// 2246// 2247//
f 157// 2247// 122//
f 122// 2247// 123//
f 123// 2247// 2248//
f 123// 2248// 786//
f 786// 2248// 2249//
f 2234// 2248// 2235//
f 2235// 2248// 2247//
f 2235// 2247// 2246//
f 2246// 2245// 2235//
f 2235// 2245// 2244//
f 2235// 2244// 2243//
f 2243// 2242// 2235//
f 2235// 2242// 2241//
f 2235// 2241// 2240//
f 2240// 2239// 2235//
f 2235// 2239// 2238//
f 2235// 2238// 2236//
f 2236// 2238// 2237//
f 763// 2250// 10//
f 10// 2250// 2251//
f 10// 2251// 9//
f 9// 2251// 2252//
f 9// 2252// 2253//
f 9// 2253// 7//
f 7// 2253// 2254//
f 7// 2254// 11//
f 11// 2254// 2255//
f 11// 2255// 12//
f 12// 2255// 2256//
f 12// 2256// 13//
f 13// 2256// 2257//
f 13// 2257// 14//
f 14// 2257// 2258//
f 14// 2258// 20//
f 20// 2258// 2259//
f 20// 2259// 21//
f 21// 2259// 2260//
f 21// 2260// 22//
f 22// 2260// 2261//
f 22// 2261// 26//
f 26// 2261// 2262//
f 26// 2262// 118//
f 118// 2262// 2263//
f 118// 2263// 119//
f 119// 2263// 2264//
f 119// 2264// 72//
f 72// 2264// 73//
f 73// 2264// 2265//
f 73// 2265// 788//
f 788// 2265// 2266//
f 2251// 2265// 2252//
f 2252// 2265// 2264//
f 2252// 2264// 2263//
f 2263// 2262// 2252//
f 2252// 2262// 2261//
f 2252// 2261// 2260//
f 2260// 2259// 2252//
f 2252// 2259// 2258//
f 2252// 2258// 2257//
f 2257// 2256// 2252//
f 2252// 2256// 2255//
f 2252// 2255// 2253//
f 2253// 2255// 2254//
f 756// 2267// 288//
f 288// 2267// 2268//
f 288// 2268// 562//
f 562// 2268// 2269//
f 562// 2269// 2270//
f 562// 2270// 561//
f 561// 2270// 2271//
f 561// 2271// 472//
f 472// 2271// 2272//
f 472// 2272// 648//
f 648// 2272// 2273//
f 648// 2273// 647//
f 647// 2273// 2274//
f 647// 2274// 112//
f 112// 2274// 2275//
f 112// 2275// 500//
f 500// 2275// 2276//
f 500// 2276// 501//
f 501// 2276// 2277//
f 501// 2277// 68//
f 68// 2277// 2278//
f 68// 2278// 70//
f 70// 2278// 2279//
f 70// 2279// 71//
f 71// 2279// 2280//
f 71// 2280// 19//
f 19// 2280// 2281//
f 19// 2281// 18//
f 18// 2281// 8//
f 8// 2281// 2282//
f 8// 2282// 755//
f 755// 2282// 2283//
f 2268// 2282// 2269//
f 2269// 2282// 2281//
f 2269// 2281// 2280//
f 2280// 2279// 2269//
f 2269// 2279// 2278//
f 2269// 2278// 2270//
f 2270// 2278// 2271//
f 2277// 2276// 2273//
f 2273// 2276// 2275//
f 2273// 2275// 2274//
f 2277// 2273// 2278//
f 2278// 2273// 2272//
f 2278// 2272// 2271//
usemtl 5
f 2097// 2113// 2098//
f 2098// 2113// 2112//
f 2113// 2097// 770//
f 770// 2097// 771//
f 2114// 2130// 2115//
f 2115// 2130// 2129//
f 2130// 2114// 772//
f 772// 2114// 773//
f 2131// 2147// 2132//
f 2132// 2147// 2146//
f 2147// 2131// 774//
f 774// 2131// 775//
f 2148// 2164// 2149//
f 2149// 2164// 2163//
f 2164// 2148// 776//
f 776// 2148// 777//
f 2165// 2181// 2166//
f 2166// 2181// 2180//
f 2181// 2165// 778//
f 778// 2165// 779//
f 2182// 2198// 2183//
f 2183// 2198// 2197//
f 2198// 2182// 780//
f 780// 2182// 781//
f 2199// 2215// 2200//
f 2200// 2215// 2214//
f 2215// 2199// 782//
f 782// 2199// 783//
f 2216// 2232// 2217//
f 2217// 2232// 2231//
f 2232// 2216// 784//
f 784// 2216// 785//
f 2233// 2249// 2234//
f 2234// 2249// 2248//
f 2249// 2233// 786//
f 786// 2233// 787//
f 2250// 2266// 2251//
f 2251// 2266// 2265//
f 2266// 2250// 788//
f 788// 2250// 763//
f 2267// 2283// 2268//
f 2268// 2283// 2282//
f 2283// 2267// 755//
f 755// 2267// 756//
usemtl 4
f 1430// 2284// 642//
f 642// 2284// 2285//
f 642// 2285// 644//
f 644// 2285// 2286//
f 644// 2286// 2287//
f 644// 2287// 645//
f 645// 2287// 2288//
f 645// 2288// 568//
f 568// 2288// 2289//
f 568// 2289// 606//
f 606// 2289// 2290//
f 606// 2290// 470//
f 470// 2290// 2291//
f 470// 2291// 471//
f 471// 2291// 2292//
f 471// 2292// 473//
f 473// 2292// 2293//
f 473// 2293// 474//
f 474// 2293// 2294//
f 474// 2294// 559//
f 559// 2294// 2295//
f 559// 2295// 560//
f 560// 2295// 2296//
f 560// 2296// 290//
f 290// 2296// 2297//
f 290// 2297// 289//
f 289// 2297// 2298//
f 289// 2298// 287//
f 287// 2298// 285//
f 285// 2298// 2299//
f 285// 2299// 1431//
f 1431// 2299// 2300//
f 2285// 2299// 2286//
f 2286// 2299// 2298//
f 2297// 2296// 2295//
f 2298// 2293// 2292//
f 2297// 2295// 2298//
f 2298// 2295// 2294//
f 2298// 2294// 2293//
f 2292// 2291// 2298//
f 2298// 2291// 2290//
f 2298// 2290// 2289//
f 2289// 2288// 2298//
f 2298// 2288// 2287//
f 2298// 2287// 2286//
f 1437// 2301// 597//
f 597// 2301// 2302//
f 597// 2302// 599//
f 599// 2302// 2303//
f 599// 2303// 2304//
f 599// 2304// 564//
f 564// 2304// 2305//
f 564// 2305// 565//
f 565// 2305// 2306//
f 565// 2306// 566//
f 566// 2306// 2307//
f 566// 2307// 604//
f 604// 2307// 2308//
f 604// 2308// 603//
f 603// 2308// 2309//
f 603// 2309// 602//
f 602// 2309// 2310//
f 602// 2310// 646//
f 646// 2310// 2311//
f 646// 2311// 605//
f 605// 2311// 2312//
f 605// 2312// 570//
f 570// 2312// 2313//
f 570// 2313// 569//
f 569// 2313// 2314//
f 569// 2314// 567//
f 567// 2314// 2315//
f 567// 2315// 643//
f 643// 2315// 641//
f 641// 2315// 2316//
f 641// 2316// 1436//
f 1436// 2316// 2317//
f 2302// 2316// 2303//
f 2303// 2316// 2315//
f 2315// 2314// 2303//
f 2303// 2314// 2313//
f 2303// 2313// 2312//
f 2305// 2304// 2310//
f 2310// 2304// 2303//
f 2310// 2303// 2311//
f 2311// 2303// 2312//
f 2310// 2309// 2305//
f 2305// 2309// 2308//
f 2305// 2308// 2306//
f 2306// 2308// 2307//
f 1439// 2318// 466//
f 466// 2318// 2319//
f 466// 2319// 468//
f 468// 2319// 2320//
f 468// 2320// 2321//
f 468// 2321// 469//
f 469// 2321// 2322//
f 469// 2322// 379//
f 379// 2322// 2323//
f 379// 2323// 378//
f 378// 2323// 2324//
f 378// 2324// 282//
f 282// 2324// 2325//
f 282// 2325// 283//
f 283// 2325// 2326//
f 283// 2326// 284//
f 284// 2326// 2327//
f 284// 2327// 110//
f 110// 2327// 2328//
f 110// 2328// 111//
f 111// 2328// 2329//
f 111// 2329// 563//
f 563// 2329// 2330//
f 563// 2330// 601//
f 601// 2330// 2331//
f 601// 2331// 600//
f 600// 2331// 2332//
f 600// 2332// 598//
f 598// 2332// 596//
f 596// 2332// 2333//
f 596// 2333// 1438//
f 1438// 2333// 2334//
f 2319// 2333// 2320//
f 2320// 2333// 2332//
f 2327// 2323// 2322//
f 2332// 2331// 2320//
f 2320// 2331// 2330//
f 2320// 2330// 2329//
f 2327// 2326// 2323//
f 2323// 2326// 2325//
f 2323// 2325// 2324//
f 2329// 2328// 2320//
f 2320// 2328// 2327//
f 2320// 2327// 2321//
f 2321// 2327// 2322//
f 1441// 2335// 553//
f 553// 2335// 2336//
f 553// 2336// 555//
f 555// 2336// 2337//
f 555// 2337// 2338//
f 555// 2338// 557//
f 557// 2338// 2339//
f 557// 2339// 558//
f 558// 2339// 2340//
f 558// 2340// 230//
f 230// 2340// 2341//
f 230// 2341// 228//
f 228// 2341// 2342//
f 228// 2342// 277//
f 277// 2342// 2343//
f 277// 2343// 278//
f 278// 2343// 2344//
f 278// 2344// 279//
f 279// 2344// 2345//
f 279// 2345// 280//
f 280// 2345// 2346//
f 280// 2346// 281//
f 281// 2346// 2347//
f 281// 2347// 376//
f 376// 2347// 2348//
f 376// 2348// 377//
f 377// 2348// 2349//
f 377// 2349// 467//
f 467// 2349// 465//
f 465// 2349// 2350//
f 465// 2350// 1440//
f 1440// 2350// 2351//
f 2336// 2350// 2337//
f 2337// 2350// 2349//
f 2342// 2341// 2340//
f 2346// 2345// 2337//
f 2337// 2345// 2344//
f 2337// 2344// 2338//
f 2338// 2344// 2339//
f 2349// 2348// 2337//
f 2337// 2348// 2347//
f 2337// 2347// 2346//
f 2339// 2344// 2340//
f 2340// 2344// 2343//
f 2340// 2343// 2342//
f 1443// 2352// 635//
f 635// 2352// 2353//
f 635// 2353// 637//
f 637// 2353// 2354//
f 637// 2354// 2355//
f 637// 2355// 639//
f 639// 2355// 2356//
f 639// 2356// 640//
f 640// 2356// 2357//
f 640// 2357// 375//
f 375// 2357// 2358//
f 375// 2358// 373//
f 373// 2358// 2359//
f 373// 2359// 462//
f 462// 2359// 2360//
f 462// 2360// 463//
f 463// 2360// 2361//
f 463// 2361// 464//
f 464// 2361// 2362//
f 464// 2362// 226//
f 226// 2362// 2363//
f 226// 2363// 227//
f 227// 2363// 2364//
f 227// 2364// 229//
f 229// 2364// 2365//
f 229// 2365// 556//
f 556// 2365// 2366//
f 556// 2366// 554//
f 554// 2366// 552//
f 552// 2366// 2367//
f 552// 2367// 1442//
f 1442// 2367// 2368//
f 2353// 2367// 2354//
f 2354// 2367// 2366//
f 2354// 2366// 2365//
f 2359// 2358// 2357//
f 2356// 2355// 2361//
f 2361// 2355// 2354//
f 2361// 2354// 2362//
f 2365// 2364// 2354//
f 2354// 2364// 2363//
f 2354// 2363// 2362//
f 2356// 2361// 2357//
f 2357// 2361// 2360//
f 2357// 2360// 2359//
f 1445// 2369// 693//
f 693// 2369// 2370//
f 693// 2370// 695//
f 695// 2370// 2371//
f 695// 2371// 2372//
f 695// 2372// 696//
f 696// 2372// 2373//
f 696// 2373// 453//
f 453// 2373// 2374//
f 453// 2374// 458//
f 458// 2374// 2375//
f 458// 2375// 457//
f 457// 2375// 2376//
f 457// 2376// 459//
f 459// 2376// 2377//
f 459// 2377// 460//
f 460// 2377// 2378//
f 460// 2378// 461//
f 461// 2378// 2379//
f 461// 2379// 371//
f 371// 2379// 2380//
f 371// 2380// 372//
f 372// 2380// 2381//
f 372// 2381// 374//
f 374// 2381// 2382//
f 374// 2382// 638//
f 638// 2382// 2383//
f 638// 2383// 636//
f 636// 2383// 634//
f 634// 2383// 2384//
f 634// 2384// 1444//
f 1444// 2384// 2385//
f 2370// 2384// 2371//
f 2371// 2384// 2383//
f 2383// 2382// 2371//
f 2371// 2382// 2381//
f 2371// 2381// 2380//
f 2380// 2379// 2371//
f 2371// 2379// 2378//
f 2371// 2378// 2372//
f 2375// 2374// 2376//
f 2376// 2374// 2377//
f 2377// 2374// 2378//
f 2378// 2374// 2373//
f 2378// 2373// 2372//
f 1447// 2386// 698//
f 698// 2386// 2387//
f 698// 2387// 700//
f 700// 2387// 2388//
f 700// 2388// 2389//
f 700// 2389// 702//
f 702// 2389// 2390//
f 702// 2390// 703//
f 703// 2390// 2391//
f 703// 2391// 295//
f 295// 2391// 2392//
f 295// 2392// 296//
f 296// 2392// 2393//
f 296// 2393// 611//
f 611// 2393// 2394//
f 611// 2394// 610//
f 610// 2394// 2395//
f 610// 2395// 151//
f 151// 2395// 2396//
f 151// 2396// 152//
f 152// 2396// 2397//
f 152// 2397// 456//
f 456// 2397// 2398//
f 456// 2398// 454//
f 454// 2398// 2399//
f 454// 2399// 455//
f 455// 2399// 2400//
f 455// 2400// 694//
f 694// 2400// 692//
f 692// 2400// 2401//
f 692// 2401// 1446//
f 1446// 2401// 2402//
f 2387// 2401// 2388//
f 2388// 2401// 2400//
f 2395// 2391// 2390//
f 2400// 2399// 2388//
f 2388// 2399// 2398//
f 2388// 2398// 2397//
f 2395// 2394// 2391//
f 2391// 2394// 2393//
f 2391// 2393// 2392//
f 2397// 2396// 2388//
f 2388// 2396// 2395//
f 2388// 2395// 2389//
f 2389// 2395// 2390//
f 1449// 2403// 650//
f 650// 2403// 2404//
f 650// 2404// 652//
f 652// 2404// 2405//
f 652// 2405// 2406//
f 652// 2406// 654//
f 654// 2406// 2407//
f 654// 2407// 655//
f 655// 2407// 2408//
f 655// 2408// 231//
f 231// 2408// 2409//
f 231// 2409// 232//
f 232// 2409// 2410//
f 232// 2410// 497//
f 497// 2410// 2411//
f 497// 2411// 498//
f 498// 2411// 2412//
f 498// 2412// 186//
f 186// 2412// 2413//
f 186// 2413// 187//
f 187// 2413// 2414//
f 187// 2414// 612//
f 612// 2414// 2415//
f 612// 2415// 297//
f 297// 2415// 2416//
f 297// 2416// 701//
f 701// 2416// 2417//
f 701// 2417// 699//
f 699// 2417// 697//
f 697// 2417// 2418//
f 697// 2418// 1448//
f 1448// 2418// 2419//
f 2404// 2418// 2405//
f 2405// 2418// 2417//
f 2405// 2417// 2416//
f 2410// 2409// 2408//
f 2407// 2406// 2412//
f 2412// 2406// 2405//
f 2412// 2405// 2413//
f 2416// 2415// 2405//
f 2405// 2415// 2414//
f 2405// 2414// 2413//
f 2407// 2412// 2408//
f 2408// 2412// 2411//
f 2408// 2411// 2410//
f 1429// 2420// 577//
f 577// 2420// 2421//
f 577// 2421// 579//
f 579// 2421// 2422//
f 579// 2422// 2423//
f 579// 2423// 580//
f 580// 2423// 2424//
f 580// 2424// 496//
f 496// 2424// 2425//
f 496// 2425// 495//
f 495// 2425// 2426//
f 495// 2426// 397//
f 397// 2426// 2427//
f 397// 2427// 399//
f 399// 2427// 2428//
f 399// 2428// 400//
f 400// 2428// 2429//
f 400// 2429// 153//
f 153// 2429// 2430//
f 153// 2430// 154//
f 154// 2430// 2431//
f 154// 2431// 294//
f 294// 2431// 2432//
f 294// 2432// 233//
f 233// 2432// 2433//
f 233// 2433// 653//
f 653// 2433// 2434//
f 653// 2434// 651//
f 651// 2434// 649//
f 649// 2434// 2435//
f 649// 2435// 1450//
f 1450// 2435// 2436//
f 2421// 2435// 2422//
f 2422// 2435// 2434//
f 2434// 2433// 2422//
f 2422// 2433// 2432//
f 2422// 2432// 2431//
f 2429// 2425// 2424//
f 2429// 2428// 2425//
f 2425// 2428// 2427//
f 2425// 2427// 2426//
f 2431// 2430// 2422//
f 2422// 2430// 2429//
f 2422// 2429// 2423//
f 2423// 2429// 2424//
f 1422// 2437// 486//
f 486// 2437// 2438//
f 486// 2438// 488//
f 488// 2438// 2439//
f 488// 2439// 2440//
f 488// 2440// 489//
f 489// 2440// 2441//
f 489// 2441// 395//
f 395// 2441// 2442//
f 395// 2442// 394//
f 394// 2442// 2443//
f 394// 2443// 184//
f 184// 2443// 2444//
f 184// 2444// 185//
f 185// 2444// 2445//
f 185// 2445// 490//
f 490// 2445// 2446//
f 490// 2446// 491//
f 491// 2446// 2447//
f 491// 2447// 398//
f 398// 2447// 2448//
f 398// 2448// 396//
f 396// 2448// 2449//
f 396// 2449// 493//
f 493// 2449// 2450//
f 493// 2450// 494//
f 494// 2450// 2451//
f 494// 2451// 578//
f 578// 2451// 576//
f 576// 2451// 2452//
f 576// 2452// 1421//
f 1421// 2452// 2453//
f 2438// 2452// 2439//
f 2439// 2452// 2451//
f 2446// 2442// 2441//
f 2451// 2450// 2439//
f 2439// 2450// 2449//
f 2439// 2449// 2448//
f 2446// 2445// 2442//
f 2442// 2445// 2444//
f 2442// 2444// 2443//
f 2448// 2447// 2439//
f 2439// 2447// 2446//
f 2439// 2446// 2440//
f 2440// 2446// 2441//
f 1423// 2454// 479//
f 479// 2454// 2455//
f 479// 2455// 481//
f 481// 2455// 2456//
f 481// 2456// 2457//
f 481// 2457// 483//
f 483// 2457// 2458//
f 483// 2458// 484//
f 484// 2458// 2459//
f 484// 2459// 291//
f 291// 2459// 2460//
f 291// 2460// 292//
f 292// 2460// 2461//
f 292// 2461// 178//
f 178// 2461// 2462//
f 178// 2462// 179//
f 179// 2462// 2463//
f 179// 2463// 389//
f 389// 2463// 2464//
f 389// 2464// 390//
f 390// 2464// 2465//
f 390// 2465// 391//
f 391// 2465// 2466//
f 391// 2466// 392//
f 392// 2466// 2467//
f 392// 2467// 393//
f 393// 2467// 2468//
f 393// 2468// 487//
f 487// 2468// 485//
f 485// 2468// 2469//
f 485// 2469// 1428//
f 1428// 2469// 2470//
f 2455// 2469// 2456//
f 2456// 2469// 2468//
f 2463// 2459// 2458//
f 2468// 2467// 2456//
f 2456// 2467// 2466//
f 2456// 2466// 2465//
f 2463// 2462// 2459//
f 2459// 2462// 2461//
f 2459// 2461// 2460//
f 2465// 2464// 2456//
f 2456// 2464// 2463//
f 2456// 2463// 2457//
f 2457// 2463// 2458//
f 1427// 2471// 574//
f 574// 2471// 2472//
f 574// 2472// 575//
f 575// 2472// 2473//
f 575// 2473// 2474//
f 575// 2474// 383//
f 383// 2474// 2475//
f 383// 2475// 384//
f 384// 2475// 2476//
f 384// 2476// 608//
f 608// 2476// 2477//
f 608// 2477// 609//
f 609// 2477// 2478//
f 609// 2478// 387//
f 387// 2478// 2479//
f 387// 2479// 388//
f 388// 2479// 2480//
f 388// 2480// 476//
f 476// 2480// 2481//
f 476// 2481// 477//
f 477// 2481// 2482//
f 477// 2482// 183//
f 183// 2482// 2483//
f 183// 2483// 293//
f 293// 2483// 2484//
f 293// 2484// 482//
f 482// 2484// 2485//
f 482// 2485// 480//
f 480// 2485// 478//
f 478// 2485// 2486//
f 478// 2486// 1424//
f 1424// 2486// 2487//
f 2472// 2486// 2473//
f 2473// 2486// 2485//
f 2484// 2483// 2482//
f 2485// 2480// 2479//
f 2484// 2482// 2485//
f 2485// 2482// 2481//
f 2485// 2481// 2480//
f 2479// 2478// 2485//
f 2485// 2478// 2477//
f 2485// 2477// 2476//
f 2476// 2475// 2485//
f 2485// 2475// 2474//
f 2485// 2474// 2473//
usemtl 5
f 2284// 2300// 2285//
f 2285// 2300// 2299//
f 2300// 2284// 1431//
f 1431// 2284// 1430//
f 2301// 2317// 2302//
f 2302// 2317// 2316//
f 2317// 2301// 1436//
f 1436// 2301// 1437//
f 2318// 2334// 2319//
f 2319// 2334// 2333//
f 2334// 2318// 1438//
f 1438// 2318// 1439//
f 2335// 2351// 2336//
f 2336// 2351// 2350//
f 2351// 2335// 1440//
f 1440// 2335// 1441//
f 2352// 2368// 2353//
f 2353// 2368// 2367//
f 2368// 2352// 1442//
f 1442// 2352// 1443//
f 2369// 2385// 2370//
f 2370// 2385// 2384//
f 2385// 2369// 1444//
f 1444// 2369// 1445//
f 2386// 2402// 2387//
f 2387// 2402// 2401//
f 2402// 2386// 1446//
f 1446// 2386// 1447//
f 2403// 2419// 2404//
f 2404// 2419// 2418//
f 2419// 2403// 1448//
f 1448// 2403// 1449//
f 2420// 2436// 2421//
f 2421// 2436// 2435//
f 2436// 2420// 1450//
f 1450// 2420// 1429//
f 2437// 2453// 2438//
f 2438// 2453// 2452//
f 2453// 2437// 1421//
f 1421// 2437// 1422//
f 2454// 2470// 2455//
f 2455// 2470// 2469//
f 2470// 2454// 1428//
f 1428// 2454// 1423//
f 2471// 2487// 2472//
f 2472// 2487// 2486//
f 2487// 2471// 1424//
f 1424// 2471// 1427//
usemtl 4
f 1358// 2488// 751//
f 751// 2488// 2489//
f 751// 2489// 753//
f 753// 2489// 2490//
f 753// 2490// 2491//
f 753// 2491// 754//
f 754// 2491// 2492//
f 754// 2492// 728//
f 728// 2492// 2493//
f 728// 2493// 745//
f 745// 2493// 2494//
f 745// 2494// 744//
f 744// 2494// 2495//
f 744// 2495// 380//
f 380// 2495// 2496//
f 380// 2496// 181//
f 181// 2496// 2497//
f 181// 2497// 182//
f 182// 2497// 2498//
f 182// 2498// 386//
f 386// 2498// 2499//
f 386// 2499// 607//
f 607// 2499// 2500//
f 607// 2500// 475//
f 475// 2500// 2501//
f 475// 2501// 385//
f 385// 2501// 2502//
f 385// 2502// 573//
f 573// 2502// 571//
f 571// 2502// 2503//
f 571// 2503// 1362//
f 1362// 2503// 2504//
f 2489// 2503// 2490//
f 2490// 2503// 2502//
f 2502// 2501// 2490//
f 2490// 2501// 2500//
f 2490// 2500// 2499//
f 2497// 2496// 2498//
f 2498// 2496// 2499//
f 2496// 2495// 2499//
f 2499// 2495// 2494//
f 2499// 2494// 2493//
f 2493// 2492// 2499//
f 2499// 2492// 2491//
f 2499// 2491// 2490//
f 1361// 2505// 741//
f 741// 2505// 2506//
f 741// 2506// 749//
f 749// 2506// 2507//
f 749// 2507// 2508//
f 749// 2508// 748//
f 748// 2508// 2509//
f 748// 2509// 719//
f 719// 2509// 2510//
f 719// 2510// 720//
f 720// 2510// 2511//
f 720// 2511// 734//
f 734// 2511// 2512//
f 734// 2512// 735//
f 735// 2512// 2513//
f 735// 2513// 736//
f 736// 2513// 2514//
f 736// 2514// 737//
f 737// 2514// 2515//
f 737// 2515// 738//
f 738// 2515// 2516//
f 738// 2516// 726//
f 726// 2516// 2517//
f 726// 2517// 727//
f 727// 2517// 2518//
f 727// 2518// 729//
f 729// 2518// 2519//
f 729// 2519// 752//
f 752// 2519// 750//
f 750// 2519// 2520//
f 750// 2520// 1360//
f 1360// 2520// 2521//
f 2506// 2520// 2507//
f 2507// 2520// 2519//
f 2513// 2512// 2519//
f 2519// 2512// 2511//
f 2519// 2511// 2510//
f 2517// 2516// 2518//
f 2518// 2516// 2515//
f 2518// 2515// 2519//
f 2519// 2515// 2514//
f 2519// 2514// 2513//
f 2510// 2509// 2519//
f 2519// 2509// 2508//
f 2519// 2508// 2507//
f 1369// 2522// 725//
f 725// 2522// 2523//
f 725// 2523// 733//
f 733// 2523// 2524//
f 733// 2524// 2525//
f 733// 2525// 732//
f 732// 2525// 2526//
f 732// 2526// 715//
f 715// 2526// 2527//
f 715// 2527// 716//
f 716// 2527// 2528//
f 716// 2528// 717//
f 717// 2528// 2529//
f 717// 2529// 718//
f 718// 2529// 2530//
f 718// 2530// 688//
f 688// 2530// 2531//
f 688// 2531// 689//
f 689// 2531// 2532//
f 689// 2532// 690//
f 690// 2532// 2533//
f 690// 2533// 691//
f 691// 2533// 2534//
f 691// 2534// 746//
f 746// 2534// 2535//
f 746// 2535// 747//
f 747// 2535// 2536//
f 747// 2536// 739//
f 739// 2536// 740//
f 740// 2536// 2537//
f 740// 2537// 1368//
f 1368// 2537// 2538//
f 2523// 2537// 2524//
f 2524// 2537// 2536//
f 2534// 2530// 2535//
f 2535// 2530// 2536//
f 2530// 2529// 2536//
f 2536// 2529// 2528//
f 2536// 2528// 2527//
f 2534// 2533// 2530//
f 2530// 2533// 2532//
f 2530// 2532// 2531//
f 2527// 2526// 2536//
f 2536// 2526// 2525//
f 2536// 2525// 2524//
f 1359// 2539// 633//
f 633// 2539// 2540//
f 633// 2540// 687//
f 687// 2540// 2541//
f 687// 2541// 2542//
f 687// 2542// 548//
f 548// 2542// 2543//
f 548// 2543// 547//
f 547// 2543// 2544//
f 547// 2544// 546//
f 546// 2544// 2545//
f 546// 2545// 551//
f 551// 2545// 2546//
f 551// 2546// 550//
f 550// 2546// 2547//
f 550// 2547// 549//
f 549// 2547// 2548//
f 549// 2548// 593//
f 593// 2548// 2549//
f 593// 2549// 594//
f 594// 2549// 2550//
f 594// 2550// 595//
f 595// 2550// 2551//
f 595// 2551// 730//
f 730// 2551// 2552//
f 730// 2552// 731//
f 731// 2552// 2553//
f 731// 2553// 723//
f 723// 2553// 724//
f 724// 2553// 2554//
f 724// 2554// 1371//
f 1371// 2554// 2555//
f 2546// 2553// 2547//
f 2547// 2553// 2552//
f 2547// 2552// 2551//
f 2551// 2550// 2547//
f 2547// 2550// 2549//
f 2547// 2549// 2548//
f 2546// 2545// 2553//
f 2553// 2545// 2544//
f 2553// 2544// 2543//
f 2540// 2554// 2541//
f 2541// 2554// 2553//
f 2541// 2553// 2542//
f 2542// 2553// 2543//
f 1357// 2556// 674//
f 674// 2556// 2557//
f 674// 2557// 676//
f 676// 2557// 2558//
f 676// 2558// 2559//
f 676// 2559// 678//
f 678// 2559// 2560//
f 678// 2560// 679//
f 679// 2560// 2561//
f 679// 2561// 541//
f 541// 2561// 2562//
f 541// 2562// 590//
f 590// 2562// 2563//
f 590// 2563// 452//
f 452// 2563// 2564//
f 452// 2564// 223//
f 223// 2564// 2565//
f 223// 2565// 224//
f 224// 2565// 2566//
f 224// 2566// 628//
f 628// 2566// 2567//
f 628// 2567// 629//
f 629// 2567// 2568//
f 629// 2568// 630//
f 630// 2568// 2569//
f 630// 2569// 686//
f 686// 2569// 2570//
f 686// 2570// 631//
f 631// 2570// 632//
f 632// 2570// 2571//
f 632// 2571// 1356//
f 1356// 2571// 2572//
f 2570// 2569// 2568//
f 2565// 2564// 2570//
f 2570// 2564// 2563//
f 2568// 2567// 2570//
f 2570// 2567// 2566//
f 2570// 2566// 2565//
f 2563// 2562// 2570//
f 2570// 2562// 2561//
f 2570// 2561// 2560//
f 2557// 2571// 2558//
f 2558// 2571// 2570//
f 2558// 2570// 2559//
f 2559// 2570// 2560//
f 1366// 2573// 714//
f 714// 2573// 2574//
f 714// 2574// 722//
f 722// 2574// 2575//
f 722// 2575// 2576//
f 722// 2576// 627//
f 627// 2576// 2577//
f 627// 2577// 626//
f 626// 2577// 2578//
f 626// 2578// 622//
f 622// 2578// 2579//
f 622// 2579// 623//
f 623// 2579// 2580//
f 623// 2580// 592//
f 592// 2580// 2581//
f 592// 2581// 591//
f 591// 2581// 2582//
f 591// 2582// 539//
f 539// 2582// 2583//
f 539// 2583// 540//
f 540// 2583// 2584//
f 540// 2584// 542//
f 542// 2584// 2585//
f 542// 2585// 543//
f 543// 2585// 2586//
f 543// 2586// 677//
f 677// 2586// 2587//
f 677// 2587// 675//
f 675// 2587// 673//
f 673// 2587// 2588//
f 673// 2588// 1367//
f 1367// 2588// 2589//
f 2583// 2582// 2581//
f 2586// 2581// 2587//
f 2587// 2581// 2580//
f 2586// 2585// 2581//
f 2581// 2585// 2584//
f 2581// 2584// 2583//
f 2580// 2579// 2587//
f 2587// 2579// 2578//
f 2587// 2578// 2577//
f 2574// 2588// 2575//
f 2575// 2588// 2587//
f 2575// 2587// 2576//
f 2576// 2587// 2577//
f 1370// 2590// 685//
f 685// 2590// 2591//
f 685// 2591// 711//
f 711// 2591// 2592//
f 711// 2592// 2593//
f 711// 2593// 587//
f 587// 2593// 2594//
f 587// 2594// 588//
f 588// 2594// 2595//
f 588// 2595// 589//
f 589// 2595// 2596//
f 589// 2596// 368//
f 368// 2596// 2597//
f 368// 2597// 369//
f 369// 2597// 2598//
f 369// 2598// 275//
f 275// 2598// 2599//
f 275// 2599// 276//
f 276// 2599// 2600//
f 276// 2600// 621//
f 621// 2600// 2601//
f 621// 2601// 624//
f 624// 2601// 2602//
f 624// 2602// 625//
f 625// 2602// 2603//
f 625// 2603// 721//
f 721// 2603// 2604//
f 721// 2604// 712//
f 712// 2604// 713//
f 713// 2604// 2605//
f 713// 2605// 1374//
f 1374// 2605// 2606//
f 2600// 2599// 2604//
f 2604// 2599// 2598//
f 2604// 2598// 2597//
f 2600// 2604// 2601//
f 2601// 2604// 2603//
f 2601// 2603// 2602//
f 2597// 2596// 2604//
f 2604// 2596// 2595//
f 2604// 2595// 2594//
f 2591// 2605// 2592//
f 2592// 2605// 2604//
f 2592// 2604// 2593//
f 2593// 2604// 2594//
f 1373// 2607// 449//
f 449// 2607// 2608//
f 449// 2608// 538//
f 538// 2608// 2609//
f 538// 2609// 2610//
f 538// 2610// 444//
f 444// 2610// 2611//
f 444// 2611// 218//
f 218// 2611// 2612//
f 218// 2612// 219//
f 219// 2612// 2613//
f 219// 2613// 221//
f 221// 2613// 2614//
f 221// 2614// 222//
f 222// 2614// 2615//
f 222// 2615// 544//
f 544// 2615// 2616//
f 544// 2616// 370//
f 370// 2616// 2617//
f 370// 2617// 680//
f 680// 2617// 2618//
f 680// 2618// 681//
f 681// 2618// 2619//
f 681// 2619// 682//
f 682// 2619// 2620//
f 682// 2620// 710//
f 710// 2620// 2621//
f 710// 2621// 683//
f 683// 2621// 684//
f 684// 2621// 2622//
f 684// 2622// 1372//
f 1372// 2622// 2623//
f 2621// 2620// 2619//
f 2616// 2615// 2621//
f 2621// 2615// 2614//
f 2619// 2618// 2621//
f 2621// 2618// 2617//
f 2621// 2617// 2616//
f 2614// 2613// 2621//
f 2621// 2613// 2612//
f 2621// 2612// 2611//
f 2608// 2622// 2609//
f 2609// 2622// 2621//
f 2609// 2621// 2610//
f 2610// 2621// 2611//
f 1375// 2624// 365//
f 365// 2624// 2625//
f 365// 2625// 443//
f 443// 2625// 2626//
f 443// 2626// 2627//
f 443// 2627// 442//
f 442// 2627// 2628//
f 442// 2628// 176//
f 176// 2628// 2629//
f 176// 2629// 177//
f 177// 2629// 2630//
f 177// 2630// 217//
f 217// 2630// 2631//
f 217// 2631// 216//
f 216// 2631// 2632//
f 216// 2632// 451//
f 451// 2632// 2633//
f 451// 2633// 545//
f 545// 2633// 2634//
f 545// 2634// 220//
f 220// 2634// 2635//
f 220// 2635// 445//
f 445// 2635// 2636//
f 445// 2636// 446//
f 446// 2636// 2637//
f 446// 2637// 537//
f 537// 2637// 2638//
f 537// 2638// 447//
f 447// 2638// 448//
f 448// 2638// 2639//
f 448// 2639// 1378//
f 1378// 2639// 2640//
f 2625// 2639// 2626//
f 2626// 2639// 2638//
f 2626// 2638// 2637//
f 2637// 2636// 2626//
f 2626// 2636// 2635//
f 2626// 2635// 2634//
f 2634// 2633// 2626//
f 2626// 2633// 2632//
f 2626// 2632// 2631//
f 2631// 2630// 2626//
f 2626// 2630// 2629//
f 2626// 2629// 2627//
f 2627// 2629// 2628//
f 1377// 2641// 274//
f 274// 2641// 2642//
f 274// 2642// 362//
f 362// 2642// 2643//
f 362// 2643// 2644//
f 362// 2644// 361//
f 361// 2644// 2645//
f 361// 2645// 149//
f 149// 2645// 2646//
f 149// 2646// 150//
f 150// 2646// 2647//
f 150// 2647// 174//
f 174// 2647// 2648//
f 174// 2648// 145//
f 145// 2648// 2649//
f 145// 2649// 450//
f 450// 2649// 2650//
f 450// 2650// 214//
f 214// 2650// 2651//
f 214// 2651// 215//
f 215// 2651// 2652//
f 215// 2652// 175//
f 175// 2652// 2653//
f 175// 2653// 440//
f 440// 2653// 2654//
f 440// 2654// 441//
f 441// 2654// 2655//
f 441// 2655// 363//
f 363// 2655// 364//
f 364// 2655// 2656//
f 364// 2656// 1376//
f 1376// 2656// 2657//
f 2642// 2656// 2643//
f 2643// 2656// 2655//
f 2643// 2655// 2654//
f 2654// 2653// 2643//
f 2643// 2653// 2652//
f 2643// 2652// 2651//
f 2651// 2650// 2643//
f 2643// 2650// 2649//
f 2643// 2649// 2648//
f 2648// 2647// 2643//
f 2643// 2647// 2646//
f 2643// 2646// 2644//
f 2644// 2646// 2645//
f 1379// 2658// 114//
f 114// 2658// 2659//
f 114// 2659// 116//
f 116// 2659// 2660//
f 116// 2660// 2661//
f 116// 2661// 117//
f 117// 2661// 2662//
f 117// 2662// 4//
f 4// 2662// 2663//
f 4// 2663// 5//
f 5// 2663// 2664//
f 5// 2664// 108//
f 108// 2664// 2665//
f 108// 2665// 109//
f 109// 2665// 2666//
f 109// 2666// 146//
f 146// 2666// 2667//
f 146// 2667// 147//
f 147// 2667// 2668//
f 147// 2668// 173//
f 173// 2668// 2669//
f 173// 2669// 148//
f 148// 2669// 2670//
f 148// 2670// 359//
f 359// 2670// 2671//
f 359// 2671// 360//
f 360// 2671// 2672//
f 360// 2672// 272//
f 272// 2672// 273//
f 273// 2672// 2673//
f 273// 2673// 1382//
f 1382// 2673// 2674//
f 2659// 2673// 2660//
f 2660// 2673// 2672//
f 2660// 2672// 2671//
f 2671// 2670// 2660//
f 2660// 2670// 2669//
f 2660// 2669// 2668//
f 2668// 2667// 2660//
f 2660// 2667// 2666//
f 2660// 2666// 2665//
f 2665// 2664// 2660//
f 2660// 2664// 2663//
f 2660// 2663// 2661//
f 2661// 2663// 2662//
f 1381// 2675// 37//
f 37// 2675// 2676//
f 37// 2676// 208//
f 208// 2676// 2677//
f 208// 2677// 2678//
f 208// 2678// 207//
f 207// 2678// 2679//
f 207// 2679// 93//
f 93// 2679// 2680//
f 93// 2680// 527//
f 527// 2680// 2681//
f 527// 2681// 526//
f 526// 2681// 2682//
f 526// 2682// 134//
f 134// 2682// 2683//
f 134// 2683// 619//
f 619// 2683// 2684//
f 619// 2684// 666//
f 666// 2684// 2685//
f 666// 2685// 366//
f 366// 2685// 2686//
f 366// 2686// 367//
f 367// 2686// 2687//
f 367// 2687// 107//
f 107// 2687// 2688//
f 107// 2688// 6//
f 6// 2688// 2689//
f 6// 2689// 115//
f 115// 2689// 113//
f 113// 2689// 2690//
f 113// 2690// 1380//
f 1380// 2690// 2691//
f 2676// 2690// 2677//
f 2677// 2690// 2689//
f 2677// 2689// 2688//
f 2688// 2687// 2677//
f 2677// 2687// 2686//
f 2677// 2686// 2678//
f 2678// 2686// 2679//
f 2685// 2684// 2681//
f 2681// 2684// 2683//
f 2681// 2683// 2682//
f 2685// 2681// 2686//
f 2686// 2681// 2680//
f 2686// 2680// 2679//
usemtl 5
f 2488// 2504// 2489//
f 2489// 2504// 2503//
f 2504// 2488// 1362//
f 1362// 2488// 1358//
f 2505// 2521// 2506//
f 2506// 2521// 2520//
f 2521// 2505// 1360//
f 1360// 2505// 1361//
f 2522// 2538// 2523//
f 2523// 2538// 2537//
f 2538// 2522// 1368//
f 1368// 2522// 1369//
f 2539// 2555// 2540//
f 2540// 2555// 2554//
f 2555// 2539// 1371//
f 1371// 2539// 1359//
f 2556// 2572// 2557//
f 2557// 2572// 2571//
f 2572// 2556// 1356//
f 1356// 2556// 1357//
f 2573// 2589// 2574//
f 2574// 2589// 2588//
f 2589// 2573// 1367//
f 1367// 2573// 1366//
f 2590// 2606// 2591//
f 2591// 2606// 2605//
f 2606// 2590// 1374//
f 1374// 2590// 1370//
f 2607// 2623// 2608//
f 2608// 2623// 2622//
f 2623// 2607// 1372//
f 1372// 2607// 1373//
f 2624// 2640// 2625//
f 2625// 2640// 2639//
f 2640// 2624// 1378//
f 1378// 2624// 1375//
f 2641// 2657// 2642//
f 2642// 2657// 2656//
f 2657// 2641// 1376//
f 1376// 2641// 1377//
f 2658// 2674// 2659//
f 2659// 2674// 2673//
f 2674// 2658// 1382//
f 1382// 2658// 1379//
f 2675// 2691// 2676//
f 2676// 2691// 2690//
f 2691// 2675// 1380//
f 1380// 2675// 1381//
usemtl 4
f 1387// 2692// 255//
f 255// 2692// 2693//
f 255// 2693// 257//
f 257// 2693// 2694//
f 257// 2694// 2695//
f 257// 2695// 258//
f 258// 2695// 2696//
f 258// 2696// 131//
f 131// 2696// 2697//
f 131// 2697// 59//
f 59// 2697// 2698//
f 59// 2698// 91//
f 91// 2698// 2699//
f 91// 2699// 92//
f 92// 2699// 2700//
f 92// 2700// 94//
f 94// 2700// 2701//
f 94// 2701// 95//
f 95// 2701// 2702//
f 95// 2702// 205//
f 205// 2702// 2703//
f 205// 2703// 206//
f 206// 2703// 2704//
f 206// 2704// 39//
f 39// 2704// 2705//
f 39// 2705// 38//
f 38// 2705// 2706//
f 38// 2706// 36//
f 36// 2706// 34//
f 34// 2706// 2707//
f 34// 2707// 1393//
f 1393// 2707// 2708//
f 2694// 2693// 2707//
f 2696// 2705// 2697//
f 2697// 2705// 2698//
f 2707// 2706// 2694//
f 2694// 2706// 2705//
f 2694// 2705// 2695//
f 2695// 2705// 2696//
f 2701// 2700// 2702//
f 2702// 2700// 2703//
f 2705// 2704// 2698//
f 2698// 2704// 2703//
f 2698// 2703// 2699//
f 2699// 2703// 2700//
f 1390// 2709// 520//
f 520// 2709// 2710//
f 520// 2710// 522//
f 522// 2710// 2711//
f 522// 2711// 2712//
f 522// 2712// 523//
f 523// 2712// 2713//
f 523// 2713// 337//
f 337// 2713// 2714//
f 337// 2714// 266//
f 266// 2714// 2715//
f 266// 2715// 524//
f 524// 2715// 2716//
f 524// 2716// 525//
f 525// 2716// 2717//
f 525// 2717// 432//
f 432// 2717// 2718//
f 432// 2718// 433//
f 433// 2718// 2719//
f 433// 2719// 57//
f 57// 2719// 2720//
f 57// 2720// 58//
f 58// 2720// 2721//
f 58// 2721// 129//
f 129// 2721// 2722//
f 129// 2722// 130//
f 130// 2722// 2723//
f 130// 2723// 256//
f 256// 2723// 254//
f 254// 2723// 2724//
f 254// 2724// 1389//
f 1389// 2724// 2725//
f 2710// 2724// 2711//
f 2711// 2724// 2723//
f 2723// 2722// 2711//
f 2711// 2722// 2721//
f 2711// 2721// 2712//
f 2715// 2714// 2721//
f 2721// 2714// 2713//
f 2721// 2713// 2712//
f 2718// 2721// 2719//
f 2719// 2721// 2720//
f 2718// 2717// 2721//
f 2721// 2717// 2716//
f 2721// 2716// 2715//
f 1392// 2726// 515//
f 515// 2726// 2727//
f 515// 2727// 517//
f 517// 2727// 2728//
f 517// 2728// 2729//
f 517// 2729// 518//
f 518// 2729// 2730//
f 518// 2730// 331//
f 331// 2730// 2731//
f 331// 2731// 263//
f 263// 2731// 2732//
f 263// 2732// 332//
f 332// 2732// 2733//
f 332// 2733// 333//
f 333// 2733// 2734//
f 333// 2734// 334//
f 334// 2734// 2735//
f 334// 2735// 135//
f 135// 2735// 2736//
f 135// 2736// 136//
f 136// 2736// 2737//
f 136// 2737// 267//
f 267// 2737// 2738//
f 267// 2738// 335//
f 335// 2738// 2739//
f 335// 2739// 336//
f 336// 2739// 2740//
f 336// 2740// 521//
f 521// 2740// 519//
f 519// 2740// 2741//
f 519// 2741// 1391//
f 1391// 2741// 2742//
f 2727// 2741// 2728//
f 2728// 2741// 2740//
f 2739// 2730// 2740//
f 2740// 2730// 2729//
f 2740// 2729// 2728//
f 2739// 2738// 2730//
f 2730// 2738// 2737//
f 2730// 2737// 2731//
f 2731// 2737// 2732//
f 2737// 2736// 2735//
f 2735// 2734// 2737//
f 2737// 2734// 2733//
f 2737// 2733// 2732//
f 1399// 2743// 582//
f 582// 2743// 2744//
f 582// 2744// 584//
f 584// 2744// 2745//
f 584// 2745// 2746//
f 584// 2746// 320//
f 320// 2746// 2747//
f 320// 2747// 323//
f 323// 2747// 2748//
f 323// 2748// 324//
f 324// 2748// 2749//
f 324// 2749// 325//
f 325// 2749// 2750//
f 325// 2750// 326//
f 326// 2750// 2751//
f 326// 2751// 327//
f 327// 2751// 2752//
f 327// 2752// 328//
f 328// 2752// 2753//
f 328// 2753// 264//
f 264// 2753// 2754//
f 264// 2754// 265//
f 265// 2754// 2755//
f 265// 2755// 329//
f 329// 2755// 2756//
f 329// 2756// 330//
f 330// 2756// 2757//
f 330// 2757// 516//
f 516// 2757// 514//
f 514// 2757// 2758//
f 514// 2758// 1398//
f 1398// 2758// 2759//
f 2744// 2758// 2745//
f 2745// 2758// 2757//
f 2754// 2753// 2752//
f 2748// 2747// 2755//
f 2752// 2751// 2754//
f 2754// 2751// 2750//
f 2754// 2750// 2755//
f 2755// 2750// 2749//
f 2755// 2749// 2748//
f 2757// 2756// 2745//
f 2745// 2756// 2755//
f 2745// 2755// 2746//
f 2746// 2755// 2747//
f 1401// 2760// 509//
f 509// 2760// 2761//
f 509// 2761// 511//
f 511// 2761// 2762//
f 511// 2762// 2763//
f 511// 2763// 424//
f 424// 2763// 2764//
f 424// 2764// 426//
f 426// 2764// 2765//
f 426// 2765// 427//
f 427// 2765// 2766//
f 427// 2766// 428//
f 428// 2766// 2767//
f 428// 2767// 429//
f 429// 2767// 2768//
f 429// 2768// 430//
f 430// 2768// 2769//
f 430// 2769// 431//
f 431// 2769// 2770//
f 431// 2770// 321//
f 321// 2770// 2771//
f 321// 2771// 322//
f 322// 2771// 2772//
f 322// 2772// 586//
f 586// 2772// 2773//
f 586// 2773// 585//
f 585// 2773// 2774//
f 585// 2774// 583//
f 583// 2774// 581//
f 581// 2774// 2775//
f 581// 2775// 1400//
f 1400// 2775// 2776//
f 2763// 2762// 2771//
f 2761// 2775// 2762//
f 2762// 2775// 2774//
f 2774// 2773// 2762//
f 2762// 2773// 2772//
f 2762// 2772// 2771//
f 2767// 2766// 2771//
f 2766// 2765// 2771//
f 2771// 2765// 2764//
f 2771// 2764// 2763//
f 2770// 2769// 2771//
f 2771// 2769// 2768//
f 2771// 2768// 2767//
f 1403// 2777// 415//
f 415// 2777// 2778//
f 415// 2778// 417//
f 417// 2778// 2779//
f 417// 2779// 2780//
f 417// 2780// 259//
f 259// 2780// 2781//
f 259// 2781// 260//
f 260// 2781// 2782//
f 260// 2782// 261//
f 261// 2782// 2783//
f 261// 2783// 262//
f 262// 2783// 2784//
f 262// 2784// 420//
f 420// 2784// 2785//
f 420// 2785// 421//
f 421// 2785// 2786//
f 421// 2786// 422//
f 422// 2786// 2787//
f 422// 2787// 423//
f 423// 2787// 2788//
f 423// 2788// 425//
f 425// 2788// 2789//
f 425// 2789// 513//
f 513// 2789// 2790//
f 513// 2790// 512//
f 512// 2790// 2791//
f 512// 2791// 510//
f 510// 2791// 508//
f 508// 2791// 2792//
f 508// 2792// 1402//
f 1402// 2792// 2793//
f 2778// 2792// 2779//
f 2779// 2792// 2791//
f 2785// 2784// 2779//
f 2791// 2790// 2779//
f 2779// 2790// 2789//
f 2779// 2789// 2788//
f 2783// 2782// 2781//
f 2783// 2781// 2784//
f 2784// 2781// 2780//
f 2784// 2780// 2779//
f 2788// 2787// 2779//
f 2779// 2787// 2786//
f 2779// 2786// 2785//
f 1405// 2794// 705//
f 705// 2794// 2795//
f 705// 2795// 707//
f 707// 2795// 2796//
f 707// 2796// 2797//
f 707// 2797// 536//
f 536// 2797// 2798//
f 536// 2798// 535//
f 535// 2798// 2799//
f 535// 2799// 533//
f 533// 2799// 2800//
f 533// 2800// 616//
f 616// 2800// 2801//
f 616// 2801// 617//
f 617// 2801// 2802//
f 617// 2802// 618//
f 618// 2802// 2803//
f 618// 2803// 665//
f 665// 2803// 2804//
f 665// 2804// 132//
f 132// 2804// 2805//
f 132// 2805// 133//
f 133// 2805// 2806//
f 133// 2806// 419//
f 419// 2806// 2807//
f 419// 2807// 418//
f 418// 2807// 2808//
f 418// 2808// 416//
f 416// 2808// 414//
f 414// 2808// 2809//
f 414// 2809// 1404//
f 1404// 2809// 2810//
f 2802// 2801// 2806//
f 2806// 2801// 2807//
f 2799// 2798// 2808//
f 2807// 2801// 2808//
f 2808// 2801// 2800//
f 2808// 2800// 2799//
f 2795// 2809// 2796//
f 2796// 2809// 2808//
f 2796// 2808// 2797//
f 2797// 2808// 2798//
f 2805// 2804// 2806//
f 2806// 2804// 2803//
f 2806// 2803// 2802//
f 1407// 2811// 657//
f 657// 2811// 2812//
f 657// 2812// 659//
f 659// 2812// 2813//
f 659// 2813// 2814//
f 659// 2814// 439//
f 439// 2814// 2815//
f 439// 2815// 438//
f 438// 2815// 2816//
f 438// 2816// 436//
f 436// 2816// 2817//
f 436// 2817// 614//
f 614// 2817// 2818//
f 614// 2818// 615//
f 615// 2818// 2819//
f 615// 2819// 357//
f 357// 2819// 2820//
f 357// 2820// 358//
f 358// 2820// 2821//
f 358// 2821// 664//
f 664// 2821// 2822//
f 664// 2822// 534//
f 534// 2822// 2823//
f 534// 2823// 709//
f 709// 2823// 2824//
f 709// 2824// 708//
f 708// 2824// 2825//
f 708// 2825// 706//
f 706// 2825// 704//
f 704// 2825// 2826//
f 704// 2826// 1406//
f 1406// 2826// 2827//
f 2812// 2826// 2813//
f 2813// 2826// 2825//
f 2813// 2825// 2814//
f 2814// 2825// 2815//
f 2818// 2817// 2823//
f 2825// 2824// 2815//
f 2815// 2824// 2823//
f 2815// 2823// 2816//
f 2816// 2823// 2817//
f 2823// 2822// 2818//
f 2818// 2822// 2821//
f 2818// 2821// 2819//
f 2819// 2821// 2820//
f 1409// 2828// 529//
f 529// 2828// 2829//
f 529// 2829// 531//
f 531// 2829// 2830//
f 531// 2830// 2831//
f 531// 2831// 532//
f 532// 2831// 2832//
f 532// 2832// 271//
f 271// 2832// 2833//
f 271// 2833// 269//
f 269// 2833// 2834//
f 269// 2834// 662//
f 662// 2834// 2835//
f 662// 2835// 663//
f 663// 2835// 2836//
f 663// 2836// 613//
f 613// 2836// 2837//
f 613// 2837// 434//
f 434// 2837// 2838//
f 434// 2838// 435//
f 435// 2838// 2839//
f 435// 2839// 437//
f 437// 2839// 2840//
f 437// 2840// 661//
f 661// 2840// 2841//
f 661// 2841// 660//
f 660// 2841// 2842//
f 660// 2842// 658//
f 658// 2842// 656//
f 656// 2842// 2843//
f 656// 2843// 1408//
f 1408// 2843// 2844//
f 2829// 2843// 2830//
f 2830// 2843// 2842//
f 2834// 2833// 2841//
f 2841// 2833// 2832//
f 2841// 2832// 2842//
f 2842// 2832// 2831//
f 2842// 2831// 2830//
f 2838// 2837// 2836//
f 2834// 2841// 2835//
f 2835// 2841// 2840//
f 2835// 2840// 2836//
f 2836// 2840// 2839//
f 2836// 2839// 2838//
f 1411// 2845// 348//
f 348// 2845// 2846//
f 348// 2846// 350//
f 350// 2846// 2847//
f 350// 2847// 2848//
f 350// 2848// 351//
f 351// 2848// 2849//
f 351// 2849// 99//
f 99// 2849// 2850//
f 99// 2850// 100//
f 100// 2850// 2851//
f 100// 2851// 352//
f 352// 2851// 2852//
f 352// 2852// 354//
f 354// 2852// 2853//
f 354// 2853// 355//
f 355// 2853// 2854//
f 355// 2854// 356//
f 356// 2854// 2855//
f 356// 2855// 142//
f 142// 2855// 2856//
f 142// 2856// 143//
f 143// 2856// 2857//
f 143// 2857// 268//
f 268// 2857// 2858//
f 268// 2858// 270//
f 270// 2858// 2859//
f 270// 2859// 530//
f 530// 2859// 528//
f 528// 2859// 2860//
f 528// 2860// 1410//
f 1410// 2860// 2861//
f 2846// 2860// 2847//
f 2847// 2860// 2859//
f 2859// 2858// 2847//
f 2847// 2858// 2857//
f 2847// 2857// 2848//
f 2851// 2850// 2857//
f 2857// 2850// 2849//
f 2857// 2849// 2848//
f 2854// 2857// 2855//
f 2855// 2857// 2856//
f 2854// 2853// 2857//
f 2857// 2853// 2852//
f 2857// 2852// 2851//
f 1388// 2862// 169//
f 169// 2862// 2863//
f 169// 2863// 213//
f 213// 2863// 2864//
f 213// 2864// 2865//
f 213// 2865// 102//
f 102// 2865// 2866//
f 102// 2866// 103//
f 103// 2866// 2867//
f 103// 2867// 105//
f 105// 2867// 2868//
f 105// 2868// 106//
f 106// 2868// 2869//
f 106// 2869// 341//
f 341// 2869// 2870//
f 341// 2870// 343//
f 343// 2870// 2871//
f 343// 2871// 344//
f 344// 2871// 2872//
f 344// 2872// 346//
f 346// 2872// 2873//
f 346// 2873// 353//
f 353// 2873// 2874//
f 353// 2874// 141//
f 141// 2874// 2875//
f 141// 2875// 101//
f 101// 2875// 2876//
f 101// 2876// 349//
f 349// 2876// 347//
f 347// 2876// 2877//
f 347// 2877// 1413//
f 1413// 2877// 2878//
f 2863// 2877// 2864//
f 2864// 2877// 2876//
f 2875// 2866// 2876//
f 2876// 2866// 2865//
f 2876// 2865// 2864//
f 2875// 2874// 2866//
f 2866// 2874// 2873//
f 2866// 2873// 2867//
f 2867// 2873// 2868//
f 2873// 2872// 2871//
f 2871// 2870// 2873//
f 2873// 2870// 2869//
f 2873// 2869// 2868//
f 1415// 2879// 98//
f 98// 2879// 2880//
f 98// 2880// 97//
f 97// 2880// 2881//
f 97// 2881// 2882//
f 97// 2882// 96//
f 96// 2882// 2883//
f 96// 2883// 137//
f 137// 2883// 2884//
f 137// 2884// 138//
f 138// 2884// 2885//
f 138// 2885// 139//
f 139// 2885// 2886//
f 139// 2886// 140//
f 140// 2886// 2887//
f 140// 2887// 209//
f 209// 2887// 2888//
f 209// 2888// 210//
f 210// 2888// 2889//
f 210// 2889// 339//
f 339// 2889// 2890//
f 339// 2890// 342//
f 342// 2890// 2891//
f 342// 2891// 104//
f 104// 2891// 2892//
f 104// 2892// 212//
f 212// 2892// 2893//
f 212// 2893// 167//
f 167// 2893// 168//
f 168// 2893// 2894//
f 168// 2894// 1412//
f 1412// 2894// 2895//
f 2881// 2880// 2894//
f 2883// 2892// 2884//
f 2884// 2892// 2885//
f 2894// 2893// 2881//
f 2881// 2893// 2892//
f 2881// 2892// 2882//
f 2882// 2892// 2883//
f 2887// 2890// 2888//
f 2888// 2890// 2889//
f 2892// 2891// 2885//
f 2885// 2891// 2890//
f 2885// 2890// 2886//
f 2886// 2890// 2887//
usemtl 5
f 2692// 2708// 2693//
f 2693// 2708// 2707//
f 2708// 2692// 1393//
f 1393// 2692// 1387//
f 2709// 2725// 2710//
f 2710// 2725// 2724//
f 2725// 2709// 1389//
f 1389// 2709// 1390//
f 2726// 2742// 2727//
f 2727// 2742// 2741//
f 2742// 2726// 1391//
f 1391// 2726// 1392//
f 2743// 2759// 2744//
f 2744// 2759// 2758//
f 2759// 2743// 1398//
f 1398// 2743// 1399//
f 2760// 2776// 2761//
f 2761// 2776// 2775//
f 2776// 2760// 1400//
f 1400// 2760// 1401//
f 2777// 2793// 2778//
f 2778// 2793// 2792//
f 2793// 2777// 1402//
f 1402// 2777// 1403//
f 2794// 2810// 2795//
f 2795// 2810// 2809//
f 2810// 2794// 1404//
f 1404// 2794// 1405//
f 2811// 2827// 2812//
f 2812// 2827// 2826//
f 2827// 2811// 1406//
f 1406// 2811// 1407//
f 2828// 2844// 2829//
f 2829// 2844// 2843//
f 2844// 2828// 1408//
f 1408// 2828// 1409//
f 2845// 2861// 2846//
f 2846// 2861// 2860//
f 2861// 2845// 1410//
f 1410// 2845// 1411//
f 2862// 2878// 2863//
f 2863// 2878// 2877//
f 2878// 2862// 1413//
f 1413// 2862// 1388//
f 2879// 2895// 2880//
f 2880// 2895// 2894//
f 2895// 2879// 1412//
f 1412// 2879// 1415//
usemtl 4
f 29// 2896// 2897//
f 29// 2897// 47//
f 47// 2897// 2898//
f 47// 2898// 3//
f 3// 2898// 2899//
f 3// 2899// 69//
f 69// 2899// 67//
f 67// 2899// 2900//
f 67// 2900// 2901//
f 67// 2901// 499//
f 499// 2901// 2902//
f 499// 2902// 155//
f 155// 2902// 2903//
f 155// 2903// 492//
f 492// 2903// 180//
f 180// 2903// 2904//
f 180// 2904// 2905//
f 180// 2905// 382//
f 382// 2905// 2906//
f 382// 2906// 381//
f 381// 2906// 2907//
f 381// 2907// 742//
f 742// 2907// 2908//
f 742// 2908// 743//
f 743// 2908// 2909//
f 743// 2909// 225//
f 225// 2909// 2910//
f 225// 2910// 669//
f 669// 2910// 670//
f 670// 2910// 2911//
f 670// 2911// 2912//
f 670// 2912// 671//
f 671// 2912// 2913//
f 671// 2913// 672//
f 672// 2913// 2914//
f 672// 2914// 667//
f 667// 2914// 2915//
f 667// 2915// 668//
f 668// 2915// 2916//
f 668// 2916// 620//
f 620// 2916// 2917//
f 620// 2917// 144//
f 144// 2917// 2918//
f 144// 2918// 345//
f 345// 2918// 340//
f 340// 2918// 2919//
f 340// 2919// 2920//
f 340// 2920// 338//
f 338// 2920// 2921//
f 338// 2921// 211//
f 211// 2921// 2922//
f 211// 2922// 64//
f 64// 2922// 2923//
f 64// 2923// 62//
f 62// 2923// 2924//
f 62// 2924// 23//
f 23// 2924// 2925//
f 23// 2925// 17//
f 17// 2925// 29//
f 29// 2925// 2896//
f 2920// 2919// 2925//
f 2925// 2919// 2911//
f 2925// 2911// 2896//
f 2904// 2903// 2911//
f 2911// 2903// 2902//
f 2925// 2924// 2920//
f 2920// 2924// 2923//
f 2920// 2923// 2921//
f 2921// 2923// 2922//
f 2919// 2918// 2911//
f 2911// 2918// 2917//
f 2911// 2917// 2912//
f 2912// 2917// 2916//
f 2916// 2915// 2912//
f 2912// 2915// 2914//
f 2912// 2914// 2913//
f 2902// 2901// 2911//
f 2911// 2901// 2900//
f 2911// 2900// 2899//
f 2899// 2898// 2911//
f 2911// 2898// 2897//
f 2911// 2897// 2896//
f 2906// 2909// 2907//
f 2907// 2909// 2908//
f 2911// 2910// 2904//
f 2904// 2910// 2909//
f 2904// 2909// 2905//
f 2905// 2909// 2906//
usemtl 5
f 2926// 2927// 2928//
f 2928// 2927// 2929//
f 2929// 2927// 1433//
f 1433// 2927// 1434//
f 2927// 2926// 1434//
f 1434// 2926// 1435//
f 2926// 2928// 1435//
f 1435// 2928// 1432//
f 2928// 2929// 1432//
f 1432// 2929// 1433//
f 2930// 2931// 1416//
f 1416// 2931// 1414//
f 2931// 2932// 1414//
f 1414// 2932// 1418//
f 2932// 2933// 1418//
f 1418// 2933// 1417//
f 2933// 2930// 1417//
f 1417// 2930// 1416//
f 2932// 2931// 2933//
f 2933// 2931// 2930//
f 2934// 2935// 2936//
f 2936// 2935// 2937//
f 2937// 2935// 1425//
f 1425// 2935// 1426//
f 2935// 2934// 1426//
f 1426// 2934// 1419//
f 2934// 2936// 1419//
f 1419// 2936// 1420//
f 2936// 2937// 1420//
f 1420// 2937// 1425//
f 2938// 2939// 1396//
f 1396// 2939// 1397//
f 2939// 2940// 1397//
f 1397// 2940// 1394//
f 2940// 2941// 1394//
f 1394// 2941// 1395//
f 2941// 2938// 1395//
f 1395// 2938// 1396//
f 2940// 2939// 2941//
f 2941// 2939// 2938//
f 2942// 2943// 2944//
f 2944// 2943// 2945//
f 2944// 2945// 1383//
f 1383// 2945// 1386//
f 2942// 2944// 1384//
f 1384// 2944// 1383//
f 2943// 2942// 1385//
f 1385// 2942// 1384//
f 2945// 2943// 1386//
f 1386// 2943// 1385//
f 2946// 2947// 767//
f 767// 2947// 768//
f 2948// 2946// 766//
f 766// 2946// 767//
f 2949// 2948// 769//
f 769// 2948// 766//
f 2947// 2949// 768//
f 768// 2949// 769//
f 2948// 2949// 2946//
f 2946// 2949// 2947//
f 2950// 2951// 2952//
f 2952// 2951// 2953//
f 2952// 2953// 1363//
f 1363// 2953// 1364//
f 2950// 2952// 1355//
f 1355// 2952// 1363//
f 2951// 2950// 1365//
f 1365// 2950// 1355//
f 2953// 2951// 1364//
f 1364// 2951// 1365//
f 2954// 2955// 760//
f 760// 2955// 761//
f 2956// 2954// 758//
f 758// 2954// 760//
f 2957// 2956// 762//
f 762// 2956// 758//
f 2955// 2957// 761//
f 761// 2957// 762//
f 2956// 2957// 2954//
f 2954// 2957// 2955//
