ISO-10303-21;
HEADER;
FILE_DESCRIPTION (( 'STEP AP214' ),
    '1' );
FILE_NAME ('74EA173B-254E-4795-82BF-614890822701.STEP',
    '2024-04-15T13:40:07',
    ( '' ),
    ( '' ),
    'SwSTEP 2.0',
    'SolidWorks 2022',
    '' );
FILE_SCHEMA (( 'AUTOMOTIVE_DESIGN' ));
ENDSEC;

DATA;
#1 = CARTESIAN_POINT ( 'NONE',  ( 0.2500000000000019429, -0.1000000000000000056, -3.099999999999996092 ) ) ;
#2 = AXIS2_PLACEMENT_3D ( 'NONE', #5969, #4198, #189 ) ;
#3 = PLANE ( 'NONE',  #205 ) ;
#4 = ORIENTED_EDGE ( 'NONE', *, *, #2196, .F. ) ;
#5 = EDGE_CURVE ( 'NONE', #2896, #5628, #5499, .T. ) ;
#6 = DIRECTION ( 'NONE',  ( 0.0000000000000000000, 0.0000000000000000000, 1.000000000000000000 ) ) ;
#7 = VECTOR ( 'NONE', #1958, 1000.000000000000000 ) ;
#8 = CARTESIAN_POINT ( 'NONE',  ( -3.224999999999998757, 0.0000000000000000000, -1.625000000000001554 ) ) ;
#9 = FACE_OUTER_BOUND ( 'NONE', #1655, .T. ) ;
#10 = CARTESIAN_POINT ( 'NONE',  ( -0.6250000000000004441, 0.0000000000000000000, 3.500000000000000888 ) ) ;
#11 = ORIENTED_EDGE ( 'NONE', *, *, #1161, .T. ) ;
#12 = ORIENTED_EDGE ( 'NONE', *, *, #2521, .T. ) ;
#13 = DIRECTION ( 'NONE',  ( 0.0000000000000000000, 0.0000000000000000000, 1.000000000000000000 ) ) ;
#14 = VERTEX_POINT ( 'NONE', #945 ) ;
#15 = CIRCLE ( 'NONE', #5601, 0.1249999999999996808 ) ;
#16 = ORIENTED_EDGE ( 'NONE', *, *, #4138, .T. ) ;
#17 = VECTOR ( 'NONE', #1127, 1000.000000000000000 ) ;
#18 = DIRECTION ( 'NONE',  ( 0.0000000000000000000, 0.0000000000000000000, 1.000000000000000000 ) ) ;
#19 = ORIENTED_EDGE ( 'NONE', *, *, #2113, .F. ) ;
#20 = LINE ( 'NONE', #3423, #6837 ) ;
#21 = DIRECTION ( 'NONE',  ( -1.000000000000000000, 0.0000000000000000000, -3.154042683594174709E-15 ) ) ;
#22 = VERTEX_POINT ( 'NONE', #4430 ) ;
#23 = DIRECTION ( 'NONE',  ( 0.0000000000000000000, 0.0000000000000000000, 1.000000000000000000 ) ) ;
#24 = CIRCLE ( 'NONE', #4280, 0.1249999999999996808 ) ;
#25 = DIRECTION ( 'NONE',  ( 0.0000000000000000000, 0.0000000000000000000, 1.000000000000000000 ) ) ;
#26 = CARTESIAN_POINT ( 'NONE',  ( 0.1250000000000001110, 1.000000000000000000, 3.500000000000000888 ) ) ;
#27 = ORIENTED_EDGE ( 'NONE', *, *, #2711, .F. ) ;
#28 = FACE_OUTER_BOUND ( 'NONE', #6489, .T. ) ;
#29 = DIRECTION ( 'NONE',  ( 0.0000000000000000000, 1.000000000000000000, 0.0000000000000000000 ) ) ;
#30 = ORIENTED_EDGE ( 'NONE', *, *, #2858, .F. ) ;
#31 = DIRECTION ( 'NONE',  ( 0.0000000000000000000, 1.000000000000000000, 0.0000000000000000000 ) ) ;
#32 = FACE_OUTER_BOUND ( 'NONE', #5090, .T. ) ;
#33 = DIRECTION ( 'NONE',  ( -0.0000000000000000000, 1.000000000000000000, 0.0000000000000000000 ) ) ;
#34 = ORIENTED_EDGE ( 'NONE', *, *, #5593, .F. ) ;
#35 = DIRECTION ( 'NONE',  ( 0.0000000000000000000, 0.0000000000000000000, 1.000000000000000000 ) ) ;
#36 = CARTESIAN_POINT ( 'NONE',  ( 3.942553354492969835E-16, 0.0000000000000000000, -0.1250000000000079936 ) ) ;
#37 = CIRCLE ( 'NONE', #4673, 0.1249999999999992506 ) ;
#38 = ORIENTED_EDGE ( 'NONE', *, *, #4205, .F. ) ;
#39 = PLANE ( 'NONE',  #6325 ) ;
#40 = EDGE_CURVE ( 'NONE', #6465, #1423, #3297, .T. ) ;
#41 = DIRECTION ( 'NONE',  ( 0.0000000000000000000, 0.0000000000000000000, 1.000000000000000000 ) ) ;
#42 = AXIS2_PLACEMENT_3D ( 'NONE', #624, #3777, #5326 ) ;
#43 = DIRECTION ( 'NONE',  ( 0.0000000000000000000, 0.0000000000000000000, 1.000000000000000000 ) ) ;
#44 = CARTESIAN_POINT ( 'NONE',  ( -1.249999999999998002, -0.1000000000000000056, -3.099999999999996092 ) ) ;
#45 = DIRECTION ( 'NONE',  ( 0.0000000000000000000, -1.000000000000000000, 0.0000000000000000000 ) ) ;
#46 = EDGE_LOOP ( 'NONE', ( #5015, #3135, #12, #1105 ) ) ;
#47 = CARTESIAN_POINT ( 'NONE',  ( -2.624999999999998668, -0.1000000000000000056, -3.224999999999995204 ) ) ;
#48 = ORIENTED_EDGE ( 'NONE', *, *, #1841, .T. ) ;
#49 = ORIENTED_EDGE ( 'NONE', *, *, #2488, .F. ) ;
#50 = AXIS2_PLACEMENT_3D ( 'NONE', #4235, #744, #188 ) ;
#51 = EDGE_CURVE ( 'NONE', #1914, #3399, #387, .T. ) ;
#52 = ADVANCED_FACE ( 'NONE', ( #2033 ), #7347, .F. ) ;
#53 = AXIS2_PLACEMENT_3D ( 'NONE', #137, #5396, #6464 ) ;
#54 = VERTEX_POINT ( 'NONE', #4358 ) ;
#55 = CARTESIAN_POINT ( 'NONE',  ( 0.0000000000000000000, -0.1000000000000000056, 0.0000000000000000000 ) ) ;
#56 = VECTOR ( 'NONE', #5369, 1000.000000000000000 ) ;
#57 = VERTEX_POINT ( 'NONE', #6671 ) ;
#58 = CARTESIAN_POINT ( 'NONE',  ( 3.500000000000000888, 1.000000000000000000, -3.499999999999999112 ) ) ;
#59 = LINE ( 'NONE', #2408, #4437 ) ;
#60 = VERTEX_POINT ( 'NONE', #1454 ) ;
#61 = DIRECTION ( 'NONE',  ( 0.0000000000000000000, 0.0000000000000000000, 1.000000000000000000 ) ) ;
#62 = VECTOR ( 'NONE', #4784, 1000.000000000000000 ) ;
#63 = ADVANCED_FACE ( 'NONE', ( #3899 ), #3782, .F. ) ;
#64 = AXIS2_PLACEMENT_3D ( 'NONE', #2121, #3231, #2663 ) ;
#65 = EDGE_CURVE ( 'NONE', #4871, #2715, #2960, .T. ) ;
#66 = DIRECTION ( 'NONE',  ( 0.0000000000000000000, 1.000000000000000000, 0.0000000000000000000 ) ) ;
#67 = CARTESIAN_POINT ( 'NONE',  ( 0.0000000000000000000, -0.1000000000000000056, 0.0000000000000000000 ) ) ;
#68 = LINE ( 'NONE', #520, #4530 ) ;
#69 = LINE ( 'NONE', #3018, #1638 ) ;
#70 = VECTOR ( 'NONE', #1139, 1000.000000000000000 ) ;
#71 = VERTEX_POINT ( 'NONE', #2697 ) ;
#72 = DIRECTION ( 'NONE',  ( -0.0000000000000000000, -1.000000000000000000, -0.0000000000000000000 ) ) ;
#73 = ADVANCED_FACE ( 'NONE', ( #1570 ), #5567, .T. ) ;
#74 = FACE_OUTER_BOUND ( 'NONE', #3380, .T. ) ;
#75 = FACE_OUTER_BOUND ( 'NONE', #6528, .T. ) ;
#76 = CARTESIAN_POINT ( 'NONE',  ( 5.125319360840550566E-15, -0.1000000000000000056, -1.625000000000008216 ) ) ;
#77 = DIRECTION ( 'NONE',  ( -0.0000000000000000000, -1.000000000000000000, -0.0000000000000000000 ) ) ;
#78 = CARTESIAN_POINT ( 'NONE',  ( 1.875000000000000000, -0.1000000000000000056, 3.225000000000000533 ) ) ;
#79 = ORIENTED_EDGE ( 'NONE', *, *, #6331, .F. ) ;
#80 = EDGE_CURVE ( 'NONE', #6767, #1738, #6745, .T. ) ;
#81 = VECTOR ( 'NONE', #4671, 1000.000000000000000 ) ;
#82 = CARTESIAN_POINT ( 'NONE',  ( -3.224999999999998757, 0.0000000000000000000, -1.125000000000001554 ) ) ;
#83 = DIRECTION ( 'NONE',  ( -0.0000000000000000000, -1.000000000000000000, -0.0000000000000000000 ) ) ;
#84 = LINE ( 'NONE', #5865, #6577 ) ;
#85 = DIRECTION ( 'NONE',  ( 0.0000000000000000000, -0.0000000000000000000, -1.000000000000000000 ) ) ;
#86 = AXIS2_PLACEMENT_3D ( 'NONE', #3692, #6691, #7214 ) ;
#87 = EDGE_LOOP ( 'NONE', ( #5748, #2605, #825, #5170 ) ) ;
#88 = CARTESIAN_POINT ( 'NONE',  ( 3.500000000000001776, -0.1000000000000000333, 1.875000000000002220 ) ) ;
#89 = ORIENTED_EDGE ( 'NONE', *, *, #7018, .T. ) ;
#90 = VERTEX_POINT ( 'NONE', #5688 ) ;
#91 = EDGE_CURVE ( 'NONE', #1726, #6753, #2194, .T. ) ;
#92 = ORIENTED_EDGE ( 'NONE', *, *, #4423, .F. ) ;
#93 = CARTESIAN_POINT ( 'NONE',  ( -3.224999999999998757, 0.0000000000000000000, -0.3750000000000018319 ) ) ;
#94 = LINE ( 'NONE', #3011, #5412 ) ;
#95 = VERTEX_POINT ( 'NONE', #1651 ) ;
#96 = LINE ( 'NONE', #4134, #3142 ) ;
#97 = EDGE_CURVE ( 'NONE', #22, #2692, #431, .T. ) ;
#98 = CARTESIAN_POINT ( 'NONE',  ( 3.225000000000001421, -0.1000000000000000056, 0.3750000000000022204 ) ) ;
#99 = LINE ( 'NONE', #1387, #3601 ) ;
#100 = EDGE_CURVE ( 'NONE', #6396, #413, #3975, .T. ) ;
#101 = CARTESIAN_POINT ( 'NONE',  ( -3.224999999999998757, -0.1000000000000000056, -2.125000000000001776 ) ) ;
#102 = CARTESIAN_POINT ( 'NONE',  ( 0.1250000000000027200, 0.0000000000000000000, -3.499999999999999112 ) ) ;
#103 = ADVANCED_FACE ( 'NONE', ( #2809 ), #1610, .T. ) ;
#104 = ORIENTED_EDGE ( 'NONE', *, *, #3126, .T. ) ;
#105 = FACE_OUTER_BOUND ( 'NONE', #6457, .T. ) ;
#106 = LINE ( 'NONE', #1319, #525 ) ;
#107 = DIRECTION ( 'NONE',  ( 0.0000000000000000000, 0.0000000000000000000, -1.000000000000000000 ) ) ;
#108 = AXIS2_PLACEMENT_3D ( 'NONE', #2099, #3765, #2606 ) ;
#109 = SURFACE_STYLE_FILL_AREA ( #5440 ) ;
#110 = ORIENTED_EDGE ( 'NONE', *, *, #6975, .F. ) ;
#111 = DIRECTION ( 'NONE',  ( -0.0000000000000000000, -1.000000000000000000, -0.0000000000000000000 ) ) ;
#112 = LINE ( 'NONE', #1244, #1041 ) ;
#113 = ORIENTED_EDGE ( 'NONE', *, *, #5733, .T. ) ;
#114 = ORIENTED_EDGE ( 'NONE', *, *, #222, .F. ) ;
#115 = AXIS2_PLACEMENT_3D ( 'NONE', #6190, #3312, #402 ) ;
#116 = DIRECTION ( 'NONE',  ( -1.000000000000000000, 0.0000000000000000000, 0.0000000000000000000 ) ) ;
#117 = LINE ( 'NONE', #3520, #6439 ) ;
#118 = AXIS2_PLACEMENT_3D ( 'NONE', #4085, #1176, #2995 ) ;
#119 = LINE ( 'NONE', #5794, #838 ) ;
#120 = VECTOR ( 'NONE', #6144, 1000.000000000000000 ) ;
#121 = EDGE_LOOP ( 'NONE', ( #5568, #6672, #2520, #6136, #259, #2925, #1428, #1246 ) ) ;
#122 = DIRECTION ( 'NONE',  ( -0.0000000000000000000, -1.000000000000000000, -0.0000000000000000000 ) ) ;
#123 = ORIENTED_EDGE ( 'NONE', *, *, #2628, .F. ) ;
#124 = VERTEX_POINT ( 'NONE', #6826 ) ;
#125 = VECTOR ( 'NONE', #2790, 1000.000000000000000 ) ;
#126 = ORIENTED_EDGE ( 'NONE', *, *, #3263, .F. ) ;
#127 = VECTOR ( 'NONE', #3561, 1000.000000000000000 ) ;
#128 = CARTESIAN_POINT ( 'NONE',  ( 2.750000000000002665, 0.0000000000000000000, -3.224999999999995204 ) ) ;
#129 = ORIENTED_EDGE ( 'NONE', *, *, #3138, .F. ) ;
#130 = LINE ( 'NONE', #2445, #481 ) ;
#131 = ORIENTED_EDGE ( 'NONE', *, *, #953, .T. ) ;
#132 = EDGE_CURVE ( 'NONE', #3723, #3741, #6482, .T. ) ;
#133 = CARTESIAN_POINT ( 'NONE',  ( 3.225000000000001421, 0.0000000000000000000, 0.3750000000000021649 ) ) ;
#134 = DIRECTION ( 'NONE',  ( 0.0000000000000000000, -0.0000000000000000000, 1.000000000000000000 ) ) ;
#135 = EDGE_CURVE ( 'NONE', #3382, #501, #502, .T. ) ;
#136 = DIRECTION ( 'NONE',  ( 1.000000000000000000, -0.0000000000000000000, 0.0000000000000000000 ) ) ;
#137 = CARTESIAN_POINT ( 'NONE',  ( -3.224999999999998757, -0.1000000000000000056, -2.750000000000002220 ) ) ;
#138 = ORIENTED_EDGE ( 'NONE', *, *, #1918, .F. ) ;
#139 = VECTOR ( 'NONE', #4141, 1000.000000000000000 ) ;
#140 = FACE_OUTER_BOUND ( 'NONE', #5707, .T. ) ;
#141 = EDGE_CURVE ( 'NONE', #5091, #6713, #7455, .T. ) ;
#142 = LINE ( 'NONE', #1936, #7442 ) ;
#143 = DIRECTION ( 'NONE',  ( 1.000000000000000000, -0.0000000000000000000, 0.0000000000000000000 ) ) ;
#144 = VECTOR ( 'NONE', #4386, 1000.000000000000000 ) ;
#145 = DIRECTION ( 'NONE',  ( 0.0000000000000000000, 0.0000000000000000000, 1.000000000000000000 ) ) ;
#146 = EDGE_CURVE ( 'NONE', #1022, #303, #4420, .T. ) ;
#147 = ORIENTED_EDGE ( 'NONE', *, *, #5004, .F. ) ;
#148 = CARTESIAN_POINT ( 'NONE',  ( -3.224999999999999201, -0.1000000000000000056, -2.625000000000001332 ) ) ;
#149 = VERTEX_POINT ( 'NONE', #3248 ) ;
#150 = FACE_OUTER_BOUND ( 'NONE', #6235, .T. ) ;
#151 = PRODUCT_DEFINITION_SHAPE ( 'NONE', 'NONE',  #1251 ) ;
#152 = EDGE_CURVE ( 'NONE', #5671, #2413, #3328, .T. ) ;
#153 = PLANE ( 'NONE',  #5400 ) ;
#154 = CARTESIAN_POINT ( 'NONE',  ( 0.0000000000000000000, -0.1000000000000000056, 0.0000000000000000000 ) ) ;
#155 = LINE ( 'NONE', #5491, #4878 ) ;
#156 = CIRCLE ( 'NONE', #7314, 0.2500000000000002220 ) ;
#157 = VERTEX_POINT ( 'NONE', #3805 ) ;
#158 = CARTESIAN_POINT ( 'NONE',  ( -3.499999999999999112, 1.000000000000000000, -2.375000000000002220 ) ) ;
#159 = EDGE_LOOP ( 'NONE', ( #3036, #668, #6030, #4608, #3322, #3394, #3867, #3007, #5780, #5304, #714, #3095, #5192, #4154, #6562, #2219, #7309, #1533, #1964, #4241, #2360, #1944, #2005, #4130, #7195, #1345, #6297, #4904, #4991, #3386, #4233, #4019, #1549, #2366, #6295, #3154, #3420, #1326, #473, #5586, #5181, #2485, #7385, #4261, #1071, #2845, #1008, #1083, #6130, #2282, #6795, #7514 ) ) ;
#160 = ORIENTED_EDGE ( 'NONE', *, *, #2813, .F. ) ;
#161 = VECTOR ( 'NONE', #2087, 1000.000000000000000 ) ;
#162 = ORIENTED_EDGE ( 'NONE', *, *, #4517, .F. ) ;
#163 = VERTEX_POINT ( 'NONE', #897 ) ;
#164 = EDGE_LOOP ( 'NONE', ( #1080, #6966, #5231, #5867 ) ) ;
#165 = LINE ( 'NONE', #1811, #2136 ) ;
#166 = LINE ( 'NONE', #3573, #2202 ) ;
#167 = VECTOR ( 'NONE', #7024, 1000.000000000000000 ) ;
#168 = AXIS2_PLACEMENT_3D ( 'NONE', #3370, #415, #5558 ) ;
#169 = CARTESIAN_POINT ( 'NONE',  ( -0.3749999999999972800, 1.000000000000000000, -3.499999999999999112 ) ) ;
#170 = VERTEX_POINT ( 'NONE', #6204 ) ;
#171 = DIRECTION ( 'NONE',  ( -1.000000000000000000, -0.0000000000000000000, -0.0000000000000000000 ) ) ;
#172 = LINE ( 'NONE', #5992, #2509 ) ;
#173 = ORIENTED_EDGE ( 'NONE', *, *, #738, .F. ) ;
#174 = VECTOR ( 'NONE', #6063, 1000.000000000000000 ) ;
#175 = EDGE_CURVE ( 'NONE', #6546, #1131, #932, .T. ) ;
#176 = VECTOR ( 'NONE', #4298, 1000.000000000000000 ) ;
#177 = CARTESIAN_POINT ( 'NONE',  ( 2.250000000000001776, -0.1000000000000000056, -3.224999999999995204 ) ) ;
#178 = CARTESIAN_POINT ( 'NONE',  ( -3.499999999999999112, -0.1000000000000000472, -3.499999999999999112 ) ) ;
#179 = VECTOR ( 'NONE', #6333, 1000.000000000000000 ) ;
#180 = ORIENTED_EDGE ( 'NONE', *, *, #1211, .T. ) ;
#181 = LINE ( 'NONE', #3166, #1840 ) ;
#182 = CARTESIAN_POINT ( 'NONE',  ( -1.624999999999998890, -0.1000000000000000333, -3.499999999999999112 ) ) ;
#183 = ORIENTED_EDGE ( 'NONE', *, *, #6284, .T. ) ;
#184 = LINE ( 'NONE', #5376, #3747 ) ;
#185 = ORIENTED_EDGE ( 'NONE', *, *, #5986, .F. ) ;
#186 = VECTOR ( 'NONE', #3296, 1000.000000000000000 ) ;
#187 = EDGE_CURVE ( 'NONE', #3078, #6819, #1478, .T. ) ;
#188 = DIRECTION ( 'NONE',  ( 0.0000000000000000000, -0.0000000000000000000, -1.000000000000000000 ) ) ;
#189 = DIRECTION ( 'NONE',  ( 0.0000000000000000000, 0.0000000000000000000, 1.000000000000000000 ) ) ;
#190 = LINE ( 'NONE', #4385, #7171 ) ;
#191 = VERTEX_POINT ( 'NONE', #414 ) ;
#192 = CARTESIAN_POINT ( 'NONE',  ( 0.0000000000000000000, 0.0000000000000000000, 1.624999999999998224 ) ) ;
#193 = EDGE_CURVE ( 'NONE', #3294, #4565, #5637, .T. ) ;
#194 = VERTEX_POINT ( 'NONE', #6085 ) ;
#195 = CARTESIAN_POINT ( 'NONE',  ( -1.374999999999997335, -0.1000000000000000056, -3.224999999999995204 ) ) ;
#196 = CIRCLE ( 'NONE', #4463, 0.1250000000000001110 ) ;
#197 = ORIENTED_EDGE ( 'NONE', *, *, #918, .T. ) ;
#198 = PLANE ( 'NONE',  #2927 ) ;
#199 = VERTEX_POINT ( 'NONE', #7372 ) ;
#200 = DIRECTION ( 'NONE',  ( 0.0000000000000000000, -1.000000000000000000, 0.0000000000000000000 ) ) ;
#201 = ADVANCED_FACE ( 'NONE', ( #3930 ), #7294, .T. ) ;
#202 = VERTEX_POINT ( 'NONE', #2686 ) ;
#203 = FACE_OUTER_BOUND ( 'NONE', #835, .T. ) ;
#204 = ORIENTED_EDGE ( 'NONE', *, *, #4909, .F. ) ;
#205 = AXIS2_PLACEMENT_3D ( 'NONE', #4192, #5337, #1129 ) ;
#206 = CARTESIAN_POINT ( 'NONE',  ( 0.0000000000000000000, -0.1000000000000000056, 2.125000000000002665 ) ) ;
#207 = DIRECTION ( 'NONE',  ( 0.0000000000000000000, -1.000000000000000000, -0.0000000000000000000 ) ) ;
#208 = VERTEX_POINT ( 'NONE', #5074 ) ;
#209 = CARTESIAN_POINT ( 'NONE',  ( 0.0000000000000000000, 0.0000000000000000000, 0.1249999999999981543 ) ) ;
#210 = LINE ( 'NONE', #2530, #4296 ) ;
#211 = LINE ( 'NONE', #702, #56 ) ;
#212 = LINE ( 'NONE', #3722, #602 ) ;
#213 = ORIENTED_EDGE ( 'NONE', *, *, #1293, .F. ) ;
#214 = CARTESIAN_POINT ( 'NONE',  ( -3.224999999999998757, -0.1000000000000000056, -1.875000000000001776 ) ) ;
#215 = LINE ( 'NONE', #2919, #1158 ) ;
#216 = EDGE_CURVE ( 'NONE', #7353, #4166, #4960, .T. ) ;
#217 = EDGE_CURVE ( 'NONE', #5839, #6542, #7257, .T. ) ;
#218 = PLANE ( 'NONE',  #5556 ) ;
#219 = ORIENTED_EDGE ( 'NONE', *, *, #6331, .T. ) ;
#220 = ORIENTED_EDGE ( 'NONE', *, *, #2001, .F. ) ;
#221 = VECTOR ( 'NONE', #2943, 1000.000000000000000 ) ;
#222 = EDGE_CURVE ( 'NONE', #7291, #931, #856, .T. ) ;
#223 = DIRECTION ( 'NONE',  ( -1.000000000000000000, 0.0000000000000000000, -3.154042683594174709E-15 ) ) ;
#224 = FACE_OUTER_BOUND ( 'NONE', #6248, .T. ) ;
#225 = DIRECTION ( 'NONE',  ( -0.0000000000000000000, -1.000000000000000000, -0.0000000000000000000 ) ) ;
#226 = EDGE_CURVE ( 'NONE', #5124, #6668, #5487, .T. ) ;
#227 = VECTOR ( 'NONE', #7360, 1000.000000000000000 ) ;
#228 = CARTESIAN_POINT ( 'NONE',  ( 0.0000000000000000000, -0.1000000000000000056, 0.0000000000000000000 ) ) ;
#229 = ORIENTED_EDGE ( 'NONE', *, *, #1750, .F. ) ;
#230 = EDGE_CURVE ( 'NONE', #7439, #3246, #3285, .T. ) ;
#231 = EDGE_CURVE ( 'NONE', #5221, #1418, #2725, .T. ) ;
#232 = ORIENTED_EDGE ( 'NONE', *, *, #2673, .F. ) ;
#233 = FACE_OUTER_BOUND ( 'NONE', #6823, .T. ) ;
#234 = CARTESIAN_POINT ( 'NONE',  ( 3.500000000000001332, -0.1000000000000000333, 1.625000000000001332 ) ) ;
#235 = ORIENTED_EDGE ( 'NONE', *, *, #4996, .T. ) ;
#236 = ORIENTED_EDGE ( 'NONE', *, *, #282, .T. ) ;
#237 = DIRECTION ( 'NONE',  ( 0.0000000000000000000, 1.000000000000000000, -0.0000000000000000000 ) ) ;
#238 = FACE_OUTER_BOUND ( 'NONE', #1110, .T. ) ;
#239 = VERTEX_POINT ( 'NONE', #4920 ) ;
#240 = PRESENTATION_LAYER_ASSIGNMENT (  '', '', ( #489 ) ) ;
#241 = EDGE_CURVE ( 'NONE', #5612, #3496, #7330, .T. ) ;
#242 = CARTESIAN_POINT ( 'NONE',  ( -1.374999999999997335, 0.0000000000000000000, 0.0000000000000000000 ) ) ;
#243 = AXIS2_PLACEMENT_3D ( 'NONE', #345, #3668, #1416 ) ;
#244 = DIRECTION ( 'NONE',  ( 0.0000000000000000000, 0.0000000000000000000, 1.000000000000000000 ) ) ;
#245 = FACE_OUTER_BOUND ( 'NONE', #4599, .T. ) ;
#246 = ORIENTED_EDGE ( 'NONE', *, *, #3427, .F. ) ;
#247 = DIRECTION ( 'NONE',  ( -0.0000000000000000000, -1.000000000000000000, -0.0000000000000000000 ) ) ;
#248 = ADVANCED_FACE ( 'NONE', ( #2142 ), #2182, .F. ) ;
#249 = LINE ( 'NONE', #6611, #4052 ) ;
#250 = DIRECTION ( 'NONE',  ( -0.0000000000000000000, -1.000000000000000000, -0.0000000000000000000 ) ) ;
#251 = CARTESIAN_POINT ( 'NONE',  ( 0.7499999999999997780, -0.1000000000000000056, 3.225000000000000533 ) ) ;
#252 = ORIENTED_EDGE ( 'NONE', *, *, #1782, .F. ) ;
#253 = VECTOR ( 'NONE', #4638, 1000.000000000000000 ) ;
#254 = CARTESIAN_POINT ( 'NONE',  ( -3.499999999999999112, -0.1000000000000000333, -2.125000000000001776 ) ) ;
#255 = CARTESIAN_POINT ( 'NONE',  ( 3.500000000000000888, -0.1000000000000000472, -3.499999999999999112 ) ) ;
#256 = DIRECTION ( 'NONE',  ( 0.0000000000000000000, 1.000000000000000000, -0.0000000000000000000 ) ) ;
#257 = VERTEX_POINT ( 'NONE', #2609 ) ;
#258 = DIRECTION ( 'NONE',  ( 0.0000000000000000000, 0.0000000000000000000, 1.000000000000000000 ) ) ;
#259 = ORIENTED_EDGE ( 'NONE', *, *, #5141, .T. ) ;
#260 = DIRECTION ( 'NONE',  ( 0.0000000000000000000, 1.000000000000000000, 0.0000000000000000000 ) ) ;
#261 = ADVANCED_FACE ( 'NONE', ( #1443 ), #2059, .T. ) ;
#262 = CYLINDRICAL_SURFACE ( 'NONE', #5126, 0.1250000000000001110 ) ;
#263 = CARTESIAN_POINT ( 'NONE',  ( 0.0000000000000000000, 0.0000000000000000000, -3.499999999999999112 ) ) ;
#264 = ORIENTED_EDGE ( 'NONE', *, *, #1544, .F. ) ;
#265 = DIRECTION ( 'NONE',  ( 0.0000000000000000000, 1.000000000000000000, 0.0000000000000000000 ) ) ;
#266 = EDGE_CURVE ( 'NONE', #2287, #7179, #2380, .T. ) ;
#267 = EDGE_CURVE ( 'NONE', #578, #1738, #6889, .T. ) ;
#268 = DIRECTION ( 'NONE',  ( -0.0000000000000000000, -1.000000000000000000, -0.0000000000000000000 ) ) ;
#269 = AXIS2_PLACEMENT_3D ( 'NONE', #4382, #6696, #491 ) ;
#270 = ORIENTED_EDGE ( 'NONE', *, *, #909, .F. ) ;
#271 = CARTESIAN_POINT ( 'NONE',  ( -3.499999999999998668, 1.000000000000000000, -1.625000000000001554 ) ) ;
#272 = ORIENTED_EDGE ( 'NONE', *, *, #4183, .T. ) ;
#273 = LINE ( 'NONE', #1993, #4201 ) ;
#274 = DIRECTION ( 'NONE',  ( 0.0000000000000000000, 0.0000000000000000000, 1.000000000000000000 ) ) ;
#275 = EDGE_LOOP ( 'NONE', ( #281, #5161, #3842, #1455 ) ) ;
#276 = EDGE_CURVE ( 'NONE', #3294, #71, #7408, .T. ) ;
#277 = CARTESIAN_POINT ( 'NONE',  ( 0.0000000000000000000, 0.0000000000000000000, 3.500000000000000888 ) ) ;
#278 = VECTOR ( 'NONE', #4507, 1000.000000000000000 ) ;
#279 = DIRECTION ( 'NONE',  ( 0.0000000000000000000, 1.000000000000000000, 0.0000000000000000000 ) ) ;
#280 = CARTESIAN_POINT ( 'NONE',  ( 3.500000000000001332, 0.0000000000000000000, 1.375000000000001776 ) ) ;
#281 = ORIENTED_EDGE ( 'NONE', *, *, #3860, .F. ) ;
#282 = EDGE_CURVE ( 'NONE', #791, #4030, #7480, .T. ) ;
#283 = EDGE_CURVE ( 'NONE', #3900, #5058, #2301, .T. ) ;
#284 = DIRECTION ( 'NONE',  ( -0.0000000000000000000, -1.000000000000000000, -0.0000000000000000000 ) ) ;
#285 = CARTESIAN_POINT ( 'NONE',  ( 3.225000000000001421, -0.1000000000000000056, 1.750000000000001110 ) ) ;
#286 = PLANE ( 'NONE',  #3480 ) ;
#287 = DIRECTION ( 'NONE',  ( -0.0000000000000000000, -1.000000000000000000, -0.0000000000000000000 ) ) ;
#288 = ORIENTED_EDGE ( 'NONE', *, *, #3393, .T. ) ;
#289 = AXIS2_PLACEMENT_3D ( 'NONE', #6032, #1234, #661 ) ;
#290 = CARTESIAN_POINT ( 'NONE',  ( 1.624999999999999556, 0.0000000000000000000, 3.500000000000000888 ) ) ;
#291 = DIRECTION ( 'NONE',  ( -1.000000000000000000, 0.0000000000000000000, 0.0000000000000000000 ) ) ;
#292 = AXIS2_PLACEMENT_3D ( 'NONE', #4606, #6879, #2213 ) ;
#293 = CARTESIAN_POINT ( 'NONE',  ( 2.500000000000000444, -0.1000000000000000056, -2.499999999999999556 ) ) ;
#294 = EDGE_CURVE ( 'NONE', #3265, #1028, #1673, .T. ) ;
#295 = ORIENTED_EDGE ( 'NONE', *, *, #6940, .T. ) ;
#296 = CARTESIAN_POINT ( 'NONE',  ( 0.0000000000000000000, -0.1000000000000000056, 0.0000000000000000000 ) ) ;
#297 = ORIENTED_EDGE ( 'NONE', *, *, #2039, .T. ) ;
#298 = DIRECTION ( 'NONE',  ( -1.000000000000000000, -0.0000000000000000000, 0.0000000000000000000 ) ) ;
#299 = DIRECTION ( 'NONE',  ( -1.000000000000000000, 0.0000000000000000000, -0.0000000000000000000 ) ) ;
#300 = CYLINDRICAL_SURFACE ( 'NONE', #968, 0.2500000000000002220 ) ;
#301 = CARTESIAN_POINT ( 'NONE',  ( 3.500000000000001332, 0.0000000000000000000, -0.6249999999999973355 ) ) ;
#302 = VECTOR ( 'NONE', #2641, 1000.000000000000000 ) ;
#303 = VERTEX_POINT ( 'NONE', #5820 ) ;
#304 = DIRECTION ( 'NONE',  ( -1.239088197126291063E-16, 0.0000000000000000000, -1.000000000000000000 ) ) ;
#305 = EDGE_LOOP ( 'NONE', ( #1172, #6834, #7272, #6658 ) ) ;
#306 = DIRECTION ( 'NONE',  ( 1.000000000000000000, -0.0000000000000000000, 0.0000000000000000000 ) ) ;
#307 = CARTESIAN_POINT ( 'NONE',  ( -0.8749999999999973355, -0.1000000000000000056, 0.0000000000000000000 ) ) ;
#308 = ORIENTED_EDGE ( 'NONE', *, *, #1067, .F. ) ;
#309 = ORIENTED_EDGE ( 'NONE', *, *, #7343, .T. ) ;
#310 = DIRECTION ( 'NONE',  ( 1.000000000000000000, -0.0000000000000000000, 0.0000000000000000000 ) ) ;
#311 = LINE ( 'NONE', #6105, #3038 ) ;
#312 = VERTEX_POINT ( 'NONE', #7443 ) ;
#313 = VECTOR ( 'NONE', #4851, 1000.000000000000000 ) ;
#314 = ADVANCED_FACE ( 'NONE', ( #32 ), #4035, .T. ) ;
#315 = DIRECTION ( 'NONE',  ( 0.0000000000000000000, 1.000000000000000000, -0.0000000000000000000 ) ) ;
#316 = DIRECTION ( 'NONE',  ( 0.0000000000000000000, 0.0000000000000000000, 1.000000000000000000 ) ) ;
#317 = CARTESIAN_POINT ( 'NONE',  ( -0.1250000000000004441, -0.1000000000000000333, 3.500000000000000888 ) ) ;
#318 = ORIENTED_EDGE ( 'NONE', *, *, #7506, .F. ) ;
#319 = AXIS2_PLACEMENT_3D ( 'NONE', #6727, #1514, #2177 ) ;
#320 = EDGE_CURVE ( 'NONE', #3981, #705, #3400, .T. ) ;
#321 = DIRECTION ( 'NONE',  ( -0.0000000000000000000, -1.000000000000000000, -0.0000000000000000000 ) ) ;
#322 = DIRECTION ( 'NONE',  ( -0.0000000000000000000, -1.000000000000000000, -0.0000000000000000000 ) ) ;
#323 = EDGE_CURVE ( 'NONE', #4782, #1513, #3996, .T. ) ;
#324 = EDGE_CURVE ( 'NONE', #4362, #2499, #5711, .T. ) ;
#325 = CARTESIAN_POINT ( 'NONE',  ( 3.500000000000001332, 1.000000000000000000, 1.125000000000001332 ) ) ;
#326 = EDGE_LOOP ( 'NONE', ( #2031, #1733, #5859, #3358 ) ) ;
#327 = DIRECTION ( 'NONE',  ( 0.0000000000000000000, -0.0000000000000000000, -1.000000000000000000 ) ) ;
#328 = ORIENTED_EDGE ( 'NONE', *, *, #719, .T. ) ;
#329 = DIRECTION ( 'NONE',  ( 0.0000000000000000000, -1.000000000000000000, 0.0000000000000000000 ) ) ;
#330 = ORIENTED_EDGE ( 'NONE', *, *, #2181, .T. ) ;
#331 = LINE ( 'NONE', #777, #7387 ) ;
#332 = ORIENTED_EDGE ( 'NONE', *, *, #1027, .T. ) ;
#333 = CARTESIAN_POINT ( 'NONE',  ( -1.875000000000000666, -0.1000000000000000056, 3.225000000000000533 ) ) ;
#334 = CARTESIAN_POINT ( 'NONE',  ( 3.225000000000001421, 0.0000000000000000000, -2.749999999999999112 ) ) ;
#335 = ADVANCED_FACE ( 'NONE', ( #4581 ), #6851, .T. ) ;
#336 = DIRECTION ( 'NONE',  ( -0.0000000000000000000, 1.000000000000000000, 0.0000000000000000000 ) ) ;
#337 = CARTESIAN_POINT ( 'NONE',  ( 2.624999999999999112, -0.1000000000000000056, 3.225000000000000977 ) ) ;
#338 = CARTESIAN_POINT ( 'NONE',  ( -0.6249999999999987788, -0.1000000000000000056, -3.224999999999995204 ) ) ;
#339 = VERTEX_POINT ( 'NONE', #6431 ) ;
#340 = VECTOR ( 'NONE', #5800, 1000.000000000000000 ) ;
#341 = CARTESIAN_POINT ( 'NONE',  ( 0.0000000000000000000, 0.0000000000000000000, -3.499999999999999112 ) ) ;
#342 = EDGE_CURVE ( 'NONE', #5318, #2516, #3804, .T. ) ;
#343 = ORIENTED_EDGE ( 'NONE', *, *, #3889, .F. ) ;
#344 = VECTOR ( 'NONE', #5920, 1000.000000000000000 ) ;
#345 = CARTESIAN_POINT ( 'NONE',  ( -3.224999999999998757, -0.1000000000000000056, 0.7499999999999983347 ) ) ;
#346 = CARTESIAN_POINT ( 'NONE',  ( -2.625000000000000000, 0.0000000000000000000, 3.500000000000000888 ) ) ;
#347 = DIRECTION ( 'NONE',  ( -0.0000000000000000000, -1.000000000000000000, -0.0000000000000000000 ) ) ;
#348 = ORIENTED_EDGE ( 'NONE', *, *, #4768, .T. ) ;
#349 = CARTESIAN_POINT ( 'NONE',  ( 0.6250000000000028866, -0.1000000000000000056, 0.0000000000000000000 ) ) ;
#350 = VERTEX_POINT ( 'NONE', #5187 ) ;
#351 = CARTESIAN_POINT ( 'NONE',  ( -1.874999999999997335, 0.0000000000000000000, -3.224999999999995204 ) ) ;
#352 = ORIENTED_EDGE ( 'NONE', *, *, #1045, .F. ) ;
#353 = VECTOR ( 'NONE', #6367, 1000.000000000000000 ) ;
#354 = EDGE_CURVE ( 'NONE', #5633, #887, #6357, .T. ) ;
#355 = CARTESIAN_POINT ( 'NONE',  ( 3.500000000000001332, 0.0000000000000000000, -0.1249999999999972383 ) ) ;
#356 = FACE_OUTER_BOUND ( 'NONE', #5925, .T. ) ;
#357 = AXIS2_PLACEMENT_3D ( 'NONE', #6169, #934, #2726 ) ;
#358 = PLANE ( 'NONE',  #7331 ) ;
#359 = ORIENTED_EDGE ( 'NONE', *, *, #4194, .T. ) ;
#360 = CARTESIAN_POINT ( 'NONE',  ( 3.225000000000001421, -0.1000000000000000056, -2.374999999999997335 ) ) ;
#361 = EDGE_CURVE ( 'NONE', #4972, #7422, #2909, .T. ) ;
#362 = AXIS2_PLACEMENT_3D ( 'NONE', #3274, #6801, #4411 ) ;
#363 = DIRECTION ( 'NONE',  ( 0.0000000000000000000, 1.000000000000000000, 0.0000000000000000000 ) ) ;
#364 = DIRECTION ( 'NONE',  ( 0.0000000000000000000, 0.0000000000000000000, 1.000000000000000000 ) ) ;
#365 = LINE ( 'NONE', #2049, #5722 ) ;
#366 = ORIENTED_EDGE ( 'NONE', *, *, #708, .T. ) ;
#367 = FACE_OUTER_BOUND ( 'NONE', #680, .T. ) ;
#368 = CARTESIAN_POINT ( 'NONE',  ( 0.0000000000000000000, -0.1000000000000000056, 0.0000000000000000000 ) ) ;
#369 = ORIENTED_EDGE ( 'NONE', *, *, #135, .F. ) ;
#370 = AXIS2_PLACEMENT_3D ( 'NONE', #6406, #5196, #5308 ) ;
#371 = DIRECTION ( 'NONE',  ( 0.0000000000000000000, 0.0000000000000000000, -1.000000000000000000 ) ) ;
#372 = ORIENTED_EDGE ( 'NONE', *, *, #5978, .T. ) ;
#373 = EDGE_LOOP ( 'NONE', ( #833, #104, #802, #1123 ) ) ;
#374 = EDGE_CURVE ( 'NONE', #1440, #2036, #6603, .T. ) ;
#375 = DIRECTION ( 'NONE',  ( 0.0000000000000000000, 0.0000000000000000000, 1.000000000000000000 ) ) ;
#376 = SURFACE_STYLE_USAGE ( .BOTH. , #4961 ) ;
#377 = AXIS2_PLACEMENT_3D ( 'NONE', #7484, #111, #2463 ) ;
#378 = DIRECTION ( 'NONE',  ( 0.0000000000000000000, -0.0000000000000000000, -1.000000000000000000 ) ) ;
#379 = FACE_OUTER_BOUND ( 'NONE', #3410, .T. ) ;
#380 = DIRECTION ( 'NONE',  ( 0.0000000000000000000, -1.000000000000000000, 0.0000000000000000000 ) ) ;
#381 = ORIENTED_EDGE ( 'NONE', *, *, #282, .F. ) ;
#382 = AXIS2_PLACEMENT_3D ( 'NONE', #6185, #6716, #5541 ) ;
#383 = EDGE_CURVE ( 'NONE', #2872, #2853, #2945, .T. ) ;
#384 = EDGE_LOOP ( 'NONE', ( #2851, #1679, #3919, #2314 ) ) ;
#385 = DIRECTION ( 'NONE',  ( 0.0000000000000000000, 0.0000000000000000000, 1.000000000000000000 ) ) ;
#386 = DIRECTION ( 'NONE',  ( -0.0000000000000000000, -1.000000000000000000, -0.0000000000000000000 ) ) ;
#387 = LINE ( 'NONE', #5048, #4542 ) ;
#388 = ORIENTED_EDGE ( 'NONE', *, *, #1946, .F. ) ;
#389 = FACE_OUTER_BOUND ( 'NONE', #4106, .T. ) ;
#390 = ORIENTED_EDGE ( 'NONE', *, *, #217, .T. ) ;
#391 = DIRECTION ( 'NONE',  ( -0.0000000000000000000, -0.0000000000000000000, -1.000000000000000000 ) ) ;
#392 = ORIENTED_EDGE ( 'NONE', *, *, #5913, .T. ) ;
#393 = EDGE_CURVE ( 'NONE', #3824, #972, #210, .T. ) ;
#394 = VECTOR ( 'NONE', #1049, 1000.000000000000000 ) ;
#395 = DIRECTION ( 'NONE',  ( -0.0000000000000000000, 0.0000000000000000000, 1.000000000000000000 ) ) ;
#396 = ORIENTED_EDGE ( 'NONE', *, *, #7394, .T. ) ;
#397 = PLANE ( 'NONE',  #3558 ) ;
#398 = CARTESIAN_POINT ( 'NONE',  ( 0.3749999999999999445, 0.0000000000000000000, 3.500000000000000888 ) ) ;
#399 = VECTOR ( 'NONE', #5510, 1000.000000000000000 ) ;
#400 = VERTEX_POINT ( 'NONE', #4765 ) ;
#401 = EDGE_CURVE ( 'NONE', #6644, #149, #735, .T. ) ;
#402 = DIRECTION ( 'NONE',  ( 0.0000000000000000000, 0.0000000000000000000, 1.000000000000000000 ) ) ;
#403 = CIRCLE ( 'NONE', #1625, 0.1250000000000001110 ) ;
#404 = DIRECTION ( 'NONE',  ( -0.0000000000000000000, -1.000000000000000000, -0.0000000000000000000 ) ) ;
#405 = ORIENTED_EDGE ( 'NONE', *, *, #7445, .F. ) ;
#406 = CARTESIAN_POINT ( 'NONE',  ( 2.125000000000002665, 0.0000000000000000000, 0.0000000000000000000 ) ) ;
#407 = LINE ( 'NONE', #6805, #1772 ) ;
#408 = CARTESIAN_POINT ( 'NONE',  ( -2.499999999999998668, -0.1000000000000000056, 2.750000000000000888 ) ) ;
#409 = AXIS2_PLACEMENT_3D ( 'NONE', #4042, #41, #2272 ) ;
#410 = ORIENTED_EDGE ( 'NONE', *, *, #6206, .T. ) ;
#411 = EDGE_CURVE ( 'NONE', #7022, #4069, #142, .T. ) ;
#412 = CARTESIAN_POINT ( 'NONE',  ( 2.750000000000002665, -0.1000000000000000056, -3.224999999999995204 ) ) ;
#413 = VERTEX_POINT ( 'NONE', #3128 ) ;
#414 = CARTESIAN_POINT ( 'NONE',  ( 1.875000000000000000, -0.1000000000000000056, 3.225000000000000533 ) ) ;
#415 = DIRECTION ( 'NONE',  ( -1.000000000000000000, 0.0000000000000000000, 0.0000000000000000000 ) ) ;
#416 = AXIS2_PLACEMENT_3D ( 'NONE', #2671, #1507, #5511 ) ;
#417 = FACE_OUTER_BOUND ( 'NONE', #2989, .T. ) ;
#418 = EDGE_CURVE ( 'NONE', #5555, #2508, #106, .T. ) ;
#419 = DIRECTION ( 'NONE',  ( 1.000000000000000000, 0.0000000000000000000, -0.0000000000000000000 ) ) ;
#420 = PLANE ( 'NONE',  #4223 ) ;
#421 = ORIENTED_EDGE ( 'NONE', *, *, #5347, .T. ) ;
#422 = ADVANCED_FACE ( 'NONE', ( #74, #2495 ), #665, .T. ) ;
#423 = VECTOR ( 'NONE', #1101, 1000.000000000000000 ) ;
#424 = CARTESIAN_POINT ( 'NONE',  ( -3.499999999999999112, -0.1000000000000000472, -3.499999999999999112 ) ) ;
#425 = ORIENTED_EDGE ( 'NONE', *, *, #2591, .F. ) ;
#426 = EDGE_CURVE ( 'NONE', #5042, #5124, #5401, .T. ) ;
#427 = LINE ( 'NONE', #983, #6211 ) ;
#428 = AXIS2_PLACEMENT_3D ( 'NONE', #4046, #2355, #1215 ) ;
#429 = ADVANCED_FACE ( 'NONE', ( #1201 ), #3548, .T. ) ;
#430 = DIRECTION ( 'NONE',  ( -1.000000000000000000, 0.0000000000000000000, -0.0000000000000000000 ) ) ;
#431 = LINE ( 'NONE', #1725, #1365 ) ;
#432 = ORIENTED_EDGE ( 'NONE', *, *, #5203, .T. ) ;
#433 = DIRECTION ( 'NONE',  ( 0.0000000000000000000, -1.000000000000000000, 0.0000000000000000000 ) ) ;
#434 = ORIENTED_EDGE ( 'NONE', *, *, #2848, .T. ) ;
#435 = EDGE_LOOP ( 'NONE', ( #2209, #5803, #3493, #4454, #5301 ) ) ;
#436 = ORIENTED_EDGE ( 'NONE', *, *, #5913, .F. ) ;
#437 = EDGE_CURVE ( 'NONE', #683, #4013, #5296, .T. ) ;
#438 = CARTESIAN_POINT ( 'NONE',  ( 0.0000000000000000000, 0.0000000000000000000, 3.500000000000000888 ) ) ;
#439 = ORIENTED_EDGE ( 'NONE', *, *, #1000, .F. ) ;
#440 = AXIS2_PLACEMENT_3D ( 'NONE', #5652, #6829, #2888 ) ;
#441 = DIRECTION ( 'NONE',  ( 0.0000000000000000000, 0.0000000000000000000, 1.000000000000000000 ) ) ;
#442 = PLANE ( 'NONE',  #7198 ) ;
#443 = DIRECTION ( 'NONE',  ( -0.0000000000000000000, -1.000000000000000000, -0.0000000000000000000 ) ) ;
#444 = DIRECTION ( 'NONE',  ( -0.0000000000000000000, -0.0000000000000000000, 1.000000000000000000 ) ) ;
#445 = AXIS2_PLACEMENT_3D ( 'NONE', #6121, #6655, #6081 ) ;
#446 = ORIENTED_EDGE ( 'NONE', *, *, #2657, .F. ) ;
#447 = PLANE ( 'NONE',  #1843 ) ;
#448 = DIRECTION ( 'NONE',  ( 0.0000000000000000000, 0.0000000000000000000, 1.000000000000000000 ) ) ;
#449 = VERTEX_POINT ( 'NONE', #2419 ) ;
#450 = FACE_OUTER_BOUND ( 'NONE', #452, .T. ) ;
#451 = ORIENTED_EDGE ( 'NONE', *, *, #193, .F. ) ;
#452 = EDGE_LOOP ( 'NONE', ( #3281, #5993, #964, #3526 ) ) ;
#453 = CARTESIAN_POINT ( 'NONE',  ( -3.499999999999998224, 1.000000000000000000, 2.124999999999998668 ) ) ;
#454 = FACE_OUTER_BOUND ( 'NONE', #626, .T. ) ;
#455 = ADVANCED_FACE ( 'NONE', ( #4727 ), #6470, .T. ) ;
#456 = EDGE_CURVE ( 'NONE', #7386, #6591, #7102, .T. ) ;
#457 = LINE ( 'NONE', #2801, #1467 ) ;
#458 = DIRECTION ( 'NONE',  ( 0.0000000000000000000, -1.000000000000000000, 0.0000000000000000000 ) ) ;
#459 = ORIENTED_EDGE ( 'NONE', *, *, #7057, .F. ) ;
#460 = EDGE_CURVE ( 'NONE', #852, #5465, #3755, .T. ) ;
#461 = CARTESIAN_POINT ( 'NONE',  ( -2.374999999999997335, -0.1000000000000000056, -3.224999999999995204 ) ) ;
#462 = ORIENTED_EDGE ( 'NONE', *, *, #2107, .T. ) ;
#463 = DIRECTION ( 'NONE',  ( 0.0000000000000000000, 0.0000000000000000000, 1.000000000000000000 ) ) ;
#464 = DIRECTION ( 'NONE',  ( -1.000000000000000000, -0.0000000000000000000, 0.0000000000000000000 ) ) ;
#465 = ORIENTED_EDGE ( 'NONE', *, *, #1987, .T. ) ;
#466 = DIRECTION ( 'NONE',  ( 0.0000000000000000000, 0.0000000000000000000, -1.000000000000000000 ) ) ;
#467 = ORIENTED_EDGE ( 'NONE', *, *, #3655, .F. ) ;
#468 = VECTOR ( 'NONE', #3718, 1000.000000000000000 ) ;
#469 = ORIENTED_EDGE ( 'NONE', *, *, #3469, .T. ) ;
#470 = VERTEX_POINT ( 'NONE', #5544 ) ;
#471 = CARTESIAN_POINT ( 'NONE',  ( -0.3749999999999972800, -0.1000000000000000056, 0.0000000000000000000 ) ) ;
#472 = CARTESIAN_POINT ( 'NONE',  ( -3.499999999999999112, -0.1000000000000000472, -3.499999999999999112 ) ) ;
#473 = ORIENTED_EDGE ( 'NONE', *, *, #5835, .F. ) ;
#474 = AXIS2_PLACEMENT_3D ( 'NONE', #3149, #6595, #1453 ) ;
#475 = UNCERTAINTY_MEASURE_WITH_UNIT (LENGTH_MEASURE( 1.000000000000000082E-05 ), #1949, 'distance_accuracy_value', 'NONE');
#476 = CARTESIAN_POINT ( 'NONE',  ( 1.250000000000001998, -0.1000000000000000056, -3.224999999999995204 ) ) ;
#477 = EDGE_CURVE ( 'NONE', #820, #6403, #156, .T. ) ;
#478 = LINE ( 'NONE', #2788, #2612 ) ;
#479 = DIRECTION ( 'NONE',  ( -1.000000000000000000, 0.0000000000000000000, 0.0000000000000000000 ) ) ;
#480 = COLOUR_RGB ( '',0.1019607843137254888, 0.1019607843137254888, 0.1019607843137254888 ) ;
#481 = VECTOR ( 'NONE', #1382, 1000.000000000000000 ) ;
#482 = ORIENTED_EDGE ( 'NONE', *, *, #4387, .F. ) ;
#483 = LINE ( 'NONE', #4449, #6587 ) ;
#484 = DIRECTION ( 'NONE',  ( 1.000000000000000000, 0.0000000000000000000, -3.154042683594184569E-15 ) ) ;
#485 = ORIENTED_EDGE ( 'NONE', *, *, #1183, .F. ) ;
#486 = ORIENTED_EDGE ( 'NONE', *, *, #7308, .F. ) ;
#487 = CARTESIAN_POINT ( 'NONE',  ( 0.0000000000000000000, -0.1000000000000000056, 0.0000000000000000000 ) ) ;
#488 = EDGE_LOOP ( 'NONE', ( #1184, #796, #4824, #1557 ) ) ;
#489 = STYLED_ITEM ( 'NONE', ( #6580 ), #5575 ) ;
#490 = EDGE_CURVE ( 'NONE', #4600, #3723, #249, .T. ) ;
#491 = DIRECTION ( 'NONE',  ( 0.0000000000000000000, 0.0000000000000000000, 1.000000000000000000 ) ) ;
#492 = DIRECTION ( 'NONE',  ( -1.000000000000000000, 0.0000000000000000000, 0.0000000000000000000 ) ) ;
#493 = CIRCLE ( 'NONE', #243, 0.1250000000000001110 ) ;
#494 = DIRECTION ( 'NONE',  ( -0.0000000000000000000, 1.000000000000000000, 0.0000000000000000000 ) ) ;
#495 = PRODUCT_CONTEXT ( 'NONE', #5572, 'mechanical' ) ;
#496 = FACE_OUTER_BOUND ( 'NONE', #6474, .T. ) ;
#497 = EDGE_CURVE ( 'NONE', #22, #6435, #3685, .T. ) ;
#498 = EDGE_CURVE ( 'NONE', #6014, #792, #1546, .T. ) ;
#499 = CIRCLE ( 'NONE', #3189, 0.1249999999999996808 ) ;
#500 = LINE ( 'NONE', #2841, #6605 ) ;
#501 = VERTEX_POINT ( 'NONE', #2670 ) ;
#502 = LINE ( 'NONE', #2844, #5151 ) ;
#503 = VERTEX_POINT ( 'NONE', #3201 ) ;
#504 = AXIS2_PLACEMENT_3D ( 'NONE', #3351, #1499, #316 ) ;
#505 = FACE_OUTER_BOUND ( 'NONE', #4988, .T. ) ;
#506 = EDGE_LOOP ( 'NONE', ( #2830, #2349, #7248, #5833 ) ) ;
#507 = LINE ( 'NONE', #6296, #1436 ) ;
#508 = EDGE_CURVE ( 'NONE', #3345, #5338, #1431, .T. ) ;
#509 =( GEOMETRIC_REPRESENTATION_CONTEXT ( 3 ) GLOBAL_UNCERTAINTY_ASSIGNED_CONTEXT ( ( #2248 ) ) GLOBAL_UNIT_ASSIGNED_CONTEXT ( ( #4460, #6735, #1522 ) ) REPRESENTATION_CONTEXT ( 'NONE', 'WORKASPACE' ) );
#510 = VERTEX_POINT ( 'NONE', #6720 ) ;
#511 = ORIENTED_EDGE ( 'NONE', *, *, #3825, .F. ) ;
#512 = LINE ( 'NONE', #5168, #6472 ) ;
#513 = DIRECTION ( 'NONE',  ( 1.000000000000000000, 0.0000000000000000000, -1.239088197126291063E-16 ) ) ;
#514 = ORIENTED_EDGE ( 'NONE', *, *, #4476, .T. ) ;
#515 = EDGE_CURVE ( 'NONE', #6351, #6806, #4911, .T. ) ;
#516 = DIRECTION ( 'NONE',  ( 0.0000000000000000000, -0.0000000000000000000, -1.000000000000000000 ) ) ;
#517 = CARTESIAN_POINT ( 'NONE',  ( -3.499999999999999112, -0.1000000000000000472, -3.499999999999999112 ) ) ;
#518 = VECTOR ( 'NONE', #5520, 1000.000000000000000 ) ;
#519 = ORIENTED_EDGE ( 'NONE', *, *, #4999, .T. ) ;
#520 = CARTESIAN_POINT ( 'NONE',  ( 0.0000000000000000000, 0.0000000000000000000, 3.500000000000000888 ) ) ;
#521 = DIRECTION ( 'NONE',  ( -1.000000000000000000, -0.0000000000000000000, 0.0000000000000000000 ) ) ;
#522 = VERTEX_POINT ( 'NONE', #845 ) ;
#523 = DIRECTION ( 'NONE',  ( 1.000000000000000000, 0.0000000000000000000, -0.0000000000000000000 ) ) ;
#524 = ORIENTED_EDGE ( 'NONE', *, *, #2622, .T. ) ;
#525 = VECTOR ( 'NONE', #3057, 1000.000000000000000 ) ;
#526 = DIRECTION ( 'NONE',  ( -0.0000000000000000000, -1.000000000000000000, -0.0000000000000000000 ) ) ;
#527 = DIRECTION ( 'NONE',  ( 0.0000000000000000000, 1.000000000000000000, -0.0000000000000000000 ) ) ;
#528 = LINE ( 'NONE', #6999, #7399 ) ;
#529 = DIRECTION ( 'NONE',  ( 0.0000000000000000000, 0.0000000000000000000, 1.000000000000000000 ) ) ;
#530 = AXIS2_PLACEMENT_3D ( 'NONE', #3254, #2653, #7265 ) ;
#531 = EDGE_CURVE ( 'NONE', #2036, #54, #7207, .T. ) ;
#532 = DIRECTION ( 'NONE',  ( -1.000000000000000000, 0.0000000000000000000, -0.0000000000000000000 ) ) ;
#533 = EDGE_LOOP ( 'NONE', ( #3598, #288, #593, #2847 ) ) ;
#534 = CARTESIAN_POINT ( 'NONE',  ( 0.0000000000000000000, -0.1000000000000000056, 0.0000000000000000000 ) ) ;
#535 = AXIS2_PLACEMENT_3D ( 'NONE', #6432, #5856, #633 ) ;
#536 = CARTESIAN_POINT ( 'NONE',  ( -0.6250000000000002220, -0.1000000000000000056, 0.0000000000000000000 ) ) ;
#537 = LINE ( 'NONE', #2884, #2563 ) ;
#538 = EDGE_CURVE ( 'NONE', #2090, #5313, #1506, .T. ) ;
#539 = CARTESIAN_POINT ( 'NONE',  ( 1.375000000000000000, -0.1000000000000000056, 3.225000000000000533 ) ) ;
#540 = EDGE_LOOP ( 'NONE', ( #5805, #16, #4060, #1845 ) ) ;
#541 = VECTOR ( 'NONE', #1063, 1000.000000000000000 ) ;
#542 = LINE ( 'NONE', #5089, #541 ) ;
#543 = VECTOR ( 'NONE', #2291, 1000.000000000000000 ) ;
#544 = ORIENTED_EDGE ( 'NONE', *, *, #4570, .T. ) ;
#545 = ORIENTED_EDGE ( 'NONE', *, *, #4024, .T. ) ;
#546 = VECTOR ( 'NONE', #4329, 1000.000000000000000 ) ;
#547 = ORIENTED_EDGE ( 'NONE', *, *, #6525, .F. ) ;
#548 = EDGE_CURVE ( 'NONE', #3227, #614, #3271, .T. ) ;
#549 = ORIENTED_EDGE ( 'NONE', *, *, #4807, .F. ) ;
#550 = CYLINDRICAL_SURFACE ( 'NONE', #3677, 0.1249999999999992506 ) ;
#551 =( LENGTH_UNIT ( ) NAMED_UNIT ( * ) SI_UNIT ( .MILLI., .METRE. ) );
#552 = ORIENTED_EDGE ( 'NONE', *, *, #4467, .F. ) ;
#553 = COLOUR_RGB ( '',0.1019607843137254888, 0.1019607843137254888, 0.1019607843137254888 ) ;
#554 = CARTESIAN_POINT ( 'NONE',  ( -0.6249999999999987788, -0.1000000000000000056, 0.0000000000000000000 ) ) ;
#555 = EDGE_CURVE ( 'NONE', #170, #998, #6038, .T. ) ;
#556 = CARTESIAN_POINT ( 'NONE',  ( -3.224999999999998757, -0.1000000000000000056, 1.749999999999998224 ) ) ;
#557 = ORIENTED_EDGE ( 'NONE', *, *, #4675, .F. ) ;
#558 = ORIENTED_EDGE ( 'NONE', *, *, #4816, .T. ) ;
#559 = PLANE ( 'NONE',  #2921 ) ;
#560 = ORIENTED_EDGE ( 'NONE', *, *, #2363, .T. ) ;
#561 = ADVANCED_FACE ( 'NONE', ( #3314 ), #3872, .T. ) ;
#562 = EDGE_CURVE ( 'NONE', #3345, #6314, #2010, .T. ) ;
#563 = DIRECTION ( 'NONE',  ( -0.0000000000000000000, -1.000000000000000000, -0.0000000000000000000 ) ) ;
#564 = VECTOR ( 'NONE', #3942, 1000.000000000000000 ) ;
#565 = CARTESIAN_POINT ( 'NONE',  ( 0.6250000000000028866, -0.1000000000000000056, -3.224999999999995204 ) ) ;
#566 = CARTESIAN_POINT ( 'NONE',  ( -3.224999999999998757, -0.1000000000000000056, 2.249999999999998668 ) ) ;
#567 = CARTESIAN_POINT ( 'NONE',  ( 1.875000000000000444, 1.000000000000000000, 3.500000000000000888 ) ) ;
#568 = CARTESIAN_POINT ( 'NONE',  ( -3.224999999999998757, -0.1000000000000000056, 2.874999999999998224 ) ) ;
#569 = ORIENTED_EDGE ( 'NONE', *, *, #3918, .F. ) ;
#570 = VECTOR ( 'NONE', #5789, 1000.000000000000000 ) ;
#571 = ADVANCED_FACE ( 'NONE', ( #5582 ), #4949, .T. ) ;
#572 = DIRECTION ( 'NONE',  ( -0.0000000000000000000, -1.000000000000000000, -0.0000000000000000000 ) ) ;
#573 = LINE ( 'NONE', #2353, #4995 ) ;
#574 = CARTESIAN_POINT ( 'NONE',  ( 0.0000000000000000000, -0.1000000000000000056, 0.0000000000000000000 ) ) ;
#575 = FACE_OUTER_BOUND ( 'NONE', #4417, .T. ) ;
#576 = ORIENTED_EDGE ( 'NONE', *, *, #2813, .T. ) ;
#577 = DIRECTION ( 'NONE',  ( 0.0000000000000000000, 1.000000000000000000, -0.0000000000000000000 ) ) ;
#578 = VERTEX_POINT ( 'NONE', #4445 ) ;
#579 = ORIENTED_EDGE ( 'NONE', *, *, #1908, .T. ) ;
#580 = DIRECTION ( 'NONE',  ( -0.0000000000000000000, -1.000000000000000000, -0.0000000000000000000 ) ) ;
#581 = VERTEX_POINT ( 'NONE', #2046 ) ;
#582 = VERTEX_POINT ( 'NONE', #6758 ) ;
#583 = LINE ( 'NONE', #471, #3082 ) ;
#584 = CARTESIAN_POINT ( 'NONE',  ( -0.7499999999999982236, 0.0000000000000000000, -3.099999999999996092 ) ) ;
#585 = DIRECTION ( 'NONE',  ( 0.0000000000000000000, 1.000000000000000000, 0.0000000000000000000 ) ) ;
#586 = EDGE_CURVE ( 'NONE', #5649, #3992, #5636, .T. ) ;
#587 = EDGE_CURVE ( 'NONE', #1095, #7353, #37, .T. ) ;
#588 = CARTESIAN_POINT ( 'NONE',  ( -1.875000000000000666, -0.1000000000000000056, 0.0000000000000000000 ) ) ;
#589 = EDGE_LOOP ( 'NONE', ( #3089, #3708, #2536, #6522 ) ) ;
#590 = DIRECTION ( 'NONE',  ( 0.0000000000000000000, 1.000000000000000000, 0.0000000000000000000 ) ) ;
#591 = AXIS2_PLACEMENT_3D ( 'NONE', #7492, #83, #6405 ) ;
#592 = CARTESIAN_POINT ( 'NONE',  ( 8.279362044434695298E-15, 0.0000000000000000000, 2.624999999999988010 ) ) ;
#593 = ORIENTED_EDGE ( 'NONE', *, *, #904, .T. ) ;
#594 = EDGE_CURVE ( 'NONE', #510, #5763, #6798, .T. ) ;
#595 = CARTESIAN_POINT ( 'NONE',  ( -2.374999999999997335, -0.1000000000000000056, -3.224999999999995204 ) ) ;
#596 = ORIENTED_EDGE ( 'NONE', *, *, #266, .T. ) ;
#597 = AXIS2_PLACEMENT_3D ( 'NONE', #4260, #6545, #2498 ) ;
#598 = CARTESIAN_POINT ( 'NONE',  ( -3.499999999999998224, -0.1000000000000000472, 3.500000000000000888 ) ) ;
#599 = FACE_OUTER_BOUND ( 'NONE', #3884, .T. ) ;
#600 = CARTESIAN_POINT ( 'NONE',  ( -0.7500000000000002220, -0.1000000000000000056, 3.225000000000000533 ) ) ;
#601 = DIRECTION ( 'NONE',  ( 0.0000000000000000000, 0.0000000000000000000, 1.000000000000000000 ) ) ;
#602 = VECTOR ( 'NONE', #4337, 1000.000000000000000 ) ;
#603 = CARTESIAN_POINT ( 'NONE',  ( -2.499999999999997335, -0.1000000000000000056, -2.749999999999999556 ) ) ;
#604 = EDGE_CURVE ( 'NONE', #1633, #22, #2212, .T. ) ;
#605 = VERTEX_POINT ( 'NONE', #4486 ) ;
#606 = EDGE_CURVE ( 'NONE', #350, #2731, #5775, .T. ) ;
#607 = DIRECTION ( 'NONE',  ( 0.0000000000000000000, 0.0000000000000000000, 1.000000000000000000 ) ) ;
#608 = AXIS2_PLACEMENT_3D ( 'NONE', #6555, #1911, #7146 ) ;
#609 = DIRECTION ( 'NONE',  ( 1.000000000000000000, 0.0000000000000000000, -0.0000000000000000000 ) ) ;
#610 = DIRECTION ( 'NONE',  ( 0.0000000000000000000, -0.0000000000000000000, -1.000000000000000000 ) ) ;
#611 = EDGE_CURVE ( 'NONE', #5124, #1648, #478, .T. ) ;
#612 = DIRECTION ( 'NONE',  ( 0.0000000000000000000, 0.0000000000000000000, 1.000000000000000000 ) ) ;
#613 = ADVANCED_FACE ( 'NONE', ( #2252 ), #6841, .F. ) ;
#614 = VERTEX_POINT ( 'NONE', #1039 ) ;
#615 = VECTOR ( 'NONE', #3653, 1000.000000000000000 ) ;
#616 = EDGE_LOOP ( 'NONE', ( #7117, #5371, #6549, #7351 ) ) ;
#617 = VECTOR ( 'NONE', #6360, 1000.000000000000000 ) ;
#618 = VERTEX_POINT ( 'NONE', #3391 ) ;
#619 = CARTESIAN_POINT ( 'NONE',  ( 3.500000000000001332, 1.000000000000000000, 1.375000000000001554 ) ) ;
#620 = EDGE_CURVE ( 'NONE', #4650, #6354, #5701, .T. ) ;
#621 = ORIENTED_EDGE ( 'NONE', *, *, #7336, .T. ) ;
#622 = CARTESIAN_POINT ( 'NONE',  ( -3.499999999999999112, -0.1000000000000000472, -3.499999999999999112 ) ) ;
#623 = VECTOR ( 'NONE', #4980, 1000.000000000000000 ) ;
#624 = CARTESIAN_POINT ( 'NONE',  ( 2.750000000000002665, -0.1000000000000000056, -3.224999999999995204 ) ) ;
#625 = CARTESIAN_POINT ( 'NONE',  ( -2.749999999999998224, -0.1000000000000000056, -3.224999999999995204 ) ) ;
#626 = EDGE_LOOP ( 'NONE', ( #4244, #4041, #7495, #3972, #6287, #982, #6141, #4109, #4820, #4681, #4472, #1147, #3364, #3426, #6161, #3541, #6516, #3499, #3002, #160, #4769, #5870, #5966, #6910, #5167, #5604, #2645, #6299, #4947, #213, #6334, #1916, #4434, #4051, #7216, #204, #5500, #1268, #1688, #5409, #1969, #6112, #229, #6084, #1579, #3639, #3298, #5529, #6953, #1434, #7390, #246 ) ) ;
#627 = AXIS2_PLACEMENT_3D ( 'NONE', #1884, #5002, #3010 ) ;
#628 = FACE_OUTER_BOUND ( 'NONE', #2643, .T. ) ;
#629 = CARTESIAN_POINT ( 'NONE',  ( 1.624999999999999778, 0.0000000000000000000, 3.225000000000000533 ) ) ;
#630 = EDGE_CURVE ( 'NONE', #71, #1064, #2824, .T. ) ;
#631 = LINE ( 'NONE', #3055, #2684 ) ;
#632 = CARTESIAN_POINT ( 'NONE',  ( 0.0000000000000000000, -0.1000000000000000056, 0.0000000000000000000 ) ) ;
#633 = DIRECTION ( 'NONE',  ( 0.0000000000000000000, 0.0000000000000000000, 1.000000000000000000 ) ) ;
#634 = DIRECTION ( 'NONE',  ( 0.0000000000000000000, 1.000000000000000000, 0.0000000000000000000 ) ) ;
#635 = EDGE_LOOP ( 'NONE', ( #1850, #5662, #6843, #6703 ) ) ;
#636 = CARTESIAN_POINT ( 'NONE',  ( -1.750000000000000222, -0.1000000000000000056, 3.225000000000000533 ) ) ;
#637 = ADVANCED_FACE ( 'NONE', ( #6347 ), #442, .F. ) ;
#638 = DIRECTION ( 'NONE',  ( -1.000000000000000000, 0.0000000000000000000, 0.0000000000000000000 ) ) ;
#639 = AXIS2_PLACEMENT_3D ( 'NONE', #2936, #7397, #6231 ) ;
#640 = ORIENTED_EDGE ( 'NONE', *, *, #3997, .F. ) ;
#641 = DIRECTION ( 'NONE',  ( 0.0000000000000000000, 1.000000000000000000, 0.0000000000000000000 ) ) ;
#642 = CIRCLE ( 'NONE', #42, 0.1249999999999992506 ) ;
#643 = CARTESIAN_POINT ( 'NONE',  ( 3.225000000000001421, 0.0000000000000000000, 1.250000000000001110 ) ) ;
#644 = LINE ( 'NONE', #2430, #7289 ) ;
#645 = CARTESIAN_POINT ( 'NONE',  ( -2.249999999999998224, -0.1000000000000000056, -3.099999999999996092 ) ) ;
#646 = EDGE_CURVE ( 'NONE', #3184, #4559, #5136, .T. ) ;
#647 = ORIENTED_EDGE ( 'NONE', *, *, #1792, .F. ) ;
#648 = AXIS2_PLACEMENT_3D ( 'NONE', #1098, #6365, #6 ) ;
#649 = EDGE_CURVE ( 'NONE', #2692, #4436, #3214, .T. ) ;
#650 = VECTOR ( 'NONE', #5132, 1000.000000000000000 ) ;
#651 = ORIENTED_EDGE ( 'NONE', *, *, #5809, .T. ) ;
#652 = VECTOR ( 'NONE', #7320, 1000.000000000000000 ) ;
#653 = ORIENTED_EDGE ( 'NONE', *, *, #2317, .T. ) ;
#654 = LINE ( 'NONE', #3671, #2840 ) ;
#655 = LINE ( 'NONE', #7052, #1019 ) ;
#656 = CARTESIAN_POINT ( 'NONE',  ( 3.000000000000000888, 0.9000000000000001332, 3.000000000000000888 ) ) ;
#657 = CIRCLE ( 'NONE', #2398, 0.1250000000000001110 ) ;
#658 = CARTESIAN_POINT ( 'NONE',  ( -2.874999999999997335, 1.000000000000000000, -3.499999999999999112 ) ) ;
#659 = DIRECTION ( 'NONE',  ( 0.0000000000000000000, -1.000000000000000000, -0.0000000000000000000 ) ) ;
#660 = DIRECTION ( 'NONE',  ( 0.0000000000000000000, 0.0000000000000000000, 1.000000000000000000 ) ) ;
#661 = DIRECTION ( 'NONE',  ( 0.0000000000000000000, 0.0000000000000000000, 1.000000000000000000 ) ) ;
#662 = VECTOR ( 'NONE', #4341, 1000.000000000000000 ) ;
#663 = ORIENTED_EDGE ( 'NONE', *, *, #1856, .F. ) ;
#664 = LINE ( 'NONE', #7028, #4003 ) ;
#665 = PLANE ( 'NONE',  #4179 ) ;
#666 = CARTESIAN_POINT ( 'NONE',  ( 0.0000000000000000000, -0.1000000000000000056, -0.3749999999999971689 ) ) ;
#667 = DIRECTION ( 'NONE',  ( 0.0000000000000000000, -0.0000000000000000000, 1.000000000000000000 ) ) ;
#668 = ORIENTED_EDGE ( 'NONE', *, *, #3834, .F. ) ;
#669 = DIRECTION ( 'NONE',  ( -1.577021341797097215E-15, 0.0000000000000000000, -1.000000000000000000 ) ) ;
#670 = ORIENTED_EDGE ( 'NONE', *, *, #7100, .T. ) ;
#671 = ORIENTED_EDGE ( 'NONE', *, *, #760, .T. ) ;
#672 = AXIS2_PLACEMENT_3D ( 'NONE', #6664, #3251, #2064 ) ;
#673 = ADVANCED_FACE ( 'NONE', ( #4025 ), #4644, .F. ) ;
#674 = DIRECTION ( 'NONE',  ( -1.000000000000000000, 0.0000000000000000000, -0.0000000000000000000 ) ) ;
#675 = CARTESIAN_POINT ( 'NONE',  ( -2.624999999999998668, 0.0000000000000000000, 0.0000000000000000000 ) ) ;
#676 = PLANE ( 'NONE',  #6080 ) ;
#677 = VECTOR ( 'NONE', #4660, 1000.000000000000000 ) ;
#678 = ORIENTED_EDGE ( 'NONE', *, *, #5720, .T. ) ;
#679 = LINE ( 'NONE', #5345, #7235 ) ;
#680 = EDGE_LOOP ( 'NONE', ( #558, #3948, #197, #5242 ) ) ;
#681 = EDGE_CURVE ( 'NONE', #7279, #1061, #6878, .T. ) ;
#682 = ORIENTED_EDGE ( 'NONE', *, *, #2123, .T. ) ;
#683 = VERTEX_POINT ( 'NONE', #7471 ) ;
#684 = DIRECTION ( 'NONE',  ( 0.0000000000000000000, 0.0000000000000000000, 1.000000000000000000 ) ) ;
#685 = VERTEX_POINT ( 'NONE', #3990 ) ;
#686 = ORIENTED_EDGE ( 'NONE', *, *, #6817, .T. ) ;
#687 = CARTESIAN_POINT ( 'NONE',  ( 3.500000000000000888, -0.1000000000000000472, -3.499999999999999112 ) ) ;
#688 = CARTESIAN_POINT ( 'NONE',  ( -2.499999999999998224, -0.1000000000000000056, -2.749999999999999556 ) ) ;
#689 = ORIENTED_EDGE ( 'NONE', *, *, #6715, .F. ) ;
#690 = CARTESIAN_POINT ( 'NONE',  ( -0.7499999999999982236, -0.1000000000000000056, -3.224999999999995204 ) ) ;
#691 = ORIENTED_EDGE ( 'NONE', *, *, #548, .F. ) ;
#692 = ADVANCED_FACE ( 'NONE', ( #6304 ), #1077, .T. ) ;
#693 = ADVANCED_FACE ( 'NONE', ( #4605 ), #3466, .F. ) ;
#694 = PLANE ( 'NONE',  #6366 ) ;
#695 = DIRECTION ( 'NONE',  ( -0.0000000000000000000, 0.0000000000000000000, 1.000000000000000000 ) ) ;
#696 = DIRECTION ( 'NONE',  ( 0.0000000000000000000, -1.000000000000000000, 0.0000000000000000000 ) ) ;
#697 = DIRECTION ( 'NONE',  ( -0.0000000000000000000, -1.000000000000000000, -0.0000000000000000000 ) ) ;
#698 = ORIENTED_EDGE ( 'NONE', *, *, #1097, .T. ) ;
#699 = EDGE_CURVE ( 'NONE', #6429, #2548, #4064, .T. ) ;
#700 = LINE ( 'NONE', #3021, #2319 ) ;
#701 = CARTESIAN_POINT ( 'NONE',  ( -3.224999999999998757, -0.1000000000000000056, 1.124999999999998224 ) ) ;
#702 = CARTESIAN_POINT ( 'NONE',  ( 1.250000000000001998, -0.1000000000000000056, -3.099999999999996092 ) ) ;
#703 = VECTOR ( 'NONE', #1404, 1000.000000000000000 ) ;
#704 = FACE_OUTER_BOUND ( 'NONE', #6574, .T. ) ;
#705 = VERTEX_POINT ( 'NONE', #6461 ) ;
#706 = CARTESIAN_POINT ( 'NONE',  ( 3.225000000000001421, -0.1000000000000000056, -0.3749999999999971689 ) ) ;
#707 = DIRECTION ( 'NONE',  ( 0.0000000000000000000, -1.000000000000000000, -0.0000000000000000000 ) ) ;
#708 = EDGE_CURVE ( 'NONE', #6905, #6344, #3182, .T. ) ;
#709 = ORIENTED_EDGE ( 'NONE', *, *, #803, .F. ) ;
#710 = AXIS2_PLACEMENT_3D ( 'NONE', #4122, #2392, #4703 ) ;
#711 = CYLINDRICAL_SURFACE ( 'NONE', #6857, 0.1249999999999992506 ) ;
#712 = AXIS2_PLACEMENT_3D ( 'NONE', #6330, #3560, #1099 ) ;
#713 = CARTESIAN_POINT ( 'NONE',  ( -0.1250000000000005551, 1.000000000000000000, 3.500000000000000888 ) ) ;
#714 = ORIENTED_EDGE ( 'NONE', *, *, #2460, .F. ) ;
#715 = FACE_OUTER_BOUND ( 'NONE', #6394, .T. ) ;
#716 = ORIENTED_EDGE ( 'NONE', *, *, #2346, .T. ) ;
#717 = EDGE_CURVE ( 'NONE', #6532, #792, #1310, .T. ) ;
#718 = AXIS2_PLACEMENT_3D ( 'NONE', #2404, #5871, #4168 ) ;
#719 = EDGE_CURVE ( 'NONE', #5095, #4167, #5948, .T. ) ;
#720 = ORIENTED_EDGE ( 'NONE', *, *, #4104, .F. ) ;
#721 = ORIENTED_EDGE ( 'NONE', *, *, #3853, .F. ) ;
#722 = EDGE_LOOP ( 'NONE', ( #7383, #5493, #7126, #6630 ) ) ;
#723 = DIRECTION ( 'NONE',  ( -0.0000000000000000000, -1.000000000000000000, -0.0000000000000000000 ) ) ;
#724 = EDGE_CURVE ( 'NONE', #7150, #4362, #6499, .T. ) ;
#725 = EDGE_CURVE ( 'NONE', #5617, #6527, #2372, .T. ) ;
#726 = DIRECTION ( 'NONE',  ( 0.0000000000000000000, 1.000000000000000000, 0.0000000000000000000 ) ) ;
#727 = ORIENTED_EDGE ( 'NONE', *, *, #5730, .F. ) ;
#728 = AXIS2_PLACEMENT_3D ( 'NONE', #3876, #3395, #5704 ) ;
#729 = DIRECTION ( 'NONE',  ( 0.0000000000000000000, 1.000000000000000000, 0.0000000000000000000 ) ) ;
#730 = DIRECTION ( 'NONE',  ( 1.000000000000000000, 0.0000000000000000000, -0.0000000000000000000 ) ) ;
#731 = CARTESIAN_POINT ( 'NONE',  ( -3.499999999999999112, -0.1000000000000000472, -3.499999999999999112 ) ) ;
#732 = EDGE_LOOP ( 'NONE', ( #2503, #6521, #5873, #4 ) ) ;
#733 = ADVANCED_FACE ( 'NONE', ( #1815 ), #5495, .T. ) ;
#734 = DIRECTION ( 'NONE',  ( 0.0000000000000000000, 0.0000000000000000000, -1.000000000000000000 ) ) ;
#735 = LINE ( 'NONE', #3582, #1245 ) ;
#736 = ADVANCED_FACE ( 'NONE', ( #4137 ), #694, .T. ) ;
#737 = CARTESIAN_POINT ( 'NONE',  ( -3.499999999999998668, 1.000000000000000000, -0.6250000000000018874 ) ) ;
#738 = EDGE_CURVE ( 'NONE', #5727, #6042, #403, .T. ) ;
#739 = ORIENTED_EDGE ( 'NONE', *, *, #5996, .T. ) ;
#740 = LINE ( 'NONE', #5514, #844 ) ;
#741 = CARTESIAN_POINT ( 'NONE',  ( -3.499999999999999112, 0.0000000000000000000, 0.0000000000000000000 ) ) ;
#742 = EDGE_LOOP ( 'NONE', ( #689, #3935, #6944, #939 ) ) ;
#743 = VERTEX_POINT ( 'NONE', #2617 ) ;
#744 = DIRECTION ( 'NONE',  ( 0.0000000000000000000, -1.000000000000000000, 0.0000000000000000000 ) ) ;
#745 = CARTESIAN_POINT ( 'NONE',  ( 3.225000000000001421, -0.1000000000000000056, 1.750000000000001110 ) ) ;
#746 = VECTOR ( 'NONE', #4408, 1000.000000000000000 ) ;
#747 = CARTESIAN_POINT ( 'NONE',  ( -3.224999999999998757, 0.0000000000000000000, -1.250000000000001776 ) ) ;
#748 = ORIENTED_EDGE ( 'NONE', *, *, #2984, .T. ) ;
#749 = VECTOR ( 'NONE', #7055, 1000.000000000000000 ) ;
#750 = ORIENTED_EDGE ( 'NONE', *, *, #3286, .F. ) ;
#751 = LINE ( 'NONE', #5565, #4023 ) ;
#752 = LINE ( 'NONE', #2311, #1818 ) ;
#753 = ORIENTED_EDGE ( 'NONE', *, *, #2581, .F. ) ;
#754 = ORIENTED_EDGE ( 'NONE', *, *, #5295, .T. ) ;
#755 =( NAMED_UNIT ( * ) PLANE_ANGLE_UNIT ( ) SI_UNIT ( $, .RADIAN. ) );
#756 = CARTESIAN_POINT ( 'NONE',  ( 0.0000000000000000000, -0.1000000000000000056, 0.0000000000000000000 ) ) ;
#757 = LINE ( 'NONE', #5322, #6303 ) ;
#758 = VECTOR ( 'NONE', #5851, 1000.000000000000000 ) ;
#759 = VECTOR ( 'NONE', #3093, 1000.000000000000000 ) ;
#760 = EDGE_CURVE ( 'NONE', #2708, #791, #4685, .T. ) ;
#761 = CARTESIAN_POINT ( 'NONE',  ( -0.1249999999999988065, 0.0000000000000000000, -3.499999999999999112 ) ) ;
#762 = VERTEX_POINT ( 'NONE', #5879 ) ;
#763 = DIRECTION ( 'NONE',  ( 0.0000000000000000000, 1.000000000000000000, 0.0000000000000000000 ) ) ;
#764 = DIRECTION ( 'NONE',  ( -1.000000000000000000, -0.0000000000000000000, -0.0000000000000000000 ) ) ;
#765 = VERTEX_POINT ( 'NONE', #7092 ) ;
#766 = AXIS2_PLACEMENT_3D ( 'NONE', #1342, #723, #3637 ) ;
#767 = AXIS2_PLACEMENT_3D ( 'NONE', #5848, #4250, #5916 ) ;
#768 = CARTESIAN_POINT ( 'NONE',  ( 2.499999999999999556, -0.1000000000000000056, 2.750000000000000888 ) ) ;
#769 = DIRECTION ( 'NONE',  ( 0.0000000000000000000, -0.0000000000000000000, 1.000000000000000000 ) ) ;
#770 = EDGE_CURVE ( 'NONE', #4586, #5058, #2029, .T. ) ;
#771 = AXIS2_PLACEMENT_3D ( 'NONE', #3321, #2677, #4414 ) ;
#772 = CARTESIAN_POINT ( 'NONE',  ( -0.2499999999999980571, -0.1000000000000000056, -3.224999999999995204 ) ) ;
#773 = ORIENTED_EDGE ( 'NONE', *, *, #7074, .T. ) ;
#774 = DIRECTION ( 'NONE',  ( 0.0000000000000000000, 0.0000000000000000000, 1.000000000000000000 ) ) ;
#775 = DIRECTION ( 'NONE',  ( 0.0000000000000000000, 0.0000000000000000000, 1.000000000000000000 ) ) ;
#776 = VERTEX_POINT ( 'NONE', #3641 ) ;
#777 = CARTESIAN_POINT ( 'NONE',  ( -3.499999999999998224, -0.1000000000000000472, 3.500000000000000888 ) ) ;
#778 = EDGE_CURVE ( 'NONE', #1439, #3279, #3613, .T. ) ;
#779 = ORIENTED_EDGE ( 'NONE', *, *, #2883, .T. ) ;
#780 = VECTOR ( 'NONE', #4590, 1000.000000000000000 ) ;
#781 = EDGE_CURVE ( 'NONE', #2662, #449, #5847, .T. ) ;
#782 = DIRECTION ( 'NONE',  ( -0.0000000000000000000, 0.0000000000000000000, 1.000000000000000000 ) ) ;
#783 = LINE ( 'NONE', #1910, #4503 ) ;
#784 = CARTESIAN_POINT ( 'NONE',  ( 0.8749999999999997780, -0.1000000000000000056, 3.225000000000000533 ) ) ;
#785 = ORIENTED_EDGE ( 'NONE', *, *, #6514, .T. ) ;
#786 = CARTESIAN_POINT ( 'NONE',  ( -0.8749999999999973355, -0.1000000000000000333, -3.499999999999999112 ) ) ;
#787 = ORIENTED_EDGE ( 'NONE', *, *, #1935, .T. ) ;
#788 = AXIS2_PLACEMENT_3D ( 'NONE', #3414, #4473, #6786 ) ;
#789 = EDGE_CURVE ( 'NONE', #6615, #6833, #642, .T. ) ;
#790 = AXIS2_PLACEMENT_3D ( 'NONE', #228, #3179, #4887 ) ;
#791 = VERTEX_POINT ( 'NONE', #6095 ) ;
#792 = VERTEX_POINT ( 'NONE', #133 ) ;
#793 = VERTEX_POINT ( 'NONE', #2448 ) ;
#794 = LINE ( 'NONE', #1420, #6509 ) ;
#795 = DIRECTION ( 'NONE',  ( -0.0000000000000000000, -1.000000000000000000, -0.0000000000000000000 ) ) ;
#796 = ORIENTED_EDGE ( 'NONE', *, *, #3632, .T. ) ;
#797 = ADVANCED_FACE ( 'NONE', ( #863 ), #5527, .F. ) ;
#798 = AXIS2_PLACEMENT_3D ( 'NONE', #293, #6619, #775 ) ;
#799 = DIRECTION ( 'NONE',  ( -0.0000000000000000000, -1.000000000000000000, -0.0000000000000000000 ) ) ;
#800 = CARTESIAN_POINT ( 'NONE',  ( 0.0000000000000000000, -0.1000000000000000056, 0.0000000000000000000 ) ) ;
#801 = DIRECTION ( 'NONE',  ( -1.239088197126291063E-16, 0.0000000000000000000, -1.000000000000000000 ) ) ;
#802 = ORIENTED_EDGE ( 'NONE', *, *, #3790, .T. ) ;
#803 = EDGE_CURVE ( 'NONE', #6307, #3766, #4788, .T. ) ;
#804 = EDGE_CURVE ( 'NONE', #4562, #2443, #5767, .T. ) ;
#805 = LINE ( 'NONE', #4910, #2690 ) ;
#806 = CARTESIAN_POINT ( 'NONE',  ( 0.0000000000000000000, 0.0000000000000000000, -1.875000000000001776 ) ) ;
#807 = DIRECTION ( 'NONE',  ( 1.239088197126291063E-16, 0.0000000000000000000, 1.000000000000000000 ) ) ;
#808 = ORIENTED_EDGE ( 'NONE', *, *, #4053, .F. ) ;
#809 = DIRECTION ( 'NONE',  ( -0.0000000000000000000, -1.000000000000000000, -0.0000000000000000000 ) ) ;
#810 = CARTESIAN_POINT ( 'NONE',  ( 0.0000000000000000000, -0.1000000000000000056, 0.0000000000000000000 ) ) ;
#811 = FACE_OUTER_BOUND ( 'NONE', #6692, .T. ) ;
#812 = VERTEX_POINT ( 'NONE', #2067 ) ;
#813 = EDGE_CURVE ( 'NONE', #2853, #5765, #1604, .T. ) ;
#814 = ORIENTED_EDGE ( 'NONE', *, *, #4009, .F. ) ;
#815 = VECTOR ( 'NONE', #6996, 1000.000000000000000 ) ;
#816 = PLANE ( 'NONE',  #50 ) ;
#817 = CARTESIAN_POINT ( 'NONE',  ( -3.224999999999998757, -0.1000000000000000056, -1.750000000000001776 ) ) ;
#818 = CIRCLE ( 'NONE', #5937, 0.1249999999999992506 ) ;
#819 = PLANE ( 'NONE',  #672 ) ;
#820 = VERTEX_POINT ( 'NONE', #941 ) ;
#821 = EDGE_CURVE ( 'NONE', #6104, #1254, #5603, .T. ) ;
#822 = CARTESIAN_POINT ( 'NONE',  ( 6.702340702637634371E-15, -0.1000000000000000056, -2.125000000000007994 ) ) ;
#823 = DIRECTION ( 'NONE',  ( 1.000000000000000000, 0.0000000000000000000, -0.0000000000000000000 ) ) ;
#824 = VECTOR ( 'NONE', #6788, 1000.000000000000000 ) ;
#825 = ORIENTED_EDGE ( 'NONE', *, *, #5845, .T. ) ;
#826 = EDGE_CURVE ( 'NONE', #1113, #7291, #7342, .T. ) ;
#827 = LINE ( 'NONE', #4356, #7051 ) ;
#828 = EDGE_CURVE ( 'NONE', #4613, #6342, #7415, .T. ) ;
#829 = CARTESIAN_POINT ( 'NONE',  ( 0.0000000000000000000, -0.1000000000000000056, -1.874999999999997335 ) ) ;
#830 = ORIENTED_EDGE ( 'NONE', *, *, #5989, .F. ) ;
#831 = ORIENTED_EDGE ( 'NONE', *, *, #6151, .T. ) ;
#832 = FACE_OUTER_BOUND ( 'NONE', #4400, .T. ) ;
#833 = ORIENTED_EDGE ( 'NONE', *, *, #1505, .F. ) ;
#834 = DIRECTION ( 'NONE',  ( -1.000000000000000000, -0.0000000000000000000, 0.0000000000000000000 ) ) ;
#835 = EDGE_LOOP ( 'NONE', ( #5837, #272, #5590, #425 ) ) ;
#836 = CIRCLE ( 'NONE', #3303, 0.1249999999999996808 ) ;
#837 = DIRECTION ( 'NONE',  ( 1.239088197126291063E-16, 0.0000000000000000000, 1.000000000000000000 ) ) ;
#838 = VECTOR ( 'NONE', #4776, 1000.000000000000000 ) ;
#839 = EDGE_CURVE ( 'NONE', #2582, #1692, #1021, .T. ) ;
#840 = SURFACE_SIDE_STYLE ('',( #995 ) ) ;
#841 = DIRECTION ( 'NONE',  ( 1.000000000000000000, -0.0000000000000000000, 0.0000000000000000000 ) ) ;
#842 = UNCERTAINTY_MEASURE_WITH_UNIT (LENGTH_MEASURE( 1.000000000000000082E-05 ), #5980, 'distance_accuracy_value', 'NONE');
#843 = CARTESIAN_POINT ( 'NONE',  ( -3.499999999999998224, -0.1000000000000000333, 2.624999999999998668 ) ) ;
#844 = VECTOR ( 'NONE', #5443, 1000.000000000000000 ) ;
#845 = CARTESIAN_POINT ( 'NONE',  ( 3.500000000000001776, 0.0000000000000000000, 2.125000000000001776 ) ) ;
#846 = DIRECTION ( 'NONE',  ( 0.0000000000000000000, 1.000000000000000000, 0.0000000000000000000 ) ) ;
#847 = ORIENTED_EDGE ( 'NONE', *, *, #2307, .T. ) ;
#848 = VECTOR ( 'NONE', #4403, 1000.000000000000000 ) ;
#849 = CARTESIAN_POINT ( 'NONE',  ( -3.499999999999999112, 0.0000000000000000000, -2.875000000000001776 ) ) ;
#850 = LINE ( 'NONE', #4450, #302 ) ;
#851 = LINE ( 'NONE', #2642, #4226 ) ;
#852 = VERTEX_POINT ( 'NONE', #6822 ) ;
#853 = LINE ( 'NONE', #1363, #703 ) ;
#854 = ORIENTED_EDGE ( 'NONE', *, *, #4658, .F. ) ;
#855 = VECTOR ( 'NONE', #3500, 1000.000000000000000 ) ;
#856 = LINE ( 'NONE', #2101, #3574 ) ;
#857 = CARTESIAN_POINT ( 'NONE',  ( -3.499999999999998668, 1.000000000000000000, 0.6249999999999983347 ) ) ;
#858 = EDGE_CURVE ( 'NONE', #2853, #2333, #2732, .T. ) ;
#859 = CARTESIAN_POINT ( 'NONE',  ( -1.125000000000000444, -0.1000000000000000056, 3.225000000000000533 ) ) ;
#860 = PLANE ( 'NONE',  #790 ) ;
#861 = VERTEX_POINT ( 'NONE', #4967 ) ;
#862 = EDGE_CURVE ( 'NONE', #257, #2674, #5648, .T. ) ;
#863 = FACE_OUTER_BOUND ( 'NONE', #2738, .T. ) ;
#864 = AXIS2_PLACEMENT_3D ( 'NONE', #2798, #5751, #6280 ) ;
#865 = VERTEX_POINT ( 'NONE', #3937 ) ;
#866 = LINE ( 'NONE', #3739, #3907 ) ;
#867 = CARTESIAN_POINT ( 'NONE',  ( 1.250000000000001998, -0.1000000000000000056, -3.099999999999996092 ) ) ;
#868 = CARTESIAN_POINT ( 'NONE',  ( 0.0000000000000000000, -0.1000000000000000056, 2.124999999999998224 ) ) ;
#869 = ORIENTED_EDGE ( 'NONE', *, *, #3465, .T. ) ;
#870 = PLANE ( 'NONE',  #5176 ) ;
#871 = ORIENTED_EDGE ( 'NONE', *, *, #2045, .F. ) ;
#872 = LINE ( 'NONE', #3301, #824 ) ;
#873 = EDGE_LOOP ( 'NONE', ( #147, #7090, #3695, #3389 ) ) ;
#874 = VECTOR ( 'NONE', #2749, 1000.000000000000000 ) ;
#875 = EDGE_CURVE ( 'NONE', #208, #2803, #5044, .T. ) ;
#876 = CARTESIAN_POINT ( 'NONE',  ( 2.375000000000000000, 0.0000000000000000000, 0.0000000000000000000 ) ) ;
#877 = VECTOR ( 'NONE', #6705, 1000.000000000000000 ) ;
#878 = LINE ( 'NONE', #2165, #3920 ) ;
#879 = PLANE ( 'NONE',  #3109 ) ;
#880 = ORIENTED_EDGE ( 'NONE', *, *, #7032, .T. ) ;
#881 = CARTESIAN_POINT ( 'NONE',  ( 2.125000000000002665, -0.1000000000000000056, -3.224999999999995204 ) ) ;
#882 = CIRCLE ( 'NONE', #2256, 0.1250000000000001110 ) ;
#883 = ADVANCED_FACE ( 'NONE', ( #3374 ), #3854, .F. ) ;
#884 = DIRECTION ( 'NONE',  ( -0.0000000000000000000, -1.000000000000000000, 0.0000000000000000000 ) ) ;
#885 = DIRECTION ( 'NONE',  ( 1.000000000000000000, -0.0000000000000000000, 0.0000000000000000000 ) ) ;
#886 = DIRECTION ( 'NONE',  ( 0.0000000000000000000, 0.0000000000000000000, 1.000000000000000000 ) ) ;
#887 = VERTEX_POINT ( 'NONE', #2806 ) ;
#888 = VECTOR ( 'NONE', #2126, 1000.000000000000000 ) ;
#889 = DIRECTION ( 'NONE',  ( 0.0000000000000000000, 0.0000000000000000000, 1.000000000000000000 ) ) ;
#890 = FACE_OUTER_BOUND ( 'NONE', #5607, .T. ) ;
#891 = LINE ( 'NONE', #3244, #6166 ) ;
#892 = ORIENTED_EDGE ( 'NONE', *, *, #1088, .F. ) ;
#893 = ORIENTED_EDGE ( 'NONE', *, *, #6740, .T. ) ;
#894 = ADVANCED_FACE ( 'NONE', ( #2152 ), #2233, .T. ) ;
#895 = VECTOR ( 'NONE', #1532, 1000.000000000000000 ) ;
#896 = AXIS2_PLACEMENT_3D ( 'NONE', #4511, #1650, #1687 ) ;
#897 = CARTESIAN_POINT ( 'NONE',  ( 3.500000000000001332, -0.1000000000000000333, -0.6249999999999974465 ) ) ;
#898 =( LENGTH_UNIT ( ) NAMED_UNIT ( * ) SI_UNIT ( .MILLI., .METRE. ) );
#899 = DIRECTION ( 'NONE',  ( 0.0000000000000000000, 1.000000000000000000, 0.0000000000000000000 ) ) ;
#900 = CARTESIAN_POINT ( 'NONE',  ( -3.499999999999998224, 0.0000000000000000000, 2.374999999999998668 ) ) ;
#901 = CYLINDRICAL_SURFACE ( 'NONE', #4592, 0.1250000000000001110 ) ;
#902 = AXIS2_PLACEMENT_3D ( 'NONE', #368, #6654, #327 ) ;
#903 = ORIENTED_EDGE ( 'NONE', *, *, #7299, .F. ) ;
#904 = EDGE_CURVE ( 'NONE', #4821, #3227, #4427, .T. ) ;
#905 = DIRECTION ( 'NONE',  ( -1.000000000000000000, 0.0000000000000000000, 0.0000000000000000000 ) ) ;
#906 = ORIENTED_EDGE ( 'NONE', *, *, #7424, .F. ) ;
#907 = CARTESIAN_POINT ( 'NONE',  ( 0.0000000000000000000, 0.0000000000000000000, 0.8749999999999984457 ) ) ;
#908 = EDGE_LOOP ( 'NONE', ( #270, #3758, #682, #7103 ) ) ;
#909 = EDGE_CURVE ( 'NONE', #4120, #6429, #4426, .T. ) ;
#910 = CARTESIAN_POINT ( 'NONE',  ( -2.750000000000000888, -0.1000000000000000056, 3.225000000000000533 ) ) ;
#911 = ORIENTED_EDGE ( 'NONE', *, *, #3918, .T. ) ;
#912 = DIRECTION ( 'NONE',  ( -1.000000000000000000, 0.0000000000000000000, -0.0000000000000000000 ) ) ;
#913 = EDGE_LOOP ( 'NONE', ( #3785, #2889, #2337, #1362 ) ) ;
#914 = AXIS2_PLACEMENT_3D ( 'NONE', #3969, #3443, #4618 ) ;
#915 = LINE ( 'NONE', #277, #6510 ) ;
#916 = LINE ( 'NONE', #955, #5614 ) ;
#917 = LINE ( 'NONE', #3232, #5171 ) ;
#918 = EDGE_CURVE ( 'NONE', #4559, #3165, #1373, .T. ) ;
#919 = ORIENTED_EDGE ( 'NONE', *, *, #3453, .T. ) ;
#920 = AXIS2_PLACEMENT_3D ( 'NONE', #1010, #4642, #371 ) ;
#921 = CARTESIAN_POINT ( 'NONE',  ( 0.7500000000000019984, 0.0000000000000000000, -3.224999999999995204 ) ) ;
#922 = CARTESIAN_POINT ( 'NONE',  ( 0.3750000000000000000, -0.1000000000000000056, 0.0000000000000000000 ) ) ;
#923 = DIRECTION ( 'NONE',  ( 1.000000000000000000, 0.0000000000000000000, -0.0000000000000000000 ) ) ;
#924 = DIRECTION ( 'NONE',  ( -0.0000000000000000000, 1.000000000000000000, 0.0000000000000000000 ) ) ;
#925 = ORIENTED_EDGE ( 'NONE', *, *, #283, .F. ) ;
#926 = FACE_OUTER_BOUND ( 'NONE', #6633, .T. ) ;
#927 = DIRECTION ( 'NONE',  ( 0.0000000000000000000, -0.0000000000000000000, -1.000000000000000000 ) ) ;
#928 = ADVANCED_FACE ( 'NONE', ( #3813 ), #6779, .T. ) ;
#929 = ORIENTED_EDGE ( 'NONE', *, *, #3472, .F. ) ;
#930 = DIRECTION ( 'NONE',  ( -1.000000000000000000, 0.0000000000000000000, -3.154042683594169187E-15 ) ) ;
#931 = VERTEX_POINT ( 'NONE', #1566 ) ;
#932 = LINE ( 'NONE', #333, #4045 ) ;
#933 = PLANE ( 'NONE',  #1011 ) ;
#934 = DIRECTION ( 'NONE',  ( -0.0000000000000000000, -1.000000000000000000, -0.0000000000000000000 ) ) ;
#935 = CARTESIAN_POINT ( 'NONE',  ( 0.0000000000000000000, -0.1000000000000000056, -2.874999999999997335 ) ) ;
#936 = ADVANCED_FACE ( 'NONE', ( #3893 ), #6212, .T. ) ;
#937 = SURFACE_STYLE_FILL_AREA ( #2768 ) ;
#938 = LINE ( 'NONE', #192, #2777 ) ;
#939 = ORIENTED_EDGE ( 'NONE', *, *, #4683, .T. ) ;
#940 = CARTESIAN_POINT ( 'NONE',  ( -3.224999999999998757, -0.1000000000000000056, -1.375000000000001776 ) ) ;
#941 = CARTESIAN_POINT ( 'NONE',  ( 3.000000000000000888, 0.9000000000000001332, 3.250000000000001332 ) ) ;
#942 = EDGE_LOOP ( 'NONE', ( #2055, #544, #748, #7140 ) ) ;
#943 = EDGE_CURVE ( 'NONE', #1423, #5244, #5194, .T. ) ;
#944 = CARTESIAN_POINT ( 'NONE',  ( 1.750000000000001998, -0.1000000000000000056, -3.099999999999996092 ) ) ;
#945 = CARTESIAN_POINT ( 'NONE',  ( -3.224999999999998757, -0.1000000000000000056, 0.1249999999999981543 ) ) ;
#946 = ORIENTED_EDGE ( 'NONE', *, *, #1972, .T. ) ;
#947 = CARTESIAN_POINT ( 'NONE',  ( -3.499999999999998668, 0.0000000000000000000, -0.8750000000000019984 ) ) ;
#948 = ORIENTED_EDGE ( 'NONE', *, *, #1808, .F. ) ;
#949 = FACE_OUTER_BOUND ( 'NONE', #6860, .T. ) ;
#950 = ORIENTED_EDGE ( 'NONE', *, *, #3408, .F. ) ;
#951 = VECTOR ( 'NONE', #5424, 1000.000000000000000 ) ;
#952 = FACE_OUTER_BOUND ( 'NONE', #6092, .T. ) ;
#953 = EDGE_CURVE ( 'NONE', #5130, #2287, #2741, .T. ) ;
#954 = ORIENTED_EDGE ( 'NONE', *, *, #3286, .T. ) ;
#955 = CARTESIAN_POINT ( 'NONE',  ( 3.500000000000001332, 1.000000000000000000, 0.3750000000000029421 ) ) ;
#956 = AXIS2_PLACEMENT_3D ( 'NONE', #76, #1826, #1091 ) ;
#957 = DIRECTION ( 'NONE',  ( -1.577021341797097215E-15, 0.0000000000000000000, -1.000000000000000000 ) ) ;
#958 = ORIENTED_EDGE ( 'NONE', *, *, #6371, .F. ) ;
#959 = DIRECTION ( 'NONE',  ( 0.0000000000000000000, 0.0000000000000000000, 1.000000000000000000 ) ) ;
#960 = AXIS2_PLACEMENT_3D ( 'NONE', #251, #1976, #4299 ) ;
#961 = CARTESIAN_POINT ( 'NONE',  ( 3.000000000000000888, 1.000000000000000000, 3.000000000000000888 ) ) ;
#962 = CYLINDRICAL_SURFACE ( 'NONE', #416, 0.1249999999999996808 ) ;
#963 = LINE ( 'NONE', #3203, #6451 ) ;
#964 = ORIENTED_EDGE ( 'NONE', *, *, #3853, .T. ) ;
#965 = CARTESIAN_POINT ( 'NONE',  ( 0.8750000000000012212, -0.1000000000000000056, 0.0000000000000000000 ) ) ;
#966 = CARTESIAN_POINT ( 'NONE',  ( -3.499999999999998224, 1.000000000000000000, 2.624999999999999112 ) ) ;
#967 = EDGE_LOOP ( 'NONE', ( #5085, #4634, #5519, #4279, #2406, #352, #6947, #123 ) ) ;
#968 = AXIS2_PLACEMENT_3D ( 'NONE', #4964, #2648, #6700 ) ;
#969 = LINE ( 'NONE', #408, #1543 ) ;
#970 = ORIENTED_EDGE ( 'NONE', *, *, #6440, .F. ) ;
#971 = FACE_OUTER_BOUND ( 'NONE', #1189, .T. ) ;
#972 = VERTEX_POINT ( 'NONE', #7038 ) ;
#973 = DIRECTION ( 'NONE',  ( 0.0000000000000000000, 1.000000000000000000, 0.0000000000000000000 ) ) ;
#974 = CARTESIAN_POINT ( 'NONE',  ( -3.224999999999998757, -0.1000000000000000056, 2.374999999999998668 ) ) ;
#975 = VECTOR ( 'NONE', #7212, 1000.000000000000000 ) ;
#976 = DIRECTION ( 'NONE',  ( -0.0000000000000000000, 0.0000000000000000000, -1.000000000000000000 ) ) ;
#977 = APPLICATION_PROTOCOL_DEFINITION ( 'draft international standard', 'automotive_design', 1998, #5572 ) ;
#978 = DIRECTION ( 'NONE',  ( 0.0000000000000000000, 0.0000000000000000000, 1.000000000000000000 ) ) ;
#979 = ORIENTED_EDGE ( 'NONE', *, *, #4999, .F. ) ;
#980 = AXIS2_PLACEMENT_3D ( 'NONE', #7436, #2254, #6308 ) ;
#981 = EDGE_CURVE ( 'NONE', #2434, #6381, #5641, .T. ) ;
#982 = ORIENTED_EDGE ( 'NONE', *, *, #7465, .F. ) ;
#983 = CARTESIAN_POINT ( 'NONE',  ( 0.0000000000000000000, 1.000000000000000000, -3.499999999999999112 ) ) ;
#984 = VECTOR ( 'NONE', #4896, 1000.000000000000000 ) ;
#985 = CARTESIAN_POINT ( 'NONE',  ( -1.375000000000000888, 0.0000000000000000000, 3.500000000000000888 ) ) ;
#986 = DIRECTION ( 'NONE',  ( 0.0000000000000000000, 0.0000000000000000000, 1.000000000000000000 ) ) ;
#987 = VERTEX_POINT ( 'NONE', #1136 ) ;
#988 = DIRECTION ( 'NONE',  ( 0.0000000000000000000, 0.0000000000000000000, 1.000000000000000000 ) ) ;
#989 = ORIENTED_EDGE ( 'NONE', *, *, #4466, .F. ) ;
#990 = LINE ( 'NONE', #1496, #120 ) ;
#991 = VECTOR ( 'NONE', #1558, 1000.000000000000000 ) ;
#992 = EDGE_CURVE ( 'NONE', #6213, #6262, #5757, .T. ) ;
#993 = EDGE_LOOP ( 'NONE', ( #6124, #7071, #1378, #6198 ) ) ;
#994 = ORIENTED_EDGE ( 'NONE', *, *, #1505, .T. ) ;
#995 = SURFACE_STYLE_FILL_AREA ( #3949 ) ;
#996 = CARTESIAN_POINT ( 'NONE',  ( -3.499999999999998224, -0.1000000000000000333, 2.874999999999998668 ) ) ;
#997 =( GEOMETRIC_REPRESENTATION_CONTEXT ( 3 ) GLOBAL_UNCERTAINTY_ASSIGNED_CONTEXT ( ( #2008 ) ) GLOBAL_UNIT_ASSIGNED_CONTEXT ( ( #1974, #1279, #4835 ) ) REPRESENTATION_CONTEXT ( 'NONE', 'WORKASPACE' ) );
#998 = VERTEX_POINT ( 'NONE', #1248 ) ;
#999 = LINE ( 'NONE', #3353, #6923 ) ;
#1000 = EDGE_CURVE ( 'NONE', #7022, #1471, #7005, .T. ) ;
#1001 = VECTOR ( 'NONE', #1487, 1000.000000000000000 ) ;
#1002 = CARTESIAN_POINT ( 'NONE',  ( 0.0000000000000000000, -0.1000000000000000056, 2.875000000000002220 ) ) ;
#1003 = LINE ( 'NONE', #4950, #6981 ) ;
#1004 = LINE ( 'NONE', #5667, #1955 ) ;
#1005 = ORIENTED_EDGE ( 'NONE', *, *, #5899, .F. ) ;
#1006 = CARTESIAN_POINT ( 'NONE',  ( 0.0000000000000000000, -0.1000000000000000056, 0.0000000000000000000 ) ) ;
#1007 = DIRECTION ( 'NONE',  ( 0.0000000000000000000, 1.000000000000000000, 0.0000000000000000000 ) ) ;
#1008 = ORIENTED_EDGE ( 'NONE', *, *, #725, .F. ) ;
#1009 = ADVANCED_FACE ( 'NONE', ( #5863 ), #5306, .T. ) ;
#1010 = CARTESIAN_POINT ( 'NONE',  ( 1.375000000000000000, -0.1000000000000000056, 0.0000000000000000000 ) ) ;
#1011 = AXIS2_PLACEMENT_3D ( 'NONE', #5038, #2875, #4614 ) ;
#1012 = ORIENTED_EDGE ( 'NONE', *, *, #699, .T. ) ;
#1013 = CARTESIAN_POINT ( 'NONE',  ( 0.1250000000000027200, -0.1000000000000000333, -3.499999999999999112 ) ) ;
#1014 = CIRCLE ( 'NONE', #5293, 0.2500000000000002220 ) ;
#1015 = LINE ( 'NONE', #5559, #1703 ) ;
#1016 = DIRECTION ( 'NONE',  ( 0.0000000000000000000, 0.0000000000000000000, 1.000000000000000000 ) ) ;
#1017 = PLANE ( 'NONE',  #914 ) ;
#1018 = ADVANCED_FACE ( 'NONE', ( #6441 ), #4623, .T. ) ;
#1019 = VECTOR ( 'NONE', #4212, 1000.000000000000000 ) ;
#1020 = AXIS2_PLACEMENT_3D ( 'NONE', #7093, #1852, #4827 ) ;
#1021 = LINE ( 'NONE', #424, #3098 ) ;
#1022 = VERTEX_POINT ( 'NONE', #2994 ) ;
#1023 = AXIS2_PLACEMENT_3D ( 'NONE', #5550, #6690, #7250 ) ;
#1024 = CARTESIAN_POINT ( 'NONE',  ( 1.875000000000001554, 0.0000000000000000000, 0.0000000000000000000 ) ) ;
#1025 = VERTEX_POINT ( 'NONE', #82 ) ;
#1026 = DIRECTION ( 'NONE',  ( -0.0000000000000000000, -1.000000000000000000, -0.0000000000000000000 ) ) ;
#1027 = EDGE_CURVE ( 'NONE', #3117, #199, #4589, .T. ) ;
#1028 = VERTEX_POINT ( 'NONE', #1721 ) ;
#1029 = CARTESIAN_POINT ( 'NONE',  ( 3.500000000000001776, 0.0000000000000000000, 2.875000000000002220 ) ) ;
#1030 = ORIENTED_EDGE ( 'NONE', *, *, #3603, .T. ) ;
#1031 = ORIENTED_EDGE ( 'NONE', *, *, #132, .T. ) ;
#1032 = ORIENTED_EDGE ( 'NONE', *, *, #4865, .T. ) ;
#1033 = DIRECTION ( 'NONE',  ( 0.0000000000000000000, 0.0000000000000000000, 1.000000000000000000 ) ) ;
#1034 = SURFACE_SIDE_STYLE ('',( #4022 ) ) ;
#1035 = ADVANCED_FACE ( 'NONE', ( #2916 ), #1833, .T. ) ;
#1036 = ORIENTED_EDGE ( 'NONE', *, *, #1000, .T. ) ;
#1037 = AXIS2_PLACEMENT_3D ( 'NONE', #3662, #5973, #5311 ) ;
#1038 = CARTESIAN_POINT ( 'NONE',  ( 3.500000000000001332, 1.000000000000000000, 0.6250000000000009992 ) ) ;
#1039 = CARTESIAN_POINT ( 'NONE',  ( -2.375000000000000444, 0.0000000000000000000, 3.225000000000000533 ) ) ;
#1040 = CARTESIAN_POINT ( 'NONE',  ( -3.499999999999998668, 1.000000000000000000, 0.8749999999999985567 ) ) ;
#1041 = VECTOR ( 'NONE', #6515, 1000.000000000000000 ) ;
#1042 = ORIENTED_EDGE ( 'NONE', *, *, #6649, .F. ) ;
#1043 = LINE ( 'NONE', #406, #6340 ) ;
#1044 = FACE_OUTER_BOUND ( 'NONE', #6728, .T. ) ;
#1045 = EDGE_CURVE ( 'NONE', #861, #5839, #500, .T. ) ;
#1046 = ORIENTED_EDGE ( 'NONE', *, *, #6640, .T. ) ;
#1047 = DIRECTION ( 'NONE',  ( 0.0000000000000000000, -1.000000000000000000, 0.0000000000000000000 ) ) ;
#1048 = ORIENTED_EDGE ( 'NONE', *, *, #3174, .T. ) ;
#1049 = DIRECTION ( 'NONE',  ( 0.0000000000000000000, 1.000000000000000000, 0.0000000000000000000 ) ) ;
#1050 = ADVANCED_FACE ( 'NONE', ( #5154 ), #5232, .F. ) ;
#1051 = DIRECTION ( 'NONE',  ( 0.0000000000000000000, 1.000000000000000000, 0.0000000000000000000 ) ) ;
#1052 = FACE_OUTER_BOUND ( 'NONE', #732, .T. ) ;
#1053 = LINE ( 'NONE', #337, #3776 ) ;
#1054 = CARTESIAN_POINT ( 'NONE',  ( 2.125000000000002665, -0.1000000000000000056, -3.224999999999995204 ) ) ;
#1055 = ORIENTED_EDGE ( 'NONE', *, *, #5184, .F. ) ;
#1056 = DIRECTION ( 'NONE',  ( -0.0000000000000000000, -1.000000000000000000, -0.0000000000000000000 ) ) ;
#1057 = ORIENTED_EDGE ( 'NONE', *, *, #2371, .F. ) ;
#1058 = DIRECTION ( 'NONE',  ( 0.0000000000000000000, -1.000000000000000000, 0.0000000000000000000 ) ) ;
#1059 = DIRECTION ( 'NONE',  ( 0.0000000000000000000, 1.000000000000000000, 0.0000000000000000000 ) ) ;
#1060 = EDGE_CURVE ( 'NONE', #5763, #3556, #3821, .T. ) ;
#1061 = VERTEX_POINT ( 'NONE', #2391 ) ;
#1062 = VECTOR ( 'NONE', #5877, 1000.000000000000000 ) ;
#1063 = DIRECTION ( 'NONE',  ( 0.0000000000000000000, 1.000000000000000000, 0.0000000000000000000 ) ) ;
#1064 = VERTEX_POINT ( 'NONE', #2953 ) ;
#1065 = DIRECTION ( 'NONE',  ( 1.000000000000000000, 0.0000000000000000000, -0.0000000000000000000 ) ) ;
#1066 = VERTEX_POINT ( 'NONE', #2352 ) ;
#1067 = EDGE_CURVE ( 'NONE', #4343, #6550, #4664, .T. ) ;
#1068 = VECTOR ( 'NONE', #7253, 1000.000000000000000 ) ;
#1069 = ADVANCED_FACE ( 'NONE', ( #1174 ), #4702, .T. ) ;
#1070 = VERTEX_POINT ( 'NONE', #5340 ) ;
#1071 = ORIENTED_EDGE ( 'NONE', *, *, #6393, .F. ) ;
#1072 = ORIENTED_EDGE ( 'NONE', *, *, #7018, .F. ) ;
#1073 = CARTESIAN_POINT ( 'NONE',  ( 2.250000000000001776, -0.1000000000000000056, -3.224999999999995204 ) ) ;
#1074 = CARTESIAN_POINT ( 'NONE',  ( 3.942553354492969835E-16, -0.1000000000000000056, -0.1250000000000079936 ) ) ;
#1075 = ORIENTED_EDGE ( 'NONE', *, *, #3347, .T. ) ;
#1076 = VECTOR ( 'NONE', #3817, 1000.000000000000000 ) ;
#1077 = PLANE ( 'NONE',  #5758 ) ;
#1078 = DIRECTION ( 'NONE',  ( -1.239088197126291063E-16, 0.0000000000000000000, -1.000000000000000000 ) ) ;
#1079 = AXIS2_PLACEMENT_3D ( 'NONE', #534, #5081, #7377 ) ;
#1080 = ORIENTED_EDGE ( 'NONE', *, *, #5203, .F. ) ;
#1081 = LINE ( 'NONE', #2375, #4401 ) ;
#1082 = PLANE ( 'NONE',  #3837 ) ;
#1083 = ORIENTED_EDGE ( 'NONE', *, *, #1441, .F. ) ;
#1084 = ORIENTED_EDGE ( 'NONE', *, *, #586, .T. ) ;
#1085 = CARTESIAN_POINT ( 'NONE',  ( -3.499999999999998224, -0.1000000000000000472, 3.500000000000000888 ) ) ;
#1086 = ORIENTED_EDGE ( 'NONE', *, *, #2926, .F. ) ;
#1087 = AXIS2_PLACEMENT_3D ( 'NONE', #772, #1357, #145 ) ;
#1088 = EDGE_CURVE ( 'NONE', #6172, #4323, #6498, .T. ) ;
#1089 = CARTESIAN_POINT ( 'NONE',  ( -1.749999999999998002, -0.1000000000000000056, -3.224999999999995204 ) ) ;
#1090 = CARTESIAN_POINT ( 'NONE',  ( 2.125000000000002665, 0.0000000000000000000, -3.224999999999995204 ) ) ;
#1091 = DIRECTION ( 'NONE',  ( -1.000000000000000000, 0.0000000000000000000, -3.154042683594169187E-15 ) ) ;
#1092 = AXIS2_PLACEMENT_3D ( 'NONE', #1984, #6089, #2505 ) ;
#1093 = CARTESIAN_POINT ( 'NONE',  ( -1.374999999999997335, 0.0000000000000000000, -3.224999999999995204 ) ) ;
#1094 = LINE ( 'NONE', #6818, #2898 ) ;
#1095 = VERTEX_POINT ( 'NONE', #1948 ) ;
#1096 = AXIS2_PLACEMENT_3D ( 'NONE', #4659, #2986, #3028 ) ;
#1097 = EDGE_CURVE ( 'NONE', #2259, #6523, #6733, .T. ) ;
#1098 = CARTESIAN_POINT ( 'NONE',  ( 2.250000000000001776, 0.0000000000000000000, -3.224999999999995204 ) ) ;
#1099 = DIRECTION ( 'NONE',  ( 0.0000000000000000000, 0.0000000000000000000, 1.000000000000000000 ) ) ;
#1100 = DIRECTION ( 'NONE',  ( 0.0000000000000000000, 1.000000000000000000, 0.0000000000000000000 ) ) ;
#1101 = DIRECTION ( 'NONE',  ( 0.0000000000000000000, 0.0000000000000000000, 1.000000000000000000 ) ) ;
#1102 = ORIENTED_EDGE ( 'NONE', *, *, #508, .T. ) ;
#1103 = VECTOR ( 'NONE', #1163, 1000.000000000000000 ) ;
#1104 = CARTESIAN_POINT ( 'NONE',  ( 0.0000000000000000000, -0.1000000000000000056, 0.0000000000000000000 ) ) ;
#1105 = ORIENTED_EDGE ( 'NONE', *, *, #5504, .F. ) ;
#1106 = PLANE ( 'NONE',  #6056 ) ;
#1107 = EDGE_LOOP ( 'NONE', ( #511, #3069, #1989, #6901 ) ) ;
#1108 = ADVANCED_FACE ( 'NONE', ( #2541 ), #2573, .T. ) ;
#1109 = EDGE_LOOP ( 'NONE', ( #4593, #6071, #2297, #4973 ) ) ;
#1110 = EDGE_LOOP ( 'NONE', ( #5020, #4539, #1256, #5461 ) ) ;
#1111 = CARTESIAN_POINT ( 'NONE',  ( 1.249999999999999778, -0.1000000000000000056, 3.225000000000000533 ) ) ;
#1112 = FILL_AREA_STYLE_COLOUR ( '', #6131 ) ;
#1113 = VERTEX_POINT ( 'NONE', #1909 ) ;
#1114 = EDGE_CURVE ( 'NONE', #3207, #3495, #4846, .T. ) ;
#1115 = CARTESIAN_POINT ( 'NONE',  ( -1.749999999999998002, -0.1000000000000000056, -3.224999999999995204 ) ) ;
#1116 = CYLINDRICAL_SURFACE ( 'NONE', #292, 0.1249999999999992506 ) ;
#1117 = VECTOR ( 'NONE', #7319, 1000.000000000000000 ) ;
#1118 = DIRECTION ( 'NONE',  ( 3.154042683594184569E-15, -0.0000000000000000000, 1.000000000000000000 ) ) ;
#1119 = DIRECTION ( 'NONE',  ( 1.000000000000000000, 0.0000000000000000000, -0.0000000000000000000 ) ) ;
#1120 = ADVANCED_FACE ( 'NONE', ( #3102 ), #711, .T. ) ;
#1121 = ORIENTED_EDGE ( 'NONE', *, *, #2047, .T. ) ;
#1122 = CARTESIAN_POINT ( 'NONE',  ( 0.0000000000000000000, -0.1000000000000000056, 2.874999999999998224 ) ) ;
#1123 = ORIENTED_EDGE ( 'NONE', *, *, #4346, .F. ) ;
#1124 = CARTESIAN_POINT ( 'NONE',  ( 3.500000000000001332, 1.000000000000000000, 0.1250000000000014155 ) ) ;
#1125 = CARTESIAN_POINT ( 'NONE',  ( 0.0000000000000000000, 0.0000000000000000000, -3.499999999999999112 ) ) ;
#1126 = CARTESIAN_POINT ( 'NONE',  ( 1.375000000000001554, 0.0000000000000000000, -3.499999999999999112 ) ) ;
#1127 = DIRECTION ( 'NONE',  ( 0.0000000000000000000, 1.000000000000000000, 0.0000000000000000000 ) ) ;
#1128 = AXIS2_PLACEMENT_3D ( 'NONE', #4735, #1682, #6328 ) ;
#1129 = DIRECTION ( 'NONE',  ( 0.0000000000000000000, 0.0000000000000000000, -1.000000000000000000 ) ) ;
#1130 = EDGE_CURVE ( 'NONE', #5537, #3397, #6624, .T. ) ;
#1131 = VERTEX_POINT ( 'NONE', #5896 ) ;
#1132 = FACE_OUTER_BOUND ( 'NONE', #3436, .T. ) ;
#1133 = VERTEX_POINT ( 'NONE', #4921 ) ;
#1134 = AXIS2_PLACEMENT_3D ( 'NONE', #7060, #5434, #5953 ) ;
#1135 =( GEOMETRIC_REPRESENTATION_CONTEXT ( 3 ) GLOBAL_UNCERTAINTY_ASSIGNED_CONTEXT ( ( #6113 ) ) GLOBAL_UNIT_ASSIGNED_CONTEXT ( ( #898, #7373, #4421 ) ) REPRESENTATION_CONTEXT ( 'NONE', 'WORKASPACE' ) );
#1136 = CARTESIAN_POINT ( 'NONE',  ( 0.8750000000000012212, 0.0000000000000000000, -3.224999999999995204 ) ) ;
#1137 = CARTESIAN_POINT ( 'NONE',  ( 0.0000000000000000000, -0.1000000000000000056, 0.6249999999999982236 ) ) ;
#1138 = DIRECTION ( 'NONE',  ( -1.000000000000000000, -0.0000000000000000000, -0.0000000000000000000 ) ) ;
#1139 = DIRECTION ( 'NONE',  ( 1.000000000000000000, 0.0000000000000000000, -0.0000000000000000000 ) ) ;
#1140 = ORIENTED_EDGE ( 'NONE', *, *, #803, .T. ) ;
#1141 = AXIS2_PLACEMENT_3D ( 'NONE', #6531, #1924, #5426 ) ;
#1142 = LINE ( 'NONE', #7421, #5075 ) ;
#1143 = EDGE_CURVE ( 'NONE', #2584, #95, #5450, .T. ) ;
#1144 = VERTEX_POINT ( 'NONE', #1408 ) ;
#1145 = EDGE_CURVE ( 'NONE', #6396, #1374, #6661, .T. ) ;
#1146 = DIRECTION ( 'NONE',  ( -1.000000000000000000, 0.0000000000000000000, 0.0000000000000000000 ) ) ;
#1147 = ORIENTED_EDGE ( 'NONE', *, *, #4674, .F. ) ;
#1148 = VECTOR ( 'NONE', #463, 1000.000000000000000 ) ;
#1149 = EDGE_CURVE ( 'NONE', #4527, #5654, #5378, .T. ) ;
#1150 = VERTEX_POINT ( 'NONE', #7112 ) ;
#1151 = CARTESIAN_POINT ( 'NONE',  ( -1.874999999999997335, 1.000000000000000000, -3.499999999999999112 ) ) ;
#1152 = ORIENTED_EDGE ( 'NONE', *, *, #6037, .T. ) ;
#1153 = EDGE_LOOP ( 'NONE', ( #4432, #4240, #2204, #1334 ) ) ;
#1154 = DIRECTION ( 'NONE',  ( -1.000000000000000000, -0.0000000000000000000, 0.0000000000000000000 ) ) ;
#1155 = EDGE_LOOP ( 'NONE', ( #4200, #6638, #1743, #7269 ) ) ;
#1156 = ADVANCED_FACE ( 'NONE', ( #5968 ), #153, .T. ) ;
#1157 = LINE ( 'NONE', #622, #6039 ) ;
#1158 = VECTOR ( 'NONE', #4088, 1000.000000000000000 ) ;
#1159 = DIRECTION ( 'NONE',  ( 1.000000000000000000, 0.0000000000000000000, 0.0000000000000000000 ) ) ;
#1160 = CARTESIAN_POINT ( 'NONE',  ( -3.224999999999998757, -0.1000000000000000056, 0.6249999999999982236 ) ) ;
#1161 = EDGE_CURVE ( 'NONE', #1133, #6017, #4810, .T. ) ;
#1162 = ORIENTED_EDGE ( 'NONE', *, *, #5295, .F. ) ;
#1163 = DIRECTION ( 'NONE',  ( -3.942553354492736135E-16, -0.0000000000000000000, 1.000000000000000000 ) ) ;
#1164 = PLANE ( 'NONE',  #5104 ) ;
#1165 = ORIENTED_EDGE ( 'NONE', *, *, #992, .T. ) ;
#1166 = VECTOR ( 'NONE', #3600, 1000.000000000000000 ) ;
#1167 = DIRECTION ( 'NONE',  ( 0.0000000000000000000, 1.000000000000000000, 0.0000000000000000000 ) ) ;
#1168 = ADVANCED_FACE ( 'NONE', ( #6553 ), #816, .T. ) ;
#1169 = DIRECTION ( 'NONE',  ( -1.000000000000000000, 0.0000000000000000000, 0.0000000000000000000 ) ) ;
#1170 = LINE ( 'NONE', #567, #7054 ) ;
#1171 = FACE_OUTER_BOUND ( 'NONE', #7466, .T. ) ;
#1172 = ORIENTED_EDGE ( 'NONE', *, *, #5127, .F. ) ;
#1173 = VECTOR ( 'NONE', #5964, 1000.000000000000000 ) ;
#1174 = FACE_OUTER_BOUND ( 'NONE', #6196, .T. ) ;
#1175 = ADVANCED_FACE ( 'NONE', ( #4349 ), #3594, .F. ) ;
#1176 = DIRECTION ( 'NONE',  ( -0.0000000000000000000, -1.000000000000000000, -0.0000000000000000000 ) ) ;
#1177 =( LENGTH_UNIT ( ) NAMED_UNIT ( * ) SI_UNIT ( .MILLI., .METRE. ) );
#1178 = PLANE ( 'NONE',  #3005 ) ;
#1179 = VERTEX_POINT ( 'NONE', #2143 ) ;
#1180 = CARTESIAN_POINT ( 'NONE',  ( 1.875000000000001554, -0.1000000000000000056, 0.0000000000000000000 ) ) ;
#1181 = ORIENTED_EDGE ( 'NONE', *, *, #5905, .T. ) ;
#1182 = EDGE_LOOP ( 'NONE', ( #5631, #4033, #3904, #3870 ) ) ;
#1183 = EDGE_CURVE ( 'NONE', #1374, #6629, #1632, .T. ) ;
#1184 = ORIENTED_EDGE ( 'NONE', *, *, #267, .F. ) ;
#1185 = CARTESIAN_POINT ( 'NONE',  ( 1.750000000000001998, -0.1000000000000000056, -3.224999999999995204 ) ) ;
#1186 = ORIENTED_EDGE ( 'NONE', *, *, #497, .T. ) ;
#1187 = DIRECTION ( 'NONE',  ( 0.0000000000000000000, 1.000000000000000000, 0.0000000000000000000 ) ) ;
#1188 = CARTESIAN_POINT ( 'NONE',  ( 0.0000000000000000000, 0.0000000000000000000, -3.499999999999999112 ) ) ;
#1189 = EDGE_LOOP ( 'NONE', ( #1555, #1992, #4861, #3485 ) ) ;
#1190 = CARTESIAN_POINT ( 'NONE',  ( -3.499999999999998668, 0.0000000000000000000, -1.125000000000001776 ) ) ;
#1191 = AXIS2_PLACEMENT_3D ( 'NONE', #5994, #247, #6719 ) ;
#1192 = CARTESIAN_POINT ( 'NONE',  ( 0.2500000000000000000, 0.0000000000000000000, 3.225000000000000533 ) ) ;
#1193 = EDGE_CURVE ( 'NONE', #6748, #3910, #6976, .T. ) ;
#1194 = CARTESIAN_POINT ( 'NONE',  ( -0.3749999999999972800, 0.0000000000000000000, -3.499999999999999112 ) ) ;
#1195 = ORIENTED_EDGE ( 'NONE', *, *, #6858, .T. ) ;
#1196 = DIRECTION ( 'NONE',  ( 1.000000000000000000, 0.0000000000000000000, -0.0000000000000000000 ) ) ;
#1197 = VECTOR ( 'NONE', #4971, 1000.000000000000000 ) ;
#1198 = ORIENTED_EDGE ( 'NONE', *, *, #5730, .T. ) ;
#1199 = DIRECTION ( 'NONE',  ( 0.0000000000000000000, 0.0000000000000000000, 1.000000000000000000 ) ) ;
#1200 = CIRCLE ( 'NONE', #357, 0.1249999999999992506 ) ;
#1201 = FACE_OUTER_BOUND ( 'NONE', #4958, .T. ) ;
#1202 = EDGE_CURVE ( 'NONE', #4722, #3385, #6205, .T. ) ;
#1203 = DIRECTION ( 'NONE',  ( -1.000000000000000000, -0.0000000000000000000, 0.0000000000000000000 ) ) ;
#1204 = CARTESIAN_POINT ( 'NONE',  ( 1.375000000000001332, -0.1000000000000000056, 0.0000000000000000000 ) ) ;
#1205 = ORIENTED_EDGE ( 'NONE', *, *, #7104, .T. ) ;
#1206 = CARTESIAN_POINT ( 'NONE',  ( -1.749999999999998002, -0.1000000000000000056, -3.224999999999995204 ) ) ;
#1207 = VECTOR ( 'NONE', #306, 1000.000000000000000 ) ;
#1208 = DIRECTION ( 'NONE',  ( 1.000000000000000000, 0.0000000000000000000, -0.0000000000000000000 ) ) ;
#1209 = EDGE_LOOP ( 'NONE', ( #1476, #2083, #7429, #5951 ) ) ;
#1210 = ADVANCED_FACE ( 'NONE', ( #5595 ), #6772, .T. ) ;
#1211 = EDGE_CURVE ( 'NONE', #6336, #7204, #5995, .T. ) ;
#1212 = CIRCLE ( 'NONE', #5958, 0.1250000000000001110 ) ;
#1213 = CARTESIAN_POINT ( 'NONE',  ( -2.749999999999999112, -0.1000000000000000056, -2.499999999999998668 ) ) ;
#1214 = CARTESIAN_POINT ( 'NONE',  ( 0.0000000000000000000, 0.0000000000000000000, -2.875000000000001776 ) ) ;
#1215 = DIRECTION ( 'NONE',  ( 0.0000000000000000000, 0.0000000000000000000, 1.000000000000000000 ) ) ;
#1216 = VERTEX_POINT ( 'NONE', #7409 ) ;
#1217 = LINE ( 'NONE', #4814, #5315 ) ;
#1218 = ORIENTED_EDGE ( 'NONE', *, *, #383, .T. ) ;
#1219 = CIRCLE ( 'NONE', #2710, 0.1250000000000001110 ) ;
#1220 = EDGE_CURVE ( 'NONE', #4609, #4778, #2225, .T. ) ;
#1221 = VERTEX_POINT ( 'NONE', #974 ) ;
#1222 = VECTOR ( 'NONE', #660, 1000.000000000000000 ) ;
#1223 = CARTESIAN_POINT ( 'NONE',  ( 1.375000000000001776, -0.1000000000000000333, -3.499999999999999112 ) ) ;
#1224 = ORIENTED_EDGE ( 'NONE', *, *, #1335, .F. ) ;
#1225 = VERTEX_POINT ( 'NONE', #5678 ) ;
#1226 = CARTESIAN_POINT ( 'NONE',  ( -3.499999999999998224, -0.1000000000000000333, -0.8750000000000019984 ) ) ;
#1227 = DIRECTION ( 'NONE',  ( 1.000000000000000000, 0.0000000000000000000, -0.0000000000000000000 ) ) ;
#1228 = EDGE_CURVE ( 'NONE', #3652, #852, #1444, .T. ) ;
#1229 = COLOUR_RGB ( '',0.7921568627450980005, 0.8196078431372548767, 0.9333333333333333481 ) ;
#1230 = DIRECTION ( 'NONE',  ( 0.0000000000000000000, 0.0000000000000000000, 1.000000000000000000 ) ) ;
#1231 = CARTESIAN_POINT ( 'NONE',  ( 0.0000000000000000000, -0.1000000000000000056, -1.625000000000001554 ) ) ;
#1232 = ORIENTED_EDGE ( 'NONE', *, *, #6592, .F. ) ;
#1233 = CARTESIAN_POINT ( 'NONE',  ( -1.624999999999998890, -0.1000000000000000056, 0.0000000000000000000 ) ) ;
#1234 = DIRECTION ( 'NONE',  ( 0.0000000000000000000, 1.000000000000000000, 0.0000000000000000000 ) ) ;
#1235 = ORIENTED_EDGE ( 'NONE', *, *, #3329, .T. ) ;
#1236 = ADVANCED_FACE ( 'NONE', ( #1480 ), #5521, .F. ) ;
#1237 = CARTESIAN_POINT ( 'NONE',  ( 3.500000000000000888, 0.0000000000000000000, -2.124999999999997335 ) ) ;
#1238 = DIRECTION ( 'NONE',  ( -0.0000000000000000000, 1.000000000000000000, 0.0000000000000000000 ) ) ;
#1239 = DIRECTION ( 'NONE',  ( -1.239088197126291063E-16, 0.0000000000000000000, -1.000000000000000000 ) ) ;
#1240 = LINE ( 'NONE', #2303, #3767 ) ;
#1241 = VERTEX_POINT ( 'NONE', #2647 ) ;
#1242 = EDGE_CURVE ( 'NONE', #3657, #6290, #3330, .T. ) ;
#1243 = DIRECTION ( 'NONE',  ( -0.0000000000000000000, -0.0000000000000000000, -1.000000000000000000 ) ) ;
#1244 = CARTESIAN_POINT ( 'NONE',  ( 3.225000000000001421, -0.1000000000000000056, 2.625000000000002665 ) ) ;
#1245 = VECTOR ( 'NONE', #4187, 1000.000000000000000 ) ;
#1246 = ORIENTED_EDGE ( 'NONE', *, *, #4334, .F. ) ;
#1247 = ORIENTED_EDGE ( 'NONE', *, *, #4423, .T. ) ;
#1248 = CARTESIAN_POINT ( 'NONE',  ( -3.224999999999998757, 0.0000000000000000000, -1.875000000000001776 ) ) ;
#1249 = VECTOR ( 'NONE', #2693, 1000.000000000000000 ) ;
#1250 = PLANE ( 'NONE',  #4745 ) ;
#1251 = PRODUCT_DEFINITION ( 'UNKNOWN', '', #3445, #3911 ) ;
#1252 = CARTESIAN_POINT ( 'NONE',  ( -2.749999999999998224, 0.0000000000000000000, -3.224999999999995204 ) ) ;
#1253 = FACE_OUTER_BOUND ( 'NONE', #6426, .T. ) ;
#1254 = VERTEX_POINT ( 'NONE', #2687 ) ;
#1255 = CARTESIAN_POINT ( 'NONE',  ( -2.750000000000001332, -0.1000000000000000056, 2.499999999999999556 ) ) ;
#1256 = ORIENTED_EDGE ( 'NONE', *, *, #6641, .T. ) ;
#1257 = VECTOR ( 'NONE', #4084, 1000.000000000000000 ) ;
#1258 = ORIENTED_EDGE ( 'NONE', *, *, #7453, .F. ) ;
#1259 = LINE ( 'NONE', #3039, #1711 ) ;
#1260 = VECTOR ( 'NONE', #2531, 1000.000000000000000 ) ;
#1261 = ADVANCED_FACE ( 'NONE', ( #454 ), #933, .F. ) ;
#1262 = VERTEX_POINT ( 'NONE', #6925 ) ;
#1263 = ORIENTED_EDGE ( 'NONE', *, *, #2579, .T. ) ;
#1264 = DIRECTION ( 'NONE',  ( -0.0000000000000000000, 1.000000000000000000, 0.0000000000000000000 ) ) ;
#1265 = LINE ( 'NONE', #3672, #6387 ) ;
#1266 = ORIENTED_EDGE ( 'NONE', *, *, #3465, .F. ) ;
#1267 = CARTESIAN_POINT ( 'NONE',  ( 3.500000000000001776, 1.000000000000000000, 3.500000000000000888 ) ) ;
#1268 = ORIENTED_EDGE ( 'NONE', *, *, #875, .F. ) ;
#1269 = CIRCLE ( 'NONE', #5528, 0.1249999999999992506 ) ;
#1270 = VECTOR ( 'NONE', #4479, 1000.000000000000000 ) ;
#1271 = CARTESIAN_POINT ( 'NONE',  ( 0.0000000000000000000, 0.0000000000000000000, -2.375000000000002220 ) ) ;
#1272 = CARTESIAN_POINT ( 'NONE',  ( 2.124999999999999556, 0.0000000000000000000, 3.500000000000000888 ) ) ;
#1273 = EDGE_CURVE ( 'NONE', #6000, #6187, #6998, .T. ) ;
#1274 = DIRECTION ( 'NONE',  ( -1.000000000000000000, 0.0000000000000000000, -0.0000000000000000000 ) ) ;
#1275 = CARTESIAN_POINT ( 'NONE',  ( 2.750000000000000000, -0.1000000000000000056, 2.500000000000000444 ) ) ;
#1276 = CIRCLE ( 'NONE', #3239, 0.1249999999999996808 ) ;
#1277 = ORIENTED_EDGE ( 'NONE', *, *, #1676, .T. ) ;
#1278 = DIRECTION ( 'NONE',  ( -1.000000000000000000, 0.0000000000000000000, -3.154042683594174709E-15 ) ) ;
#1279 =( NAMED_UNIT ( * ) PLANE_ANGLE_UNIT ( ) SI_UNIT ( $, .RADIAN. ) );
#1280 = CARTESIAN_POINT ( 'NONE',  ( 0.0000000000000000000, -0.1000000000000000056, 0.1250000000000028311 ) ) ;
#1281 = PLANE ( 'NONE',  #362 ) ;
#1282 = ADVANCED_FACE ( 'NONE', ( #1751 ), #3439, .F. ) ;
#1283 = ORIENTED_EDGE ( 'NONE', *, *, #4545, .F. ) ;
#1284 = DIRECTION ( 'NONE',  ( -0.0000000000000000000, -1.000000000000000000, -0.0000000000000000000 ) ) ;
#1285 = CARTESIAN_POINT ( 'NONE',  ( -3.499999999999998668, 0.0000000000000000000, 1.624999999999998446 ) ) ;
#1286 = ORIENTED_EDGE ( 'NONE', *, *, #5942, .T. ) ;
#1287 = CARTESIAN_POINT ( 'NONE',  ( -3.224999999999998757, 0.0000000000000000000, -2.625000000000001332 ) ) ;
#1288 = EDGE_LOOP ( 'NONE', ( #5312, #6374, #1315, #3060 ) ) ;
#1289 = AXIS2_PLACEMENT_3D ( 'NONE', #7338, #5599, #1678 ) ;
#1290 = EDGE_CURVE ( 'NONE', #2872, #6615, #6961, .T. ) ;
#1291 = DIRECTION ( 'NONE',  ( 0.0000000000000000000, 0.0000000000000000000, 1.000000000000000000 ) ) ;
#1292 = CYLINDRICAL_SURFACE ( 'NONE', #2, 0.1249999999999996808 ) ;
#1293 = EDGE_CURVE ( 'NONE', #1225, #163, #2302, .T. ) ;
#1294 = AXIS2_PLACEMENT_3D ( 'NONE', #3063, #5374, #5265 ) ;
#1295 = ORIENTED_EDGE ( 'NONE', *, *, #3092, .F. ) ;
#1296 = CARTESIAN_POINT ( 'NONE',  ( 3.225000000000001421, 0.0000000000000000000, -1.374999999999997335 ) ) ;
#1297 = ORIENTED_EDGE ( 'NONE', *, *, #699, .F. ) ;
#1298 = ORIENTED_EDGE ( 'NONE', *, *, #2544, .F. ) ;
#1299 = EDGE_CURVE ( 'NONE', #582, #7388, #882, .T. ) ;
#1300 = ORIENTED_EDGE ( 'NONE', *, *, #1202, .T. ) ;
#1301 = ORIENTED_EDGE ( 'NONE', *, *, #3427, .T. ) ;
#1302 = ORIENTED_EDGE ( 'NONE', *, *, #4571, .T. ) ;
#1303 = PLANE ( 'NONE',  #627 ) ;
#1304 = DIRECTION ( 'NONE',  ( 0.0000000000000000000, -0.0000000000000000000, -1.000000000000000000 ) ) ;
#1305 = ORIENTED_EDGE ( 'NONE', *, *, #604, .F. ) ;
#1306 = LINE ( 'NONE', #4173, #2816 ) ;
#1307 = ORIENTED_EDGE ( 'NONE', *, *, #2356, .F. ) ;
#1308 = ADVANCED_FACE ( 'NONE', ( #599 ), #2263, .F. ) ;
#1309 = ADVANCED_FACE ( 'NONE', ( #75 ), #6358, .T. ) ;
#1310 = LINE ( 'NONE', #98, #2859 ) ;
#1311 = LINE ( 'NONE', #2523, #7341 ) ;
#1312 = VERTEX_POINT ( 'NONE', #565 ) ;
#1313 = PLANE ( 'NONE',  #6828 ) ;
#1314 = DIRECTION ( 'NONE',  ( 0.0000000000000000000, 1.000000000000000000, -0.0000000000000000000 ) ) ;
#1315 = ORIENTED_EDGE ( 'NONE', *, *, #3101, .T. ) ;
#1316 = VECTOR ( 'NONE', #5692, 1000.000000000000000 ) ;
#1317 = DIRECTION ( 'NONE',  ( 1.000000000000000000, 0.0000000000000000000, -0.0000000000000000000 ) ) ;
#1318 = EDGE_CURVE ( 'NONE', #7291, #2150, #1788, .T. ) ;
#1319 = CARTESIAN_POINT ( 'NONE',  ( 0.1250000000000027200, 0.0000000000000000000, 0.0000000000000000000 ) ) ;
#1320 = CARTESIAN_POINT ( 'NONE',  ( -2.749999999999998224, 0.0000000000000000000, -3.224999999999995204 ) ) ;
#1321 = AXIS2_PLACEMENT_3D ( 'NONE', #1857, #7101, #1747 ) ;
#1322 = ORIENTED_EDGE ( 'NONE', *, *, #3605, .T. ) ;
#1323 = DIRECTION ( 'NONE',  ( -0.0000000000000000000, -1.000000000000000000, -0.0000000000000000000 ) ) ;
#1324 = DIRECTION ( 'NONE',  ( 0.0000000000000000000, 0.0000000000000000000, 1.000000000000000000 ) ) ;
#1325 = ORIENTED_EDGE ( 'NONE', *, *, #2758, .F. ) ;
#1326 = ORIENTED_EDGE ( 'NONE', *, *, #4157, .F. ) ;
#1327 = AXIS2_PLACEMENT_3D ( 'NONE', #6933, #4160, #5341 ) ;
#1328 = CARTESIAN_POINT ( 'NONE',  ( -3.224999999999998757, -0.1000000000000000056, 1.374999999999998446 ) ) ;
#1329 = CARTESIAN_POINT ( 'NONE',  ( 3.548298019043471889E-15, -0.1000000000000000056, -1.125000000000008216 ) ) ;
#1330 = CIRCLE ( 'NONE', #3056, 0.1250000000000001110 ) ;
#1331 = CARTESIAN_POINT ( 'NONE',  ( 3.225000000000001421, 0.0000000000000000000, 0.1250000000000028311 ) ) ;
#1332 = ORIENTED_EDGE ( 'NONE', *, *, #6053, .T. ) ;
#1333 = PLANE ( 'NONE',  #3253 ) ;
#1334 = ORIENTED_EDGE ( 'NONE', *, *, #1377, .F. ) ;
#1335 = EDGE_CURVE ( 'NONE', #5410, #7179, #7327, .T. ) ;
#1336 = AXIS2_PLACEMENT_3D ( 'NONE', #2014, #5924, #667 ) ;
#1337 = ORIENTED_EDGE ( 'NONE', *, *, #3686, .T. ) ;
#1338 = DIRECTION ( 'NONE',  ( -0.0000000000000000000, -1.000000000000000000, -0.0000000000000000000 ) ) ;
#1339 = VERTEX_POINT ( 'NONE', #4036 ) ;
#1340 = ORIENTED_EDGE ( 'NONE', *, *, #4841, .F. ) ;
#1341 = CIRCLE ( 'NONE', #5841, 0.1249999999999992506 ) ;
#1342 = CARTESIAN_POINT ( 'NONE',  ( -2.749999999999998224, -0.1000000000000000056, -3.224999999999995204 ) ) ;
#1343 = ORIENTED_EDGE ( 'NONE', *, *, #342, .F. ) ;
#1344 = LINE ( 'NONE', #3081, #4105 ) ;
#1345 = ORIENTED_EDGE ( 'NONE', *, *, #5, .F. ) ;
#1346 = VECTOR ( 'NONE', #77, 1000.000000000000000 ) ;
#1347 = DIRECTION ( 'NONE',  ( 0.0000000000000000000, 1.000000000000000000, -0.0000000000000000000 ) ) ;
#1348 = LINE ( 'NONE', #7059, #2226 ) ;
#1349 = CARTESIAN_POINT ( 'NONE',  ( 3.000000000000000888, 0.9000000000000001332, 3.250000000000001332 ) ) ;
#1350 = EDGE_CURVE ( 'NONE', #5456, #7456, #1639, .T. ) ;
#1351 = VERTEX_POINT ( 'NONE', #1090 ) ;
#1352 = VECTOR ( 'NONE', #6835, 1000.000000000000000 ) ;
#1353 = DIRECTION ( 'NONE',  ( 1.000000000000000000, 0.0000000000000000000, -0.0000000000000000000 ) ) ;
#1354 = SURFACE_SIDE_STYLE ('',( #6578 ) ) ;
#1355 = CARTESIAN_POINT ( 'NONE',  ( -1.875000000000000666, -0.1000000000000000333, 3.500000000000000888 ) ) ;
#1356 = VECTOR ( 'NONE', #2285, 1000.000000000000000 ) ;
#1357 = DIRECTION ( 'NONE',  ( -0.0000000000000000000, -1.000000000000000000, -0.0000000000000000000 ) ) ;
#1358 = VERTEX_POINT ( 'NONE', #4113 ) ;
#1359 = CARTESIAN_POINT ( 'NONE',  ( -1.124999999999998890, -0.1000000000000000056, -3.224999999999995204 ) ) ;
#1360 = EDGE_CURVE ( 'NONE', #6279, #776, #3966, .T. ) ;
#1361 = CARTESIAN_POINT ( 'NONE',  ( -1.125000000000000444, -0.1000000000000000056, 3.225000000000000533 ) ) ;
#1362 = ORIENTED_EDGE ( 'NONE', *, *, #4205, .T. ) ;
#1363 = CARTESIAN_POINT ( 'NONE',  ( 1.875000000000000000, 0.0000000000000000000, 0.0000000000000000000 ) ) ;
#1364 = ORIENTED_EDGE ( 'NONE', *, *, #4157, .T. ) ;
#1365 = VECTOR ( 'NONE', #4047, 1000.000000000000000 ) ;
#1366 = DIRECTION ( 'NONE',  ( -0.0000000000000000000, 1.000000000000000000, 0.0000000000000000000 ) ) ;
#1367 = DIRECTION ( 'NONE',  ( -1.000000000000000000, 0.0000000000000000000, -3.154042683594174709E-15 ) ) ;
#1368 = LINE ( 'NONE', #859, #3546 ) ;
#1369 = AXIS2_PLACEMENT_3D ( 'NONE', #285, #363, #6154 ) ;
#1370 = ORIENTED_EDGE ( 'NONE', *, *, #3512, .T. ) ;
#1371 = DIRECTION ( 'NONE',  ( 1.000000000000000000, 0.0000000000000000000, -0.0000000000000000000 ) ) ;
#1372 = ORIENTED_EDGE ( 'NONE', *, *, #2289, .T. ) ;
#1373 = CIRCLE ( 'NONE', #530, 0.2499999999999997780 ) ;
#1374 = VERTEX_POINT ( 'NONE', #3401 ) ;
#1375 = LINE ( 'NONE', #3220, #4643 ) ;
#1376 = LINE ( 'NONE', #2114, #1076 ) ;
#1377 = EDGE_CURVE ( 'NONE', #5691, #4609, #3998, .T. ) ;
#1378 = ORIENTED_EDGE ( 'NONE', *, *, #6552, .T. ) ;
#1379 = CYLINDRICAL_SURFACE ( 'NONE', #6622, 0.1249999999999992506 ) ;
#1380 = AXIS2_PLACEMENT_3D ( 'NONE', #334, #3211, #4500 ) ;
#1381 = EDGE_LOOP ( 'NONE', ( #5137, #5266, #183, #3676 ) ) ;
#1382 = DIRECTION ( 'NONE',  ( 1.000000000000000000, 0.0000000000000000000, -3.154042683594184569E-15 ) ) ;
#1383 = ORIENTED_EDGE ( 'NONE', *, *, #5420, .F. ) ;
#1384 = AXIS2_PLACEMENT_3D ( 'NONE', #5918, #697, #7095 ) ;
#1385 = EDGE_CURVE ( 'NONE', #3073, #4290, #5712, .T. ) ;
#1386 = VECTOR ( 'NONE', #3316, 1000.000000000000000 ) ;
#1387 = CARTESIAN_POINT ( 'NONE',  ( 3.500000000000000888, 1.000000000000000000, -2.124999999999997335 ) ) ;
#1388 = ADVANCED_FACE ( 'NONE', ( #5226 ), #4077, .T. ) ;
#1389 = ORIENTED_EDGE ( 'NONE', *, *, #342, .T. ) ;
#1390 = DIRECTION ( 'NONE',  ( 0.0000000000000000000, 0.0000000000000000000, -1.000000000000000000 ) ) ;
#1391 = FACE_OUTER_BOUND ( 'NONE', #1182, .T. ) ;
#1392 = VECTOR ( 'NONE', #5354, 1000.000000000000000 ) ;
#1393 = VECTOR ( 'NONE', #134, 1000.000000000000000 ) ;
#1394 = DIRECTION ( 'NONE',  ( -1.239088197126291063E-16, 0.0000000000000000000, -1.000000000000000000 ) ) ;
#1395 = CARTESIAN_POINT ( 'NONE',  ( 0.8750000000000011102, 0.0000000000000000000, 3.449734185181148186E-16 ) ) ;
#1396 = LINE ( 'NONE', #666, #6132 ) ;
#1397 = AXIS2_PLACEMENT_3D ( 'NONE', #5795, #1836, #4739 ) ;
#1398 = CARTESIAN_POINT ( 'NONE',  ( -3.224999999999998757, 0.0000000000000000000, -0.7500000000000017764 ) ) ;
#1399 = ORIENTED_EDGE ( 'NONE', *, *, #5828, .F. ) ;
#1400 = DIRECTION ( 'NONE',  ( 3.154042683594174709E-15, 0.0000000000000000000, -1.000000000000000000 ) ) ;
#1401 = DIRECTION ( 'NONE',  ( 0.0000000000000000000, 1.000000000000000000, -0.0000000000000000000 ) ) ;
#1402 = CARTESIAN_POINT ( 'NONE',  ( 0.0000000000000000000, 0.0000000000000000000, -0.8749999999999972244 ) ) ;
#1403 = VERTEX_POINT ( 'NONE', #5259 ) ;
#1404 = DIRECTION ( 'NONE',  ( -0.0000000000000000000, -0.0000000000000000000, 1.000000000000000000 ) ) ;
#1405 = ORIENTED_EDGE ( 'NONE', *, *, #7039, .F. ) ;
#1406 = EDGE_CURVE ( 'NONE', #1756, #3207, #3224, .T. ) ;
#1407 = ADVANCED_FACE ( 'NONE', ( #5146 ), #1825, .T. ) ;
#1408 = CARTESIAN_POINT ( 'NONE',  ( -0.8750000000000003331, -0.1000000000000000333, 3.500000000000000888 ) ) ;
#1409 = DIRECTION ( 'NONE',  ( -1.000000000000000000, 0.0000000000000000000, -0.0000000000000000000 ) ) ;
#1410 = CARTESIAN_POINT ( 'NONE',  ( -2.875000000000000444, 0.0000000000000000000, 3.500000000000000888 ) ) ;
#1411 = ORIENTED_EDGE ( 'NONE', *, *, #6575, .T. ) ;
#1412 = AXIS2_PLACEMENT_3D ( 'NONE', #3891, #3334, #978 ) ;
#1413 = EDGE_CURVE ( 'NONE', #6634, #5160, #4874, .T. ) ;
#1414 = VECTOR ( 'NONE', #3625, 1000.000000000000000 ) ;
#1415 = ORIENTED_EDGE ( 'NONE', *, *, #6116, .T. ) ;
#1416 = DIRECTION ( 'NONE',  ( 0.0000000000000000000, 0.0000000000000000000, 1.000000000000000000 ) ) ;
#1417 = DIRECTION ( 'NONE',  ( -1.239088197126291063E-16, 0.0000000000000000000, -1.000000000000000000 ) ) ;
#1418 = VERTEX_POINT ( 'NONE', #3583 ) ;
#1419 = VERTEX_POINT ( 'NONE', #2497 ) ;
#1420 = CARTESIAN_POINT ( 'NONE',  ( 3.225000000000001421, -0.1000000000000000056, 0.8750000000000022204 ) ) ;
#1421 = ORIENTED_EDGE ( 'NONE', *, *, #2433, .T. ) ;
#1422 = CARTESIAN_POINT ( 'NONE',  ( -0.3749999999999972800, -0.1000000000000000056, -3.224999999999995204 ) ) ;
#1423 = VERTEX_POINT ( 'NONE', #3025 ) ;
#1424 = EDGE_CURVE ( 'NONE', #3452, #6465, #1899, .T. ) ;
#1425 = LINE ( 'NONE', #1460, #4933 ) ;
#1426 = DIRECTION ( 'NONE',  ( 0.0000000000000000000, -0.0000000000000000000, -1.000000000000000000 ) ) ;
#1427 = DIRECTION ( 'NONE',  ( 0.0000000000000000000, 0.0000000000000000000, 1.000000000000000000 ) ) ;
#1428 = ORIENTED_EDGE ( 'NONE', *, *, #3640, .T. ) ;
#1429 = FACE_OUTER_BOUND ( 'NONE', #2515, .T. ) ;
#1430 = EDGE_CURVE ( 'NONE', #3037, #6354, #1861, .T. ) ;
#1431 = LINE ( 'NONE', #4985, #746 ) ;
#1432 = DIRECTION ( 'NONE',  ( 0.0000000000000000000, 0.0000000000000000000, 1.000000000000000000 ) ) ;
#1433 = DIRECTION ( 'NONE',  ( 0.0000000000000000000, 0.0000000000000000000, 1.000000000000000000 ) ) ;
#1434 = ORIENTED_EDGE ( 'NONE', *, *, #3041, .F. ) ;
#1435 = DIRECTION ( 'NONE',  ( 1.000000000000000000, 0.0000000000000000000, -0.0000000000000000000 ) ) ;
#1436 = VECTOR ( 'NONE', #1065, 1000.000000000000000 ) ;
#1437 = LINE ( 'NONE', #3878, #4942 ) ;
#1438 = CARTESIAN_POINT ( 'NONE',  ( -2.250000000000000888, -0.1000000000000000056, 3.225000000000000533 ) ) ;
#1439 = VERTEX_POINT ( 'NONE', #5333 ) ;
#1440 = VERTEX_POINT ( 'NONE', #7065 ) ;
#1441 = EDGE_CURVE ( 'NONE', #5941, #5617, #5923, .T. ) ;
#1442 = VECTOR ( 'NONE', #5708, 1000.000000000000000 ) ;
#1443 = FACE_OUTER_BOUND ( 'NONE', #46, .T. ) ;
#1444 = LINE ( 'NONE', #857, #5647 ) ;
#1445 = LINE ( 'NONE', #1872, #5241 ) ;
#1446 = VECTOR ( 'NONE', #4624, 1000.000000000000000 ) ;
#1447 = DIRECTION ( 'NONE',  ( 0.0000000000000000000, 1.000000000000000000, 0.0000000000000000000 ) ) ;
#1448 = EDGE_CURVE ( 'NONE', #5088, #3415, #211, .T. ) ;
#1449 = ORIENTED_EDGE ( 'NONE', *, *, #4571, .F. ) ;
#1450 = DIRECTION ( 'NONE',  ( 1.239088197126291063E-16, 0.0000000000000000000, 1.000000000000000000 ) ) ;
#1451 = CIRCLE ( 'NONE', #4136, 0.1250000000000001110 ) ;
#1452 = VERTEX_POINT ( 'NONE', #5476 ) ;
#1453 = DIRECTION ( 'NONE',  ( 0.0000000000000000000, -0.0000000000000000000, -1.000000000000000000 ) ) ;
#1454 = CARTESIAN_POINT ( 'NONE',  ( -1.625000000000000444, 0.0000000000000000000, 3.225000000000000533 ) ) ;
#1455 = ORIENTED_EDGE ( 'NONE', *, *, #4288, .T. ) ;
#1456 = DIRECTION ( 'NONE',  ( 0.0000000000000000000, 1.000000000000000000, 0.0000000000000000000 ) ) ;
#1457 = EDGE_CURVE ( 'NONE', #5938, #4451, #2993, .T. ) ;
#1458 = DIRECTION ( 'NONE',  ( 0.0000000000000000000, -0.0000000000000000000, -1.000000000000000000 ) ) ;
#1459 = CIRCLE ( 'NONE', #1829, 0.1250000000000001110 ) ;
#1460 = CARTESIAN_POINT ( 'NONE',  ( 1.124999999999999778, 1.000000000000000000, 3.500000000000000888 ) ) ;
#1461 = VECTOR ( 'NONE', #2918, 1000.000000000000000 ) ;
#1462 = PLANE ( 'NONE',  #504 ) ;
#1463 = CARTESIAN_POINT ( 'NONE',  ( 2.875000000000000000, -0.1000000000000000056, 3.500000000000000888 ) ) ;
#1464 = ADVANCED_FACE ( 'NONE', ( #2562 ), #4148, .T. ) ;
#1465 = ORIENTED_EDGE ( 'NONE', *, *, #3273, .T. ) ;
#1466 = DIRECTION ( 'NONE',  ( 0.0000000000000000000, 0.0000000000000000000, 1.000000000000000000 ) ) ;
#1467 = VECTOR ( 'NONE', #5114, 1000.000000000000000 ) ;
#1468 = CARTESIAN_POINT ( 'NONE',  ( 3.500000000000001332, 1.000000000000000000, -1.374999999999998668 ) ) ;
#1469 = DIRECTION ( 'NONE',  ( 0.0000000000000000000, 0.0000000000000000000, 1.000000000000000000 ) ) ;
#1470 = CARTESIAN_POINT ( 'NONE',  ( 0.6250000000000027756, 1.000000000000000000, -3.499999999999999112 ) ) ;
#1471 = VERTEX_POINT ( 'NONE', #7030 ) ;
#1472 = CARTESIAN_POINT ( 'NONE',  ( -3.499999999999998224, -0.1000000000000000333, -0.1250000000000017764 ) ) ;
#1473 = DIRECTION ( 'NONE',  ( -1.000000000000000000, 0.0000000000000000000, -3.154042683594169187E-15 ) ) ;
#1474 = CYLINDRICAL_SURFACE ( 'NONE', #798, 0.2500000000000002220 ) ;
#1475 = VERTEX_POINT ( 'NONE', #5439 ) ;
#1476 = ORIENTED_EDGE ( 'NONE', *, *, #531, .T. ) ;
#1477 = CIRCLE ( 'NONE', #5138, 0.1250000000000001110 ) ;
#1478 = LINE ( 'NONE', #3769, #4907 ) ;
#1479 = EDGE_CURVE ( 'NONE', #6636, #3452, #1396, .T. ) ;
#1480 = FACE_OUTER_BOUND ( 'NONE', #1606, .T. ) ;
#1481 = CARTESIAN_POINT ( 'NONE',  ( 1.375000000000001554, 1.000000000000000000, -3.499999999999999112 ) ) ;
#1482 = CARTESIAN_POINT ( 'NONE',  ( -1.875000000000000666, 1.000000000000000000, 3.500000000000000888 ) ) ;
#1483 = EDGE_CURVE ( 'NONE', #5058, #57, #6471, .T. ) ;
#1484 = CARTESIAN_POINT ( 'NONE',  ( -3.224999999999998757, -0.1000000000000000056, 2.124999999999998224 ) ) ;
#1485 = LINE ( 'NONE', #7298, #5906 ) ;
#1486 = VERTEX_POINT ( 'NONE', #5887 ) ;
#1487 = DIRECTION ( 'NONE',  ( 1.000000000000000000, 0.0000000000000000000, -0.0000000000000000000 ) ) ;
#1488 = EDGE_CURVE ( 'NONE', #1241, #4193, #5959, .T. ) ;
#1489 = ORIENTED_EDGE ( 'NONE', *, *, #1430, .F. ) ;
#1490 = CARTESIAN_POINT ( 'NONE',  ( -2.624999999999998668, 0.0000000000000000000, -3.224999999999995204 ) ) ;
#1491 = DIRECTION ( 'NONE',  ( 0.0000000000000000000, 0.0000000000000000000, 1.000000000000000000 ) ) ;
#1492 = ORIENTED_EDGE ( 'NONE', *, *, #3236, .T. ) ;
#1493 = ORIENTED_EDGE ( 'NONE', *, *, #1680, .T. ) ;
#1494 = CARTESIAN_POINT ( 'NONE',  ( 0.8750000000000012212, 0.0000000000000000000, -3.499999999999999112 ) ) ;
#1495 = ORIENTED_EDGE ( 'NONE', *, *, #7032, .F. ) ;
#1496 = CARTESIAN_POINT ( 'NONE',  ( 2.375000000000000888, 1.000000000000000000, -3.499999999999999112 ) ) ;
#1497 = EDGE_CURVE ( 'NONE', #6527, #7439, #5403, .T. ) ;
#1498 = DIRECTION ( 'NONE',  ( 0.0000000000000000000, 1.000000000000000000, -0.0000000000000000000 ) ) ;
#1499 = DIRECTION ( 'NONE',  ( -1.000000000000000000, 0.0000000000000000000, 0.0000000000000000000 ) ) ;
#1500 = DIRECTION ( 'NONE',  ( 0.0000000000000000000, 0.0000000000000000000, 1.000000000000000000 ) ) ;
#1501 = VERTEX_POINT ( 'NONE', #4837 ) ;
#1502 = DIRECTION ( 'NONE',  ( -1.000000000000000000, 0.0000000000000000000, -3.154042683594169187E-15 ) ) ;
#1503 = AXIS2_PLACEMENT_3D ( 'NONE', #6643, #3750, #3868 ) ;
#1504 = VECTOR ( 'NONE', #782, 1000.000000000000000 ) ;
#1505 = EDGE_CURVE ( 'NONE', #5673, #1452, #3593, .T. ) ;
#1506 = LINE ( 'NONE', #1395, #399 ) ;
#1507 = DIRECTION ( 'NONE',  ( 0.0000000000000000000, 1.000000000000000000, 0.0000000000000000000 ) ) ;
#1508 = PLANE ( 'NONE',  #2077 ) ;
#1509 = ORIENTED_EDGE ( 'NONE', *, *, #5899, .T. ) ;
#1510 = DIRECTION ( 'NONE',  ( 0.0000000000000000000, 1.000000000000000000, -0.0000000000000000000 ) ) ;
#1511 = PLANE ( 'NONE',  #6628 ) ;
#1512 = VECTOR ( 'NONE', #1664, 1000.000000000000000 ) ;
#1513 = VERTEX_POINT ( 'NONE', #1355 ) ;
#1514 = DIRECTION ( 'NONE',  ( -0.0000000000000000000, -1.000000000000000000, -0.0000000000000000000 ) ) ;
#1515 = ORIENTED_EDGE ( 'NONE', *, *, #1886, .T. ) ;
#1516 = DIRECTION ( 'NONE',  ( -1.000000000000000000, 0.0000000000000000000, -0.0000000000000000000 ) ) ;
#1517 = ORIENTED_EDGE ( 'NONE', *, *, #2242, .T. ) ;
#1518 = AXIS2_PLACEMENT_3D ( 'NONE', #67, #3084, #6538 ) ;
#1519 = CARTESIAN_POINT ( 'NONE',  ( 1.624999999999999334, 1.000000000000000000, 3.500000000000000888 ) ) ;
#1520 = DIRECTION ( 'NONE',  ( -0.0000000000000000000, -1.000000000000000000, -0.0000000000000000000 ) ) ;
#1521 = CARTESIAN_POINT ( 'NONE',  ( 3.500000000000001332, 0.0000000000000000000, -0.3749999999999978906 ) ) ;
#1522 =( NAMED_UNIT ( * ) SI_UNIT ( $, .STERADIAN. ) SOLID_ANGLE_UNIT ( ) );
#1523 = DIRECTION ( 'NONE',  ( 0.0000000000000000000, 1.000000000000000000, 0.0000000000000000000 ) ) ;
#1524 = MECHANICAL_DESIGN_GEOMETRIC_PRESENTATION_REPRESENTATION (  '', ( #6993 ), #1999 ) ;
#1525 = ORIENTED_EDGE ( 'NONE', *, *, #4570, .F. ) ;
#1526 = EDGE_CURVE ( 'NONE', #6753, #6593, #3687, .T. ) ;
#1527 = EDGE_CURVE ( 'NONE', #3016, #6225, #2750, .T. ) ;
#1528 = DIRECTION ( 'NONE',  ( 0.0000000000000000000, 0.0000000000000000000, 1.000000000000000000 ) ) ;
#1529 = ORIENTED_EDGE ( 'NONE', *, *, #7199, .T. ) ;
#1530 = ORIENTED_EDGE ( 'NONE', *, *, #649, .T. ) ;
#1531 = VERTEX_POINT ( 'NONE', #6686 ) ;
#1532 = DIRECTION ( 'NONE',  ( -0.0000000000000000000, 0.0000000000000000000, -1.000000000000000000 ) ) ;
#1533 = ORIENTED_EDGE ( 'NONE', *, *, #5347, .F. ) ;
#1534 = CARTESIAN_POINT ( 'NONE',  ( 3.225000000000001421, -0.1000000000000000056, 2.375000000000002220 ) ) ;
#1535 = ORIENTED_EDGE ( 'NONE', *, *, #5593, .T. ) ;
#1536 = VECTOR ( 'NONE', #2507, 1000.000000000000000 ) ;
#1537 = ADVANCED_FACE ( 'NONE', ( #2636 ), #4336, .F. ) ;
#1538 = CARTESIAN_POINT ( 'NONE',  ( 0.0000000000000000000, 0.0000000000000000000, -3.499999999999999112 ) ) ;
#1539 = ORIENTED_EDGE ( 'NONE', *, *, #3557, .T. ) ;
#1540 = PLANE ( 'NONE',  #3788 ) ;
#1541 = CARTESIAN_POINT ( 'NONE',  ( 0.0000000000000000000, 0.0000000000000000000, 3.500000000000000888 ) ) ;
#1542 = ORIENTED_EDGE ( 'NONE', *, *, #862, .T. ) ;
#1543 = VECTOR ( 'NONE', #1739, 1000.000000000000000 ) ;
#1544 = EDGE_CURVE ( 'NONE', #1769, #6213, #7363, .T. ) ;
#1545 = CARTESIAN_POINT ( 'NONE',  ( 1.971276677246380985E-15, -0.1000000000000000056, -0.6250000000000079936 ) ) ;
#1546 = LINE ( 'NONE', #3835, #161 ) ;
#1547 = DIRECTION ( 'NONE',  ( -1.000000000000000000, 0.0000000000000000000, 0.0000000000000000000 ) ) ;
#1548 = CARTESIAN_POINT ( 'NONE',  ( -3.499999999999998668, 0.0000000000000000000, 0.0000000000000000000 ) ) ;
#1549 = ORIENTED_EDGE ( 'NONE', *, *, #5685, .F. ) ;
#1550 = DIRECTION ( 'NONE',  ( 0.0000000000000000000, 1.000000000000000000, 0.0000000000000000000 ) ) ;
#1551 = LINE ( 'NONE', #4375, #6146 ) ;
#1552 = ORIENTED_EDGE ( 'NONE', *, *, #4528, .T. ) ;
#1553 = CARTESIAN_POINT ( 'NONE',  ( 0.0000000000000000000, -0.1000000000000000056, 1.875000000000001998 ) ) ;
#1554 = ADVANCED_FACE ( 'NONE', ( #5583 ), #286, .T. ) ;
#1555 = ORIENTED_EDGE ( 'NONE', *, *, #770, .T. ) ;
#1556 = CARTESIAN_POINT ( 'NONE',  ( -3.224999999999998757, -0.1000000000000000056, -1.875000000000001776 ) ) ;
#1557 = ORIENTED_EDGE ( 'NONE', *, *, #80, .T. ) ;
#1558 = DIRECTION ( 'NONE',  ( -1.000000000000000000, 0.0000000000000000000, -0.0000000000000000000 ) ) ;
#1559 = CARTESIAN_POINT ( 'NONE',  ( -0.1250000000000002220, -0.1000000000000000056, 0.0000000000000000000 ) ) ;
#1560 = DIRECTION ( 'NONE',  ( 0.0000000000000000000, 1.000000000000000000, 0.0000000000000000000 ) ) ;
#1561 = PLANE ( 'NONE',  #5129 ) ;
#1562 =( NAMED_UNIT ( * ) SI_UNIT ( $, .STERADIAN. ) SOLID_ANGLE_UNIT ( ) );
#1563 = CARTESIAN_POINT ( 'NONE',  ( 2.875000000000000444, -0.1000000000000000333, 3.500000000000000888 ) ) ;
#1564 = EDGE_CURVE ( 'NONE', #3336, #6767, #2713, .T. ) ;
#1565 = ORIENTED_EDGE ( 'NONE', *, *, #3168, .T. ) ;
#1566 = CARTESIAN_POINT ( 'NONE',  ( -0.3750000000000002220, 0.0000000000000000000, 3.225000000000000533 ) ) ;
#1567 = ORIENTED_EDGE ( 'NONE', *, *, #3512, .F. ) ;
#1568 = LINE ( 'NONE', #3896, #3181 ) ;
#1569 = DIRECTION ( 'NONE',  ( 0.0000000000000000000, 0.0000000000000000000, 1.000000000000000000 ) ) ;
#1570 = FACE_OUTER_BOUND ( 'NONE', #7192, .T. ) ;
#1571 = ORIENTED_EDGE ( 'NONE', *, *, #5812, .F. ) ;
#1572 = DIRECTION ( 'NONE',  ( -0.0000000000000000000, -1.000000000000000000, -0.0000000000000000000 ) ) ;
#1573 = VERTEX_POINT ( 'NONE', #3202 ) ;
#1574 = CARTESIAN_POINT ( 'NONE',  ( 2.750000000000000000, -0.1000000000000000056, 3.225000000000000533 ) ) ;
#1575 = ORIENTED_EDGE ( 'NONE', *, *, #1114, .F. ) ;
#1576 = CIRCLE ( 'NONE', #1945, 0.1250000000000001110 ) ;
#1577 = EDGE_CURVE ( 'NONE', #4290, #2383, #1003, .T. ) ;
#1578 = ORIENTED_EDGE ( 'NONE', *, *, #7315, .T. ) ;
#1579 = ORIENTED_EDGE ( 'NONE', *, *, #3453, .F. ) ;
#1580 =( NAMED_UNIT ( * ) SI_UNIT ( $, .STERADIAN. ) SOLID_ANGLE_UNIT ( ) );
#1581 = AXIS2_PLACEMENT_3D ( 'NONE', #7268, #6098, #5423 ) ;
#1582 = DIRECTION ( 'NONE',  ( 1.000000000000000000, 0.0000000000000000000, -0.0000000000000000000 ) ) ;
#1583 = VERTEX_POINT ( 'NONE', #3356 ) ;
#1584 = ADVANCED_FACE ( 'NONE', ( #5024 ), #4487, .F. ) ;
#1585 = DIRECTION ( 'NONE',  ( 0.0000000000000000000, 1.000000000000000000, 0.0000000000000000000 ) ) ;
#1586 = PRESENTATION_LAYER_ASSIGNMENT (  '', '', ( #3659 ) ) ;
#1587 = DIRECTION ( 'NONE',  ( 0.0000000000000000000, 0.0000000000000000000, 1.000000000000000000 ) ) ;
#1588 = DIRECTION ( 'NONE',  ( -0.0000000000000000000, 0.0000000000000000000, -1.000000000000000000 ) ) ;
#1589 = CARTESIAN_POINT ( 'NONE',  ( -2.750000000000000888, 0.0000000000000000000, 3.225000000000000533 ) ) ;
#1590 = ORIENTED_EDGE ( 'NONE', *, *, #4194, .F. ) ;
#1591 = CYLINDRICAL_SURFACE ( 'NONE', #2828, 0.2499999999999997780 ) ;
#1592 = FACE_OUTER_BOUND ( 'NONE', #1773, .T. ) ;
#1593 = ORIENTED_EDGE ( 'NONE', *, *, #3236, .F. ) ;
#1594 = AXIS2_PLACEMENT_3D ( 'NONE', #4000, #2424, #4080 ) ;
#1595 = FACE_OUTER_BOUND ( 'NONE', #3111, .T. ) ;
#1596 = ORIENTED_EDGE ( 'NONE', *, *, #828, .F. ) ;
#1597 = ORIENTED_EDGE ( 'NONE', *, *, #141, .T. ) ;
#1598 = CARTESIAN_POINT ( 'NONE',  ( -1.874999999999997335, -0.1000000000000000056, -3.224999999999995204 ) ) ;
#1599 = EDGE_CURVE ( 'NONE', #2700, #1113, #7208, .T. ) ;
#1600 = FACE_OUTER_BOUND ( 'NONE', #4994, .T. ) ;
#1601 = DIRECTION ( 'NONE',  ( 0.0000000000000000000, 0.0000000000000000000, 1.000000000000000000 ) ) ;
#1602 = ORIENTED_EDGE ( 'NONE', *, *, #5393, .T. ) ;
#1603 = VECTOR ( 'NONE', #7475, 1000.000000000000000 ) ;
#1604 = LINE ( 'NONE', #341, #1001 ) ;
#1605 = ADVANCED_FACE ( 'NONE', ( #6117 ), #962, .T. ) ;
#1606 = EDGE_LOOP ( 'NONE', ( #753, #7088, #5240, #372 ) ) ;
#1607 = VECTOR ( 'NONE', #6419, 1000.000000000000000 ) ;
#1608 = DIRECTION ( 'NONE',  ( -1.000000000000000000, 0.0000000000000000000, -3.154042683594169187E-15 ) ) ;
#1609 = CARTESIAN_POINT ( 'NONE',  ( 0.0000000000000000000, -0.1000000000000000056, 2.874999999999998224 ) ) ;
#1610 = CYLINDRICAL_SURFACE ( 'NONE', #2240, 0.1250000000000001110 ) ;
#1611 = ORIENTED_EDGE ( 'NONE', *, *, #4176, .F. ) ;
#1612 = LINE ( 'NONE', #2238, #564 ) ;
#1613 = VERTEX_POINT ( 'NONE', #2011 ) ;
#1614 = ORIENTED_EDGE ( 'NONE', *, *, #2883, .F. ) ;
#1615 = VECTOR ( 'NONE', #298, 1000.000000000000000 ) ;
#1616 = EDGE_CURVE ( 'NONE', #3246, #2276, #4316, .T. ) ;
#1617 = ORIENTED_EDGE ( 'NONE', *, *, #1564, .F. ) ;
#1618 = ORIENTED_EDGE ( 'NONE', *, *, #5324, .T. ) ;
#1619 = DIRECTION ( 'NONE',  ( 0.0000000000000000000, 1.000000000000000000, -0.0000000000000000000 ) ) ;
#1620 = DIRECTION ( 'NONE',  ( -0.0000000000000000000, -1.000000000000000000, -0.0000000000000000000 ) ) ;
#1621 = AXIS2_PLACEMENT_3D ( 'NONE', #1002, #3355, #4569 ) ;
#1622 = ORIENTED_EDGE ( 'NONE', *, *, #5999, .T. ) ;
#1623 = CARTESIAN_POINT ( 'NONE',  ( -1.875000000000000666, -0.1000000000000000056, 0.0000000000000000000 ) ) ;
#1624 = EDGE_CURVE ( 'NONE', #1475, #6542, #6075, .T. ) ;
#1625 = AXIS2_PLACEMENT_3D ( 'NONE', #1192, #268, #1891 ) ;
#1626 = CARTESIAN_POINT ( 'NONE',  ( 2.375000000000001332, 0.0000000000000000000, 0.0000000000000000000 ) ) ;
#1627 = CARTESIAN_POINT ( 'NONE',  ( 2.375000000000000000, 0.0000000000000000000, 3.500000000000000888 ) ) ;
#1628 = ORIENTED_EDGE ( 'NONE', *, *, #3564, .F. ) ;
#1629 = CARTESIAN_POINT ( 'NONE',  ( -1.625000000000000444, -0.1000000000000000056, 3.225000000000000533 ) ) ;
#1630 = FACE_OUTER_BOUND ( 'NONE', #159, .T. ) ;
#1631 = ORIENTED_EDGE ( 'NONE', *, *, #6950, .T. ) ;
#1632 = CIRCLE ( 'NONE', #1380, 0.1249999999999996808 ) ;
#1633 = VERTEX_POINT ( 'NONE', #2132 ) ;
#1634 = LINE ( 'NONE', #1671, #2559 ) ;
#1635 = VERTEX_POINT ( 'NONE', #4446 ) ;
#1636 = EDGE_CURVE ( 'NONE', #5335, #1635, #6759, .T. ) ;
#1637 = CARTESIAN_POINT ( 'NONE',  ( 0.0000000000000000000, -0.1000000000000000056, 2.625000000000002665 ) ) ;
#1638 = VECTOR ( 'NONE', #5328, 1000.000000000000000 ) ;
#1639 = LINE ( 'NONE', #1125, #7091 ) ;
#1640 = VECTOR ( 'NONE', #6192, 1000.000000000000000 ) ;
#1641 = CARTESIAN_POINT ( 'NONE',  ( 3.000000000000000888, 0.9000000000000001332, 2.750000000000000888 ) ) ;
#1642 = DIRECTION ( 'NONE',  ( 0.0000000000000000000, 0.0000000000000000000, 1.000000000000000000 ) ) ;
#1643 = CARTESIAN_POINT ( 'NONE',  ( -1.374999999999997335, -0.1000000000000000056, 0.0000000000000000000 ) ) ;
#1644 = AXIS2_PLACEMENT_3D ( 'NONE', #2197, #7384, #5123 ) ;
#1645 = EDGE_CURVE ( 'NONE', #3635, #1573, #2171, .T. ) ;
#1646 = AXIS2_PLACEMENT_3D ( 'NONE', #5949, #729, #5987 ) ;
#1647 = DIRECTION ( 'NONE',  ( 0.0000000000000000000, 0.0000000000000000000, 1.000000000000000000 ) ) ;
#1648 = VERTEX_POINT ( 'NONE', #3916 ) ;
#1649 = AXIS2_PLACEMENT_3D ( 'NONE', #2793, #3761, #3205 ) ;
#1650 = DIRECTION ( 'NONE',  ( 0.0000000000000000000, 0.0000000000000000000, 1.000000000000000000 ) ) ;
#1651 = CARTESIAN_POINT ( 'NONE',  ( -3.499999999999998224, -0.1000000000000000333, 1.874999999999998890 ) ) ;
#1652 = ORIENTED_EDGE ( 'NONE', *, *, #2160, .T. ) ;
#1653 = DIRECTION ( 'NONE',  ( 1.000000000000000000, 0.0000000000000000000, 0.0000000000000000000 ) ) ;
#1654 = ORIENTED_EDGE ( 'NONE', *, *, #5173, .T. ) ;
#1655 = EDGE_LOOP ( 'NONE', ( #948, #219, #434, #3192 ) ) ;
#1656 = ORIENTED_EDGE ( 'NONE', *, *, #6524, .F. ) ;
#1657 = ORIENTED_EDGE ( 'NONE', *, *, #4738, .F. ) ;
#1658 = LINE ( 'NONE', #5245, #3198 ) ;
#1659 = CARTESIAN_POINT ( 'NONE',  ( 3.500000000000001332, 0.0000000000000000000, 0.0000000000000000000 ) ) ;
#1660 = VERTEX_POINT ( 'NONE', #4103 ) ;
#1661 = VECTOR ( 'NONE', #1986, 1000.000000000000000 ) ;
#1662 = DIRECTION ( 'NONE',  ( 0.0000000000000000000, 0.0000000000000000000, 1.000000000000000000 ) ) ;
#1663 = CARTESIAN_POINT ( 'NONE',  ( -1.374999999999996891, 1.000000000000000000, -3.499999999999999112 ) ) ;
#1664 = DIRECTION ( 'NONE',  ( 0.0000000000000000000, 1.000000000000000000, -0.0000000000000000000 ) ) ;
#1665 = CIRCLE ( 'NONE', #3505, 0.1250000000000001110 ) ;
#1666 = ORIENTED_EDGE ( 'NONE', *, *, #141, .F. ) ;
#1667 = LINE ( 'NONE', #3507, #3440 ) ;
#1668 = ORIENTED_EDGE ( 'NONE', *, *, #4709, .F. ) ;
#1669 = ORIENTED_EDGE ( 'NONE', *, *, #828, .T. ) ;
#1670 = EDGE_CURVE ( 'NONE', #5435, #4193, #2937, .T. ) ;
#1671 = CARTESIAN_POINT ( 'NONE',  ( 3.500000000000000888, -0.1000000000000000472, -3.499999999999999112 ) ) ;
#1672 = ORIENTED_EDGE ( 'NONE', *, *, #1488, .F. ) ;
#1673 = LINE ( 'NONE', #2224, #394 ) ;
#1674 = DIRECTION ( 'NONE',  ( 0.0000000000000000000, 0.0000000000000000000, 1.000000000000000000 ) ) ;
#1675 = DIRECTION ( 'NONE',  ( 0.0000000000000000000, 1.000000000000000000, 0.0000000000000000000 ) ) ;
#1676 = EDGE_CURVE ( 'NONE', #124, #239, #6618, .T. ) ;
#1677 = DIRECTION ( 'NONE',  ( -1.000000000000000000, 0.0000000000000000000, -0.0000000000000000000 ) ) ;
#1678 = DIRECTION ( 'NONE',  ( 0.0000000000000000000, 0.0000000000000000000, 1.000000000000000000 ) ) ;
#1679 = ORIENTED_EDGE ( 'NONE', *, *, #4646, .T. ) ;
#1680 = EDGE_CURVE ( 'NONE', #312, #2434, #7473, .T. ) ;
#1681 = FACE_OUTER_BOUND ( 'NONE', #275, .T. ) ;
#1682 = DIRECTION ( 'NONE',  ( 0.0000000000000000000, 1.000000000000000000, 0.0000000000000000000 ) ) ;
#1683 = CYLINDRICAL_SURFACE ( 'NONE', #710, 0.1249999999999996808 ) ;
#1684 = EDGE_CURVE ( 'NONE', #3810, #522, #6424, .T. ) ;
#1685 = LINE ( 'NONE', #5008, #2211 ) ;
#1686 = EDGE_CURVE ( 'NONE', #2333, #5386, #3952, .T. ) ;
#1687 = DIRECTION ( 'NONE',  ( 1.000000000000000000, 0.0000000000000000000, -0.0000000000000000000 ) ) ;
#1688 = ORIENTED_EDGE ( 'NONE', *, *, #2829, .F. ) ;
#1689 = CARTESIAN_POINT ( 'NONE',  ( -2.375000000000000444, -0.1000000000000000056, 3.225000000000000533 ) ) ;
#1690 = VERTEX_POINT ( 'NONE', #5251 ) ;
#1691 = CARTESIAN_POINT ( 'NONE',  ( 2.625000000000002665, 1.000000000000000000, -3.499999999999999112 ) ) ;
#1692 = VERTEX_POINT ( 'NONE', #3504 ) ;
#1693 = AXIS2_PLACEMENT_3D ( 'NONE', #4881, #7292, #258 ) ;
#1694 = ORIENTED_EDGE ( 'NONE', *, *, #5457, .F. ) ;
#1695 = ADVANCED_FACE ( 'NONE', ( #2253 ), #1116, .T. ) ;
#1696 = ORIENTED_EDGE ( 'NONE', *, *, #6569, .F. ) ;
#1697 = FACE_OUTER_BOUND ( 'NONE', #540, .T. ) ;
#1698 = FACE_OUTER_BOUND ( 'NONE', #87, .T. ) ;
#1699 = ORIENTED_EDGE ( 'NONE', *, *, #6416, .T. ) ;
#1700 = AXIS2_PLACEMENT_3D ( 'NONE', #5957, #321, #2669 ) ;
#1701 = DIRECTION ( 'NONE',  ( 1.000000000000000000, -0.0000000000000000000, 0.0000000000000000000 ) ) ;
#1702 = FACE_OUTER_BOUND ( 'NONE', #4607, .T. ) ;
#1703 = VECTOR ( 'NONE', #1560, 1000.000000000000000 ) ;
#1704 = EDGE_CURVE ( 'NONE', #7498, #7502, #6271, .T. ) ;
#1705 = VERTEX_POINT ( 'NONE', #1194 ) ;
#1706 = PLANE ( 'NONE',  #4037 ) ;
#1707 = ORIENTED_EDGE ( 'NONE', *, *, #3365, .F. ) ;
#1708 = ORIENTED_EDGE ( 'NONE', *, *, #7361, .F. ) ;
#1709 = DIRECTION ( 'NONE',  ( 0.0000000000000000000, 0.0000000000000000000, 1.000000000000000000 ) ) ;
#1710 = ORIENTED_EDGE ( 'NONE', *, *, #4823, .T. ) ;
#1711 = VECTOR ( 'NONE', #5351, 1000.000000000000000 ) ;
#1712 = CARTESIAN_POINT ( 'NONE',  ( -3.499999999999998668, 1.000000000000000000, -1.125000000000001776 ) ) ;
#1713 = DIRECTION ( 'NONE',  ( 1.000000000000000000, -0.0000000000000000000, 3.469446951953617147E-16 ) ) ;
#1714 = FACE_OUTER_BOUND ( 'NONE', #2740, .T. ) ;
#1715 = AXIS2_PLACEMENT_3D ( 'NONE', #6861, #6781, #2775 ) ;
#1716 = CARTESIAN_POINT ( 'NONE',  ( -2.874999999999997335, -0.1000000000000000333, -3.499999999999999112 ) ) ;
#1717 = DIRECTION ( 'NONE',  ( -0.0000000000000000000, -1.000000000000000000, -0.0000000000000000000 ) ) ;
#1718 = VERTEX_POINT ( 'NONE', #4065 ) ;
#1719 = EDGE_CURVE ( 'NONE', #4238, #4538, #2373, .T. ) ;
#1720 = VECTOR ( 'NONE', #2826, 1000.000000000000000 ) ;
#1721 = CARTESIAN_POINT ( 'NONE',  ( 2.499999999999999556, 0.0000000000000000000, -2.750000000000000000 ) ) ;
#1722 = CARTESIAN_POINT ( 'NONE',  ( 2.625000000000002665, -0.1000000000000000056, -3.224999999999995204 ) ) ;
#1723 = LINE ( 'NONE', #4625, #3067 ) ;
#1724 = LINE ( 'NONE', #944, #186 ) ;
#1725 = CARTESIAN_POINT ( 'NONE',  ( -3.224999999999998757, -0.1000000000000000056, -2.875000000000001776 ) ) ;
#1726 = VERTEX_POINT ( 'NONE', #2331 ) ;
#1727 = AXIS2_PLACEMENT_3D ( 'NONE', #800, #696, #2595 ) ;
#1728 = CYLINDRICAL_SURFACE ( 'NONE', #1037, 0.1249999999999996808 ) ;
#1729 = ORIENTED_EDGE ( 'NONE', *, *, #1299, .F. ) ;
#1730 = CARTESIAN_POINT ( 'NONE',  ( -2.750000000000000888, -0.1000000000000000056, 3.225000000000000533 ) ) ;
#1731 = ADVANCED_FACE ( 'NONE', ( #4645 ), #2861, .T. ) ;
#1732 = EDGE_CURVE ( 'NONE', #1718, #1403, #3392, .T. ) ;
#1733 = ORIENTED_EDGE ( 'NONE', *, *, #1430, .T. ) ;
#1734 = LINE ( 'NONE', #5317, #5836 ) ;
#1735 = ORIENTED_EDGE ( 'NONE', *, *, #4948, .T. ) ;
#1736 = ORIENTED_EDGE ( 'NONE', *, *, #2564, .T. ) ;
#1737 = DIRECTION ( 'NONE',  ( 0.0000000000000000000, 0.0000000000000000000, 1.000000000000000000 ) ) ;
#1738 = VERTEX_POINT ( 'NONE', #3429 ) ;
#1739 = DIRECTION ( 'NONE',  ( -1.000000000000000000, 0.0000000000000000000, -0.0000000000000000000 ) ) ;
#1740 = EDGE_CURVE ( 'NONE', #2678, #3294, #5101, .T. ) ;
#1741 = DIRECTION ( 'NONE',  ( 1.000000000000000000, 0.0000000000000000000, -0.0000000000000000000 ) ) ;
#1742 = AXIS2_PLACEMENT_3D ( 'NONE', #4370, #322, #7362 ) ;
#1743 = ORIENTED_EDGE ( 'NONE', *, *, #7256, .T. ) ;
#1744 = LINE ( 'NONE', #3470, #4655 ) ;
#1745 = DIRECTION ( 'NONE',  ( 0.0000000000000000000, -0.0000000000000000000, -1.000000000000000000 ) ) ;
#1746 = ORIENTED_EDGE ( 'NONE', *, *, #1479, .T. ) ;
#1747 = DIRECTION ( 'NONE',  ( 0.0000000000000000000, -0.0000000000000000000, -1.000000000000000000 ) ) ;
#1748 = ORIENTED_EDGE ( 'NONE', *, *, #2260, .T. ) ;
#1749 = AXIS2_PLACEMENT_3D ( 'NONE', #6134, #905, #1528 ) ;
#1750 = EDGE_CURVE ( 'NONE', #413, #503, #5175, .T. ) ;
#1751 = FACE_OUTER_BOUND ( 'NONE', #2923, .T. ) ;
#1752 = DIRECTION ( 'NONE',  ( 0.0000000000000000000, 0.0000000000000000000, -1.000000000000000000 ) ) ;
#1753 = DIRECTION ( 'NONE',  ( -0.0000000000000000000, -1.000000000000000000, 0.0000000000000000000 ) ) ;
#1754 = AXIS2_PLACEMENT_3D ( 'NONE', #6168, #1520, #5112 ) ;
#1755 = DIRECTION ( 'NONE',  ( -0.0000000000000000000, 0.0000000000000000000, -1.000000000000000000 ) ) ;
#1756 = VERTEX_POINT ( 'NONE', #5702 ) ;
#1757 = ADVANCED_FACE ( 'NONE', ( #1702 ), #6348, .F. ) ;
#1758 = CIRCLE ( 'NONE', #1134, 0.1249999999999996808 ) ;
#1759 = CARTESIAN_POINT ( 'NONE',  ( -3.224999999999998757, -0.1000000000000000056, -1.375000000000001776 ) ) ;
#1760 = DIRECTION ( 'NONE',  ( -1.000000000000000000, 0.0000000000000000000, -3.154042683594169187E-15 ) ) ;
#1761 = PLANE ( 'NONE',  #370 ) ;
#1762 = CARTESIAN_POINT ( 'NONE',  ( 1.375000000000001332, -0.1000000000000000056, -3.224999999999995204 ) ) ;
#1763 = ORIENTED_EDGE ( 'NONE', *, *, #3094, .T. ) ;
#1764 = AXIS2_PLACEMENT_3D ( 'NONE', #910, #6747, #3223 ) ;
#1765 = DIRECTION ( 'NONE',  ( -1.000000000000000000, -0.0000000000000000000, 0.0000000000000000000 ) ) ;
#1766 = VECTOR ( 'NONE', #5017, 1000.000000000000000 ) ;
#1767 = EDGE_LOOP ( 'NONE', ( #5990, #7147, #482, #6184 ) ) ;
#1768 = LINE ( 'NONE', #6831, #1316 ) ;
#1769 = VERTEX_POINT ( 'NONE', #1627 ) ;
#1770 = ADVANCED_FACE ( 'NONE', ( #3954 ), #3678, .T. ) ;
#1771 = EDGE_CURVE ( 'NONE', #812, #4650, #99, .T. ) ;
#1772 = VECTOR ( 'NONE', #2755, 1000.000000000000000 ) ;
#1773 = EDGE_LOOP ( 'NONE', ( #831, #3150, #3751, #4743 ) ) ;
#1774 = ORIENTED_EDGE ( 'NONE', *, *, #770, .F. ) ;
#1775 = ORIENTED_EDGE ( 'NONE', *, *, #3469, .F. ) ;
#1776 = EDGE_CURVE ( 'NONE', #4343, #4586, #657, .T. ) ;
#1777 = CARTESIAN_POINT ( 'NONE',  ( 3.225000000000001421, 0.0000000000000000000, 1.125000000000002665 ) ) ;
#1778 = VERTEX_POINT ( 'NONE', #1272 ) ;
#1779 = DIRECTION ( 'NONE',  ( 0.0000000000000000000, 0.0000000000000000000, 1.000000000000000000 ) ) ;
#1780 = EDGE_CURVE ( 'NONE', #1705, #2896, #4139, .T. ) ;
#1781 = DIRECTION ( 'NONE',  ( 0.0000000000000000000, 0.0000000000000000000, -1.000000000000000000 ) ) ;
#1782 = EDGE_CURVE ( 'NONE', #4013, #3397, #6009, .T. ) ;
#1783 = DIRECTION ( 'NONE',  ( 1.577021341797097215E-15, -0.0000000000000000000, 1.000000000000000000 ) ) ;
#1784 = PRESENTATION_STYLE_ASSIGNMENT (( #6992 ) ) ;
#1785 = EDGE_CURVE ( 'NONE', #3434, #6389, #5289, .T. ) ;
#1786 = LINE ( 'NONE', #3510, #344 ) ;
#1787 = DIRECTION ( 'NONE',  ( 0.0000000000000000000, 0.0000000000000000000, 1.000000000000000000 ) ) ;
#1788 = LINE ( 'NONE', #2342, #5407 ) ;
#1789 = CYLINDRICAL_SURFACE ( 'NONE', #2068, 0.1250000000000001110 ) ;
#1790 = ORIENTED_EDGE ( 'NONE', *, *, #953, .F. ) ;
#1791 = CARTESIAN_POINT ( 'NONE',  ( 3.500000000000001332, -0.1000000000000000333, -0.1249999999999973216 ) ) ;
#1792 = EDGE_CURVE ( 'NONE', #3910, #3551, #2489, .T. ) ;
#1793 = LINE ( 'NONE', #1865, #5204 ) ;
#1794 = ORIENTED_EDGE ( 'NONE', *, *, #4236, .T. ) ;
#1795 = VECTOR ( 'NONE', #707, 1000.000000000000000 ) ;
#1796 = DIRECTION ( 'NONE',  ( 0.0000000000000000000, 1.000000000000000000, 0.0000000000000000000 ) ) ;
#1797 = DIRECTION ( 'NONE',  ( 1.000000000000000000, -0.0000000000000000000, 0.0000000000000000000 ) ) ;
#1798 = CARTESIAN_POINT ( 'NONE',  ( 0.3750000000000012212, 0.0000000000000000000, -3.499999999999999112 ) ) ;
#1799 = EDGE_CURVE ( 'NONE', #685, #7479, #1311, .T. ) ;
#1800 = DIRECTION ( 'NONE',  ( 0.0000000000000000000, 0.0000000000000000000, -1.000000000000000000 ) ) ;
#1801 = EDGE_LOOP ( 'NONE', ( #1977, #1539, #1863, #1981 ) ) ;
#1802 = CARTESIAN_POINT ( 'NONE',  ( -3.499999999999999112, -0.1000000000000000472, -3.499999999999999112 ) ) ;
#1803 = ORIENTED_EDGE ( 'NONE', *, *, #6986, .F. ) ;
#1804 = ORIENTED_EDGE ( 'NONE', *, *, #3218, .T. ) ;
#1805 = AXIS2_PLACEMENT_3D ( 'NONE', #1574, #5611, #4475 ) ;
#1806 = FACE_OUTER_BOUND ( 'NONE', #5934, .T. ) ;
#1807 = EDGE_CURVE ( 'NONE', #605, #3117, #3576, .T. ) ;
#1808 = EDGE_CURVE ( 'NONE', #3741, #6593, #6570, .T. ) ;
#1809 = ORIENTED_EDGE ( 'NONE', *, *, #1913, .F. ) ;
#1810 = CARTESIAN_POINT ( 'NONE',  ( -3.499999999999998224, 1.000000000000000000, 3.500000000000000888 ) ) ;
#1811 = CARTESIAN_POINT ( 'NONE',  ( 0.0000000000000000000, -0.1000000000000000056, -1.874999999999997335 ) ) ;
#1812 = EDGE_LOOP ( 'NONE', ( #1567, #5202, #4936, #6150 ) ) ;
#1813 = CARTESIAN_POINT ( 'NONE',  ( 1.125000000000002220, 1.000000000000000000, -3.499999999999999112 ) ) ;
#1814 = ADVANCED_FACE ( 'NONE', ( #5880 ), #7058, .T. ) ;
#1815 = FACE_OUTER_BOUND ( 'NONE', #3602, .T. ) ;
#1816 = EDGE_CURVE ( 'NONE', #163, #3434, #3015, .T. ) ;
#1817 = DIRECTION ( 'NONE',  ( 0.0000000000000000000, -1.000000000000000000, 0.0000000000000000000 ) ) ;
#1818 = VECTOR ( 'NONE', #1835, 1000.000000000000000 ) ;
#1819 = CYLINDRICAL_SURFACE ( 'NONE', #2262, 0.1250000000000001110 ) ;
#1820 = EDGE_LOOP ( 'NONE', ( #892, #5310, #698, #1657 ) ) ;
#1821 = DIRECTION ( 'NONE',  ( -1.000000000000000000, 0.0000000000000000000, -0.0000000000000000000 ) ) ;
#1822 = AXIS2_PLACEMENT_3D ( 'NONE', #3249, #7334, #378 ) ;
#1823 = ADVANCED_FACE ( 'NONE', ( #1892 ), #4217, .T. ) ;
#1824 = VECTOR ( 'NONE', #274, 1000.000000000000000 ) ;
#1825 = PLANE ( 'NONE',  #7333 ) ;
#1826 = DIRECTION ( 'NONE',  ( 3.154042683594169187E-15, 0.0000000000000000000, -1.000000000000000000 ) ) ;
#1827 = ORIENTED_EDGE ( 'NONE', *, *, #2862, .T. ) ;
#1828 = CARTESIAN_POINT ( 'NONE',  ( -1.624999999999998890, -0.1000000000000000056, -3.224999999999995204 ) ) ;
#1829 = AXIS2_PLACEMENT_3D ( 'NONE', #1398, #2461, #4228 ) ;
#1830 = CARTESIAN_POINT ( 'NONE',  ( -2.375000000000000444, 0.0000000000000000000, 3.500000000000000888 ) ) ;
#1831 = EDGE_LOOP ( 'NONE', ( #5007, #1953, #739, #651 ) ) ;
#1832 = ADVANCED_FACE ( 'NONE', ( #3642 ), #4757, .T. ) ;
#1833 = CYLINDRICAL_SURFACE ( 'NONE', #4305, 0.1249999999999996808 ) ;
#1834 = VECTOR ( 'NONE', #3888, 1000.000000000000000 ) ;
#1835 = DIRECTION ( 'NONE',  ( 3.469446951953617147E-16, 0.0000000000000000000, -1.000000000000000000 ) ) ;
#1836 = DIRECTION ( 'NONE',  ( 0.0000000000000000000, 1.000000000000000000, 0.0000000000000000000 ) ) ;
#1837 = EDGE_LOOP ( 'NONE', ( #3856, #6846, #3180, #4010 ) ) ;
#1838 = LINE ( 'NONE', #4707, #3379 ) ;
#1839 = VERTEX_POINT ( 'NONE', #761 ) ;
#1840 = VECTOR ( 'NONE', #6513, 1000.000000000000000 ) ;
#1841 = EDGE_CURVE ( 'NONE', #3256, #3810, #3119, .T. ) ;
#1842 = ORIENTED_EDGE ( 'NONE', *, *, #2564, .F. ) ;
#1843 = AXIS2_PLACEMENT_3D ( 'NONE', #1006, #3359, #5669 ) ;
#1844 = LINE ( 'NONE', #1151, #4384 ) ;
#1845 = ORIENTED_EDGE ( 'NONE', *, *, #6401, .F. ) ;
#1846 = CARTESIAN_POINT ( 'NONE',  ( -2.874999999999997335, -0.1000000000000000056, -3.224999999999995204 ) ) ;
#1847 = DIRECTION ( 'NONE',  ( 0.0000000000000000000, 0.0000000000000000000, -1.000000000000000000 ) ) ;
#1848 = EDGE_LOOP ( 'NONE', ( #3844, #1305, #5356, #4234 ) ) ;
#1849 = CARTESIAN_POINT ( 'NONE',  ( -0.3750000000000002220, -0.1000000000000000056, 0.0000000000000000000 ) ) ;
#1850 = ORIENTED_EDGE ( 'NONE', *, *, #2309, .F. ) ;
#1851 = CARTESIAN_POINT ( 'NONE',  ( 3.225000000000001421, -0.1000000000000000056, 0.1250000000000028311 ) ) ;
#1852 = DIRECTION ( 'NONE',  ( 0.0000000000000000000, -1.000000000000000000, 0.0000000000000000000 ) ) ;
#1853 = CARTESIAN_POINT ( 'NONE',  ( -0.3750000000000002220, -0.1000000000000000056, 3.225000000000000533 ) ) ;
#1854 = DIRECTION ( 'NONE',  ( 0.0000000000000000000, 1.000000000000000000, 0.0000000000000000000 ) ) ;
#1855 = ORIENTED_EDGE ( 'NONE', *, *, #4759, .F. ) ;
#1856 = EDGE_CURVE ( 'NONE', #7130, #4527, #7164, .T. ) ;
#1857 = CARTESIAN_POINT ( 'NONE',  ( 0.0000000000000000000, -0.1000000000000000056, 0.0000000000000000000 ) ) ;
#1858 = ADVANCED_FACE ( 'NONE', ( #2412 ), #4721, .F. ) ;
#1859 = AXIS2_PLACEMENT_3D ( 'NONE', #5726, #6369, #7382 ) ;
#1860 = DIRECTION ( 'NONE',  ( 0.0000000000000000000, 0.0000000000000000000, 1.000000000000000000 ) ) ;
#1861 = LINE ( 'NONE', #2459, #2264 ) ;
#1862 = FACE_OUTER_BOUND ( 'NONE', #2745, .T. ) ;
#1863 = ORIENTED_EDGE ( 'NONE', *, *, #6789, .T. ) ;
#1864 = DIRECTION ( 'NONE',  ( 0.0000000000000000000, 0.0000000000000000000, 1.000000000000000000 ) ) ;
#1865 = CARTESIAN_POINT ( 'NONE',  ( -3.499999999999999112, 0.0000000000000000000, 0.0000000000000000000 ) ) ;
#1866 = AXIS2_PLACEMENT_3D ( 'NONE', #2131, #5624, #7244 ) ;
#1867 = ORIENTED_EDGE ( 'NONE', *, *, #5004, .T. ) ;
#1868 = CARTESIAN_POINT ( 'NONE',  ( -3.499999999999998668, 1.000000000000000000, 0.1249999999999979461 ) ) ;
#1869 = EDGE_CURVE ( 'NONE', #791, #1133, #6714, .T. ) ;
#1870 = DIRECTION ( 'NONE',  ( 0.0000000000000000000, 0.0000000000000000000, 1.000000000000000000 ) ) ;
#1871 = VECTOR ( 'NONE', #2487, 1000.000000000000000 ) ;
#1872 = CARTESIAN_POINT ( 'NONE',  ( -3.499999999999999112, -0.1000000000000000472, -3.499999999999999112 ) ) ;
#1873 = CARTESIAN_POINT ( 'NONE',  ( -3.499999999999998668, 0.0000000000000000000, 0.1249999999999980571 ) ) ;
#1874 = ORIENTED_EDGE ( 'NONE', *, *, #5733, .F. ) ;
#1875 = CARTESIAN_POINT ( 'NONE',  ( -0.1250000000000002220, -0.1000000000000000056, 3.225000000000000533 ) ) ;
#1876 = ORIENTED_EDGE ( 'NONE', *, *, #4891, .T. ) ;
#1877 = STYLED_ITEM ( 'NONE', ( #4098 ), #2765 ) ;
#1878 = ORIENTED_EDGE ( 'NONE', *, *, #1413, .F. ) ;
#1879 = AXIS2_PLACEMENT_3D ( 'NONE', #5188, #1713, #7519 ) ;
#1880 = CIRCLE ( 'NONE', #6978, 0.1249999999999992506 ) ;
#1881 = ORIENTED_EDGE ( 'NONE', *, *, #2579, .F. ) ;
#1882 = ORIENTED_EDGE ( 'NONE', *, *, #5999, .F. ) ;
#1883 = ORIENTED_EDGE ( 'NONE', *, *, #4796, .T. ) ;
#1884 = CARTESIAN_POINT ( 'NONE',  ( 1.875000000000000000, -0.1000000000000000056, 0.0000000000000000000 ) ) ;
#1885 = FACE_OUTER_BOUND ( 'NONE', #2178, .T. ) ;
#1886 = EDGE_CURVE ( 'NONE', #6581, #5035, #7356, .T. ) ;
#1887 = ORIENTED_EDGE ( 'NONE', *, *, #7481, .F. ) ;
#1888 = DIRECTION ( 'NONE',  ( 0.0000000000000000000, 1.000000000000000000, 0.0000000000000000000 ) ) ;
#1889 = ORIENTED_EDGE ( 'NONE', *, *, #132, .F. ) ;
#1890 = VECTOR ( 'NONE', #6215, 1000.000000000000000 ) ;
#1891 = DIRECTION ( 'NONE',  ( 0.0000000000000000000, 0.0000000000000000000, 1.000000000000000000 ) ) ;
#1892 = FACE_OUTER_BOUND ( 'NONE', #2280, .T. ) ;
#1893 = ORIENTED_EDGE ( 'NONE', *, *, #5954, .T. ) ;
#1894 = DIRECTION ( 'NONE',  ( 1.000000000000000000, 0.0000000000000000000, 0.0000000000000000000 ) ) ;
#1895 = LINE ( 'NONE', #6541, #4070 ) ;
#1896 = VERTEX_POINT ( 'NONE', #3829 ) ;
#1897 = DIRECTION ( 'NONE',  ( 9.856383386231840338E-17, 0.0000000000000000000, -1.000000000000000000 ) ) ;
#1898 = DIRECTION ( 'NONE',  ( -0.0000000000000000000, 1.000000000000000000, 0.0000000000000000000 ) ) ;
#1899 = LINE ( 'NONE', #6040, #5172 ) ;
#1900 = ORIENTED_EDGE ( 'NONE', *, *, #1290, .F. ) ;
#1901 = PLANE ( 'NONE',  #2586 ) ;
#1902 = ADVANCED_FACE ( 'NONE', ( #952 ), #3194, .T. ) ;
#1903 = PLANE ( 'NONE',  #5325 ) ;
#1904 = ORIENTED_EDGE ( 'NONE', *, *, #4943, .F. ) ;
#1905 = PLANE ( 'NONE',  #6058 ) ;
#1906 = ORIENTED_EDGE ( 'NONE', *, *, #477, .T. ) ;
#1907 = AXIS2_PLACEMENT_3D ( 'NONE', #6286, #1717, #1601 ) ;
#1908 = EDGE_CURVE ( 'NONE', #765, #581, #1425, .T. ) ;
#1909 = CARTESIAN_POINT ( 'NONE',  ( -0.3750000000000003331, -0.1000000000000000333, 3.500000000000000888 ) ) ;
#1910 = CARTESIAN_POINT ( 'NONE',  ( -1.375000000000000666, -0.1000000000000000056, 3.225000000000000533 ) ) ;
#1911 = DIRECTION ( 'NONE',  ( -1.000000000000000000, 0.0000000000000000000, 0.0000000000000000000 ) ) ;
#1912 = AXIS2_PLACEMENT_3D ( 'NONE', #1942, #4304, #6004 ) ;
#1913 = EDGE_CURVE ( 'NONE', #2019, #6994, #915, .T. ) ;
#1914 = VERTEX_POINT ( 'NONE', #4438 ) ;
#1915 = CARTESIAN_POINT ( 'NONE',  ( 3.225000000000001421, -0.1000000000000000056, 1.375000000000001998 ) ) ;
#1916 = ORIENTED_EDGE ( 'NONE', *, *, #241, .F. ) ;
#1917 = ORIENTED_EDGE ( 'NONE', *, *, #5895, .F. ) ;
#1918 = EDGE_CURVE ( 'NONE', #2443, #1769, #3748, .T. ) ;
#1919 = VERTEX_POINT ( 'NONE', #355 ) ;
#1920 = CARTESIAN_POINT ( 'NONE',  ( 3.225000000000001421, -0.1000000000000000056, -0.6249999999999978906 ) ) ;
#1921 = EDGE_LOOP ( 'NONE', ( #1575, #1804, #6930, #3895 ) ) ;
#1922 = EDGE_LOOP ( 'NONE', ( #6370, #4283, #6349, #3077 ) ) ;
#1923 = FACE_OUTER_BOUND ( 'NONE', #4496, .T. ) ;
#1924 = DIRECTION ( 'NONE',  ( 0.0000000000000000000, 1.000000000000000000, 0.0000000000000000000 ) ) ;
#1925 = DIRECTION ( 'NONE',  ( 0.0000000000000000000, 1.000000000000000000, 0.0000000000000000000 ) ) ;
#1926 = ORIENTED_EDGE ( 'NONE', *, *, #4009, .T. ) ;
#1927 = EDGE_CURVE ( 'NONE', #1262, #3260, #6183, .T. ) ;
#1928 = CARTESIAN_POINT ( 'NONE',  ( -3.499999999999999112, -0.1000000000000000472, -3.499999999999999112 ) ) ;
#1929 = DIRECTION ( 'NONE',  ( 1.000000000000000000, 0.0000000000000000000, 0.0000000000000000000 ) ) ;
#1930 = LINE ( 'NONE', #731, #6378 ) ;
#1931 = ORIENTED_EDGE ( 'NONE', *, *, #1636, .T. ) ;
#1932 = CIRCLE ( 'NONE', #1191, 0.1249999999999992506 ) ;
#1933 = UNCERTAINTY_MEASURE_WITH_UNIT (LENGTH_MEASURE( 1.000000000000000082E-05 ), #3651, 'distance_accuracy_value', 'NONE');
#1934 = DIRECTION ( 'NONE',  ( 0.0000000000000000000, 1.000000000000000000, -0.0000000000000000000 ) ) ;
#1935 = EDGE_CURVE ( 'NONE', #6187, #2555, #3306, .T. ) ;
#1936 = CARTESIAN_POINT ( 'NONE',  ( -0.6250000000000002220, -0.1000000000000000056, 3.225000000000000533 ) ) ;
#1937 = DIRECTION ( 'NONE',  ( 1.000000000000000000, 0.0000000000000000000, -0.0000000000000000000 ) ) ;
#1938 = VECTOR ( 'NONE', #1502, 1000.000000000000000 ) ;
#1939 =( NAMED_UNIT ( * ) SI_UNIT ( $, .STERADIAN. ) SOLID_ANGLE_UNIT ( ) );
#1940 = ORIENTED_EDGE ( 'NONE', *, *, #283, .T. ) ;
#1941 = FACE_OUTER_BOUND ( 'NONE', #4353, .T. ) ;
#1942 = CARTESIAN_POINT ( 'NONE',  ( 0.0000000000000000000, -0.1000000000000000056, 2.625000000000002665 ) ) ;
#1943 = CARTESIAN_POINT ( 'NONE',  ( -3.499999999999999112, 1.000000000000000000, -2.875000000000001776 ) ) ;
#1944 = ORIENTED_EDGE ( 'NONE', *, *, #7100, .F. ) ;
#1945 = AXIS2_PLACEMENT_3D ( 'NONE', #7076, #7183, #3699 ) ;
#1946 = EDGE_CURVE ( 'NONE', #6263, #4308, #5616, .T. ) ;
#1947 = EDGE_CURVE ( 'NONE', #2203, #4373, #2742, .T. ) ;
#1948 = CARTESIAN_POINT ( 'NONE',  ( -1.749999999999998002, -0.1000000000000000056, -3.099999999999996092 ) ) ;
#1949 =( LENGTH_UNIT ( ) NAMED_UNIT ( * ) SI_UNIT ( .MILLI., .METRE. ) );
#1950 = CARTESIAN_POINT ( 'NONE',  ( -3.224999999999998757, 0.0000000000000000000, 2.624999999999997780 ) ) ;
#1951 = ORIENTED_EDGE ( 'NONE', *, *, #3612, .T. ) ;
#1952 = CARTESIAN_POINT ( 'NONE',  ( 0.0000000000000000000, -0.1000000000000000056, 0.1249999999999981543 ) ) ;
#1953 = ORIENTED_EDGE ( 'NONE', *, *, #7108, .T. ) ;
#1954 = EDGE_CURVE ( 'NONE', #887, #90, #6067, .T. ) ;
#1955 = VECTOR ( 'NONE', #3757, 1000.000000000000000 ) ;
#1956 = EDGE_CURVE ( 'NONE', #6403, #820, #5056, .T. ) ;
#1957 = ORIENTED_EDGE ( 'NONE', *, *, #3555, .T. ) ;
#1958 = DIRECTION ( 'NONE',  ( -0.0000000000000000000, 0.0000000000000000000, -1.000000000000000000 ) ) ;
#1959 = CARTESIAN_POINT ( 'NONE',  ( 2.250000000000001776, -0.1000000000000000056, -3.224999999999995204 ) ) ;
#1960 = ORIENTED_EDGE ( 'NONE', *, *, #5986, .T. ) ;
#1961 = ORIENTED_EDGE ( 'NONE', *, *, #1228, .F. ) ;
#1962 = VECTOR ( 'NONE', #1409, 1000.000000000000000 ) ;
#1963 = CARTESIAN_POINT ( 'NONE',  ( -1.874999999999997335, -0.1000000000000000333, -3.499999999999999112 ) ) ;
#1964 = ORIENTED_EDGE ( 'NONE', *, *, #5720, .F. ) ;
#1965 = CARTESIAN_POINT ( 'NONE',  ( -1.750000000000000222, -0.1000000000000000056, 3.225000000000000533 ) ) ;
#1966 = ORIENTED_EDGE ( 'NONE', *, *, #4796, .F. ) ;
#1967 = AXIS2_PLACEMENT_3D ( 'NONE', #4954, #1400, #1978 ) ;
#1968 = DIRECTION ( 'NONE',  ( -1.239088197126291063E-16, 0.0000000000000000000, -1.000000000000000000 ) ) ;
#1969 = ORIENTED_EDGE ( 'NONE', *, *, #1771, .F. ) ;
#1970 = DIRECTION ( 'NONE',  ( 0.0000000000000000000, 1.000000000000000000, 0.0000000000000000000 ) ) ;
#1971 = VERTEX_POINT ( 'NONE', #5505 ) ;
#1972 = EDGE_CURVE ( 'NONE', #1648, #191, #5299, .T. ) ;
#1973 = CARTESIAN_POINT ( 'NONE',  ( 0.6250000000000028866, 0.0000000000000000000, 0.0000000000000000000 ) ) ;
#1974 =( LENGTH_UNIT ( ) NAMED_UNIT ( * ) SI_UNIT ( .MILLI., .METRE. ) );
#1975 = AXIS2_PLACEMENT_3D ( 'NONE', #2229, #1642, #3968 ) ;
#1976 = DIRECTION ( 'NONE',  ( -0.0000000000000000000, -1.000000000000000000, -0.0000000000000000000 ) ) ;
#1977 = ORIENTED_EDGE ( 'NONE', *, *, #7188, .F. ) ;
#1978 = DIRECTION ( 'NONE',  ( -1.000000000000000000, 0.0000000000000000000, -3.154042683594174709E-15 ) ) ;
#1979 = PLANE ( 'NONE',  #2526 ) ;
#1980 = PLANE ( 'NONE',  #1912 ) ;
#1981 = ORIENTED_EDGE ( 'NONE', *, *, #781, .T. ) ;
#1982 = CARTESIAN_POINT ( 'NONE',  ( -2.625000000000000000, -0.1000000000000000056, 0.0000000000000000000 ) ) ;
#1983 = CARTESIAN_POINT ( 'NONE',  ( -3.499999999999998224, -0.1000000000000000333, 1.624999999999998668 ) ) ;
#1984 = CARTESIAN_POINT ( 'NONE',  ( 0.0000000000000000000, -0.1000000000000000056, 0.0000000000000000000 ) ) ;
#1985 = VECTOR ( 'NONE', #5214, 1000.000000000000000 ) ;
#1986 = DIRECTION ( 'NONE',  ( 0.0000000000000000000, -0.0000000000000000000, 1.000000000000000000 ) ) ;
#1987 = EDGE_CURVE ( 'NONE', #2150, #1471, #4944, .T. ) ;
#1988 = ORIENTED_EDGE ( 'NONE', *, *, #1645, .T. ) ;
#1989 = ORIENTED_EDGE ( 'NONE', *, *, #226, .T. ) ;
#1990 = LINE ( 'NONE', #6020, #5482 ) ;
#1991 = DIRECTION ( 'NONE',  ( 0.0000000000000000000, 0.0000000000000000000, 1.000000000000000000 ) ) ;
#1992 = ORIENTED_EDGE ( 'NONE', *, *, #1483, .T. ) ;
#1993 = CARTESIAN_POINT ( 'NONE',  ( 2.499999999999999556, -0.1000000000000000056, 2.750000000000000888 ) ) ;
#1994 = AXIS2_PLACEMENT_3D ( 'NONE', #2381, #1051, #1674 ) ;
#1995 = EDGE_CURVE ( 'NONE', #522, #2548, #5057, .T. ) ;
#1996 = ORIENTED_EDGE ( 'NONE', *, *, #411, .F. ) ;
#1997 = CARTESIAN_POINT ( 'NONE',  ( 0.0000000000000000000, 0.0000000000000000000, 2.375000000000002220 ) ) ;
#1998 = VERTEX_POINT ( 'NONE', #4979 ) ;
#1999 =( GEOMETRIC_REPRESENTATION_CONTEXT ( 3 ) GLOBAL_UNCERTAINTY_ASSIGNED_CONTEXT ( ( #5663 ) ) GLOBAL_UNIT_ASSIGNED_CONTEXT ( ( #3957, #6274, #3508 ) ) REPRESENTATION_CONTEXT ( 'NONE', 'WORKASPACE' ) );
#2000 = AXIS2_PLACEMENT_3D ( 'NONE', #2789, #6305, #6952 ) ;
#2001 = EDGE_CURVE ( 'NONE', #4255, #2762, #7275, .T. ) ;
#2002 = CARTESIAN_POINT ( 'NONE',  ( 3.500000000000001776, 1.000000000000000000, 2.125000000000000444 ) ) ;
#2003 = CARTESIAN_POINT ( 'NONE',  ( 0.0000000000000000000, -0.1000000000000000056, -1.374999999999997335 ) ) ;
#2004 = CARTESIAN_POINT ( 'NONE',  ( 0.0000000000000000000, 0.0000000000000000000, -3.499999999999999112 ) ) ;
#2005 = ORIENTED_EDGE ( 'NONE', *, *, #2023, .F. ) ;
#2006 = EDGE_CURVE ( 'NONE', #257, #861, #7312, .T. ) ;
#2007 = VECTOR ( 'NONE', #2699, 1000.000000000000000 ) ;
#2008 = UNCERTAINTY_MEASURE_WITH_UNIT (LENGTH_MEASURE( 1.000000000000000082E-05 ), #1974, 'distance_accuracy_value', 'NONE');
#2009 = LINE ( 'NONE', #2634, #5827 ) ;
#2010 = LINE ( 'NONE', #5475, #5985 ) ;
#2011 = CARTESIAN_POINT ( 'NONE',  ( 1.875000000000001110, -0.1000000000000000333, -3.499999999999999112 ) ) ;
#2012 = VECTOR ( 'NONE', #7286, 1000.000000000000000 ) ;
#2013 = EDGE_CURVE ( 'NONE', #6523, #7279, #2040, .T. ) ;
#2014 = CARTESIAN_POINT ( 'NONE',  ( 3.000000000000000888, 0.9000000000000001332, 3.000000000000000888 ) ) ;
#2015 = ORIENTED_EDGE ( 'NONE', *, *, #2208, .F. ) ;
#2016 = DIRECTION ( 'NONE',  ( 0.0000000000000000000, 0.0000000000000000000, 1.000000000000000000 ) ) ;
#2017 = CARTESIAN_POINT ( 'NONE',  ( -1.874999999999997335, -0.1000000000000000056, 0.0000000000000000000 ) ) ;
#2018 = DIRECTION ( 'NONE',  ( 0.0000000000000000000, 0.0000000000000000000, 1.000000000000000000 ) ) ;
#2019 = VERTEX_POINT ( 'NONE', #985 ) ;
#2020 = ORIENTED_EDGE ( 'NONE', *, *, #3174, .F. ) ;
#2021 = DIRECTION ( 'NONE',  ( 0.0000000000000000000, 1.000000000000000000, 0.0000000000000000000 ) ) ;
#2022 = DIRECTION ( 'NONE',  ( 1.000000000000000000, 0.0000000000000000000, -0.0000000000000000000 ) ) ;
#2023 = EDGE_CURVE ( 'NONE', #2508, #4541, #2193, .T. ) ;
#2024 = PLANE ( 'NONE',  #2572 ) ;
#2025 = CARTESIAN_POINT ( 'NONE',  ( 2.124999999999999556, 1.000000000000000000, 3.500000000000000888 ) ) ;
#2026 = FACE_OUTER_BOUND ( 'NONE', #2476, .T. ) ;
#2027 = VERTEX_POINT ( 'NONE', #2236 ) ;
#2028 = AXIS2_PLACEMENT_3D ( 'NONE', #4424, #6590, #3850 ) ;
#2029 = LINE ( 'NONE', #4929, #3581 ) ;
#2030 = CIRCLE ( 'NONE', #3024, 0.1249999999999992506 ) ;
#2031 = ORIENTED_EDGE ( 'NONE', *, *, #5872, .F. ) ;
#2032 = CARTESIAN_POINT ( 'NONE',  ( -3.224999999999998757, 0.0000000000000000000, -0.6250000000000016653 ) ) ;
#2033 = FACE_OUTER_BOUND ( 'NONE', #3783, .T. ) ;
#2034 = VERTEX_POINT ( 'NONE', #5761 ) ;
#2035 = LINE ( 'NONE', #2737, #174 ) ;
#2036 = VERTEX_POINT ( 'NONE', #539 ) ;
#2037 = CARTESIAN_POINT ( 'NONE',  ( -2.956915015869555306E-16, 0.0000000000000000000, 0.3750000000000009437 ) ) ;
#2038 = ORIENTED_EDGE ( 'NONE', *, *, #1676, .F. ) ;
#2039 = EDGE_CURVE ( 'NONE', #4716, #5130, #6175, .T. ) ;
#2040 = LINE ( 'NONE', #242, #3487 ) ;
#2041 = CARTESIAN_POINT ( 'NONE',  ( 6.702340702637634371E-15, -0.1000000000000000056, -2.125000000000007994 ) ) ;
#2042 = CARTESIAN_POINT ( 'NONE',  ( -0.1249999999999988065, 0.0000000000000000000, 0.0000000000000000000 ) ) ;
#2043 = ORIENTED_EDGE ( 'NONE', *, *, #2544, .T. ) ;
#2044 = CARTESIAN_POINT ( 'NONE',  ( 3.500000000000000888, -0.1000000000000000472, -3.499999999999999112 ) ) ;
#2045 = EDGE_CURVE ( 'NONE', #5453, #4128, #4471, .T. ) ;
#2046 = CARTESIAN_POINT ( 'NONE',  ( 1.124999999999999778, 0.0000000000000000000, 3.500000000000000888 ) ) ;
#2047 = EDGE_CURVE ( 'NONE', #3589, #2731, #2275, .T. ) ;
#2048 = CARTESIAN_POINT ( 'NONE',  ( 3.225000000000001421, -0.1000000000000000056, 0.6250000000000028866 ) ) ;
#2049 = CARTESIAN_POINT ( 'NONE',  ( 0.1250000000000003608, -0.1000000000000000056, 1.232047923278983432E-17 ) ) ;
#2050 = EDGE_LOOP ( 'NONE', ( #6275, #6210, #2140, #6106 ) ) ;
#2051 = DIRECTION ( 'NONE',  ( 0.0000000000000000000, 0.0000000000000000000, -1.000000000000000000 ) ) ;
#2052 = AXIS2_PLACEMENT_3D ( 'NONE', #7053, #5358, #4717 ) ;
#2053 = LINE ( 'NONE', #3799, #4087 ) ;
#2054 = LINE ( 'NONE', #5483, #7241 ) ;
#2055 = ORIENTED_EDGE ( 'NONE', *, *, #1479, .F. ) ;
#2056 = LINE ( 'NONE', #4378, #4855 ) ;
#2057 = EDGE_CURVE ( 'NONE', #4858, #6634, #5087, .T. ) ;
#2058 = CIRCLE ( 'NONE', #2447, 0.1249999999999992506 ) ;
#2059 = CYLINDRICAL_SURFACE ( 'NONE', #269, 0.1249999999999996808 ) ;
#2060 = EDGE_CURVE ( 'NONE', #6600, #4523, #6862, .T. ) ;
#2061 = DIRECTION ( 'NONE',  ( -0.0000000000000000000, -1.000000000000000000, -0.0000000000000000000 ) ) ;
#2062 = CARTESIAN_POINT ( 'NONE',  ( -0.1250000000000002220, -0.1000000000000000056, 0.0000000000000000000 ) ) ;
#2063 = AXIS2_PLACEMENT_3D ( 'NONE', #2746, #3912, #1662 ) ;
#2064 = DIRECTION ( 'NONE',  ( 0.0000000000000000000, -0.0000000000000000000, -1.000000000000000000 ) ) ;
#2065 = ORIENTED_EDGE ( 'NONE', *, *, #5082, .T. ) ;
#2066 = ADVANCED_FACE ( 'NONE', ( #5650 ), #7418, .T. ) ;
#2067 = CARTESIAN_POINT ( 'NONE',  ( 3.500000000000000888, -0.1000000000000000333, -2.124999999999997335 ) ) ;
#2068 = AXIS2_PLACEMENT_3D ( 'NONE', #7033, #1675, #4149 ) ;
#2069 = VECTOR ( 'NONE', #3444, 1000.000000000000000 ) ;
#2070 = ORIENTED_EDGE ( 'NONE', *, *, #6188, .F. ) ;
#2071 = CARTESIAN_POINT ( 'NONE',  ( -0.7500000000000002220, 0.0000000000000000000, 3.225000000000000533 ) ) ;
#2072 = ORIENTED_EDGE ( 'NONE', *, *, #6485, .F. ) ;
#2073 = ORIENTED_EDGE ( 'NONE', *, *, #4321, .T. ) ;
#2074 = FACE_OUTER_BOUND ( 'NONE', #6597, .T. ) ;
#2075 = DIRECTION ( 'NONE',  ( 1.000000000000000000, 0.0000000000000000000, -0.0000000000000000000 ) ) ;
#2076 = ORIENTED_EDGE ( 'NONE', *, *, #5213, .F. ) ;
#2077 = AXIS2_PLACEMENT_3D ( 'NONE', #3838, #2321, #6156 ) ;
#2078 = EDGE_CURVE ( 'NONE', #4716, #6240, #6825, .T. ) ;
#2079 = DIRECTION ( 'NONE',  ( 1.000000000000000000, 0.0000000000000000000, -0.0000000000000000000 ) ) ;
#2080 =( GEOMETRIC_REPRESENTATION_CONTEXT ( 3 ) GLOBAL_UNCERTAINTY_ASSIGNED_CONTEXT ( ( #5063 ) ) GLOBAL_UNIT_ASSIGNED_CONTEXT ( ( #1177, #3521, #6969 ) ) REPRESENTATION_CONTEXT ( 'NONE', 'WORKASPACE' ) );
#2081 = CARTESIAN_POINT ( 'NONE',  ( -3.224999999999998757, -0.1000000000000000056, 0.8749999999999984457 ) ) ;
#2082 = CARTESIAN_POINT ( 'NONE',  ( 2.750000000000000888, -0.1000000000000000056, -2.499999999999998224 ) ) ;
#2083 = ORIENTED_EDGE ( 'NONE', *, *, #4478, .T. ) ;
#2084 = ADVANCED_FACE ( 'NONE', ( #3974 ), #3941, .T. ) ;
#2085 = EDGE_CURVE ( 'NONE', #6713, #3114, #5197, .T. ) ;
#2086 = DIRECTION ( 'NONE',  ( 0.0000000000000000000, 1.000000000000000000, 0.0000000000000000000 ) ) ;
#2087 = DIRECTION ( 'NONE',  ( -1.000000000000000000, 0.0000000000000000000, -3.154042683594169187E-15 ) ) ;
#2088 = CARTESIAN_POINT ( 'NONE',  ( 0.0000000000000000000, 0.0000000000000000000, 2.625000000000002665 ) ) ;
#2089 = CARTESIAN_POINT ( 'NONE',  ( 0.1250000000000000278, 0.0000000000000000000, 3.225000000000000533 ) ) ;
#2090 = VERTEX_POINT ( 'NONE', #2776 ) ;
#2091 = VECTOR ( 'NONE', #4791, 1000.000000000000000 ) ;
#2092 = LINE ( 'NONE', #2174, #5011 ) ;
#2093 = LINE ( 'NONE', #3278, #6750 ) ;
#2094 = ORIENTED_EDGE ( 'NONE', *, *, #7104, .F. ) ;
#2095 = LINE ( 'NONE', #1402, #2903 ) ;
#2096 = EDGE_LOOP ( 'NONE', ( #7316, #3216, #3611, #1247 ) ) ;
#2097 = EDGE_CURVE ( 'NONE', #60, #6994, #7381, .T. ) ;
#2098 = EDGE_CURVE ( 'NONE', #6354, #3955, #4447, .T. ) ;
#2099 = CARTESIAN_POINT ( 'NONE',  ( -0.6249999999999988898, -0.1000000000000000056, -2.464095846557955524E-16 ) ) ;
#2100 = ORIENTED_EDGE ( 'NONE', *, *, #508, .F. ) ;
#2101 = CARTESIAN_POINT ( 'NONE',  ( -0.3750000000000002220, 0.0000000000000000000, 0.0000000000000000000 ) ) ;
#2102 = FACE_OUTER_BOUND ( 'NONE', #7450, .T. ) ;
#2103 = CARTESIAN_POINT ( 'NONE',  ( 0.0000000000000000000, -0.1000000000000000056, -2.375000000000002220 ) ) ;
#2104 = DIRECTION ( 'NONE',  ( 0.0000000000000000000, 0.0000000000000000000, 1.000000000000000000 ) ) ;
#2105 = VECTOR ( 'NONE', #6997, 1000.000000000000000 ) ;
#2106 = ORIENTED_EDGE ( 'NONE', *, *, #2444, .T. ) ;
#2107 = EDGE_CURVE ( 'NONE', #793, #4362, #5156, .T. ) ;
#2108 = DIRECTION ( 'NONE',  ( 0.0000000000000000000, 0.0000000000000000000, 1.000000000000000000 ) ) ;
#2109 = VECTOR ( 'NONE', #1159, 1000.000000000000000 ) ;
#2110 = ORIENTED_EDGE ( 'NONE', *, *, #1750, .T. ) ;
#2111 = EDGE_CURVE ( 'NONE', #1998, #6550, #6900, .T. ) ;
#2112 = PLANE ( 'NONE',  #2580 ) ;
#2113 = EDGE_CURVE ( 'NONE', #239, #4806, #1724, .T. ) ;
#2114 = CARTESIAN_POINT ( 'NONE',  ( 2.375000000000000000, -0.1000000000000000056, 3.225000000000000533 ) ) ;
#2115 = DIRECTION ( 'NONE',  ( 0.0000000000000000000, 0.0000000000000000000, 1.000000000000000000 ) ) ;
#2116 = ORIENTED_EDGE ( 'NONE', *, *, #6552, .F. ) ;
#2117 = LINE ( 'NONE', #6103, #5657 ) ;
#2118 = ORIENTED_EDGE ( 'NONE', *, *, #5613, .T. ) ;
#2119 = LINE ( 'NONE', #1997, #2800 ) ;
#2120 = EDGE_LOOP ( 'NONE', ( #1012, #4066, #4897, #2774 ) ) ;
#2121 = CARTESIAN_POINT ( 'NONE',  ( 3.000000000000000888, 0.9000000000000001332, 3.000000000000000888 ) ) ;
#2122 = VECTOR ( 'NONE', #674, 1000.000000000000000 ) ;
#2123 = EDGE_CURVE ( 'NONE', #1531, #1066, #1276, .T. ) ;
#2124 = ORIENTED_EDGE ( 'NONE', *, *, #6320, .F. ) ;
#2125 = FACE_BOUND ( 'NONE', #967, .T. ) ;
#2126 = DIRECTION ( 'NONE',  ( -0.0000000000000000000, 0.0000000000000000000, 1.000000000000000000 ) ) ;
#2127 = EDGE_LOOP ( 'NONE', ( #4576, #4366, #6586, #5928 ) ) ;
#2128 = CARTESIAN_POINT ( 'NONE',  ( -3.499999999999999112, 0.0000000000000000000, -2.625000000000001332 ) ) ;
#2129 = VECTOR ( 'NONE', #3680, 1000.000000000000000 ) ;
#2130 = VECTOR ( 'NONE', #7143, 1000.000000000000000 ) ;
#2131 = CARTESIAN_POINT ( 'NONE',  ( 2.375000000000000000, -0.1000000000000000056, 0.0000000000000000000 ) ) ;
#2132 = CARTESIAN_POINT ( 'NONE',  ( -3.499999999999999112, -0.1000000000000000333, -2.875000000000001332 ) ) ;
#2133 = ADVANCED_FACE ( 'NONE', ( #2734 ), #5047, .T. ) ;
#2134 = LINE ( 'NONE', #1548, #2340 ) ;
#2135 = ORIENTED_EDGE ( 'NONE', *, *, #1318, .F. ) ;
#2136 = VECTOR ( 'NONE', #2517, 1000.000000000000000 ) ;
#2137 = DIRECTION ( 'NONE',  ( -1.239088197126291063E-16, 0.0000000000000000000, -1.000000000000000000 ) ) ;
#2138 = CARTESIAN_POINT ( 'NONE',  ( -1.124999999999998890, 0.0000000000000000000, -3.499999999999999112 ) ) ;
#2139 = LINE ( 'NONE', #1553, #2168 ) ;
#2140 = ORIENTED_EDGE ( 'NONE', *, *, #1947, .T. ) ;
#2141 = AXIS2_PLACEMENT_3D ( 'NONE', #6678, #6029, #2593 ) ;
#2142 = FACE_OUTER_BOUND ( 'NONE', #3682, .T. ) ;
#2143 = CARTESIAN_POINT ( 'NONE',  ( -3.224999999999998757, -0.1000000000000000056, 2.624999999999997780 ) ) ;
#2144 = ADVANCED_FACE ( 'NONE', ( #1253 ), #6446, .T. ) ;
#2145 = PLANE ( 'NONE',  #5946 ) ;
#2146 = DIRECTION ( 'NONE',  ( 0.0000000000000000000, 1.000000000000000000, -0.0000000000000000000 ) ) ;
#2147 = PRESENTATION_STYLE_ASSIGNMENT (( #3333 ) ) ;
#2148 = FACE_OUTER_BOUND ( 'NONE', #4749, .T. ) ;
#2149 = VECTOR ( 'NONE', #3413, 1000.000000000000000 ) ;
#2150 = VERTEX_POINT ( 'NONE', #10 ) ;
#2151 = EDGE_CURVE ( 'NONE', #2187, #2090, #3604, .T. ) ;
#2152 = FACE_OUTER_BOUND ( 'NONE', #7406, .T. ) ;
#2153 = ORIENTED_EDGE ( 'NONE', *, *, #1947, .F. ) ;
#2154 = CARTESIAN_POINT ( 'NONE',  ( 2.750000000000000000, -0.1000000000000000056, 3.225000000000000533 ) ) ;
#2155 = DIRECTION ( 'NONE',  ( 1.000000000000000000, 0.0000000000000000000, -1.577021341797097215E-15 ) ) ;
#2156 = ORIENTED_EDGE ( 'NONE', *, *, #2599, .T. ) ;
#2157 = LINE ( 'NONE', #3342, #3478 ) ;
#2158 = CARTESIAN_POINT ( 'NONE',  ( -3.499999999999998668, 0.0000000000000000000, 0.8749999999999985567 ) ) ;
#2159 = ORIENTED_EDGE ( 'NONE', *, *, #4701, .F. ) ;
#2160 = EDGE_CURVE ( 'NONE', #6591, #1419, #4302, .T. ) ;
#2161 = ADVANCED_FACE ( 'NONE', ( #6408 ), #1178, .T. ) ;
#2162 = AXIS2_PLACEMENT_3D ( 'NONE', #2577, #3145, #6091 ) ;
#2163 = CARTESIAN_POINT ( 'NONE',  ( 3.225000000000001421, -0.1000000000000000056, -1.374999999999997335 ) ) ;
#2164 = VERTEX_POINT ( 'NONE', #2955 ) ;
#2165 = CARTESIAN_POINT ( 'NONE',  ( -0.3749999999999972800, 0.0000000000000000000, 0.0000000000000000000 ) ) ;
#2166 = DIRECTION ( 'NONE',  ( 0.0000000000000000000, 0.0000000000000000000, -1.000000000000000000 ) ) ;
#2167 = ORIENTED_EDGE ( 'NONE', *, *, #7145, .T. ) ;
#2168 = VECTOR ( 'NONE', #6985, 1000.000000000000000 ) ;
#2169 = CARTESIAN_POINT ( 'NONE',  ( 0.0000000000000000000, -0.1000000000000000056, 0.8749999999999984457 ) ) ;
#2170 = DIRECTION ( 'NONE',  ( 0.0000000000000000000, 0.0000000000000000000, 1.000000000000000000 ) ) ;
#2171 = LINE ( 'NONE', #6799, #2514 ) ;
#2172 = LINE ( 'NONE', #4488, #6811 ) ;
#2173 = ORIENTED_EDGE ( 'NONE', *, *, #1273, .T. ) ;
#2174 = CARTESIAN_POINT ( 'NONE',  ( -3.499999999999998668, 1.000000000000000000, -1.375000000000001554 ) ) ;
#2175 = DIRECTION ( 'NONE',  ( 0.0000000000000000000, -0.0000000000000000000, -1.000000000000000000 ) ) ;
#2176 = ORIENTED_EDGE ( 'NONE', *, *, #6640, .F. ) ;
#2177 = DIRECTION ( 'NONE',  ( 0.0000000000000000000, 0.0000000000000000000, 1.000000000000000000 ) ) ;
#2178 = EDGE_LOOP ( 'NONE', ( #6200, #1790, #5658, #5907 ) ) ;
#2179 = CARTESIAN_POINT ( 'NONE',  ( -1.749999999999998002, -0.1000000000000000056, -3.224999999999995204 ) ) ;
#2180 = ORIENTED_EDGE ( 'NONE', *, *, #361, .T. ) ;
#2181 = EDGE_CURVE ( 'NONE', #3114, #1486, #4669, .T. ) ;
#2182 = PLANE ( 'NONE',  #6234 ) ;
#2183 = DIRECTION ( 'NONE',  ( 0.0000000000000000000, 0.0000000000000000000, 1.000000000000000000 ) ) ;
#2184 = LINE ( 'NONE', #2688, #6680 ) ;
#2185 = CARTESIAN_POINT ( 'NONE',  ( 3.225000000000001421, -0.1000000000000000056, 2.125000000000002665 ) ) ;
#2186 = LINE ( 'NONE', #1643, #6526 ) ;
#2187 = VERTEX_POINT ( 'NONE', #3597 ) ;
#2188 = AXIS2_PLACEMENT_3D ( 'NONE', #7405, #7440, #2222 ) ;
#2189 = CARTESIAN_POINT ( 'NONE',  ( -3.499999999999998668, 0.0000000000000000000, 0.0000000000000000000 ) ) ;
#2190 = ORIENTED_EDGE ( 'NONE', *, *, #5756, .T. ) ;
#2191 = CIRCLE ( 'NONE', #2452, 0.1249999999999992506 ) ;
#2192 = CARTESIAN_POINT ( 'NONE',  ( 2.124999999999999556, -0.1000000000000000056, 0.0000000000000000000 ) ) ;
#2193 = LINE ( 'NONE', #3898, #179 ) ;
#2194 = LINE ( 'NONE', #4628, #3335 ) ;
#2195 = ORIENTED_EDGE ( 'NONE', *, *, #4520, .F. ) ;
#2196 = EDGE_CURVE ( 'NONE', #2471, #4777, #5444, .T. ) ;
#2197 = CARTESIAN_POINT ( 'NONE',  ( -0.2499999999999980571, -0.1000000000000000056, -3.224999999999995204 ) ) ;
#2198 = ORIENTED_EDGE ( 'NONE', *, *, #2625, .T. ) ;
#2199 = FACE_OUTER_BOUND ( 'NONE', #1801, .T. ) ;
#2200 = ORIENTED_EDGE ( 'NONE', *, *, #6376, .F. ) ;
#2201 = ADVANCED_FACE ( 'NONE', ( #5236 ), #7213, .T. ) ;
#2202 = VECTOR ( 'NONE', #2519, 1000.000000000000000 ) ;
#2203 = VERTEX_POINT ( 'NONE', #1762 ) ;
#2204 = ORIENTED_EDGE ( 'NONE', *, *, #4467, .T. ) ;
#2205 = CARTESIAN_POINT ( 'NONE',  ( 3.225000000000001421, 0.0000000000000000000, -0.3749999999999971689 ) ) ;
#2206 =( GEOMETRIC_REPRESENTATION_CONTEXT ( 3 ) GLOBAL_UNCERTAINTY_ASSIGNED_CONTEXT ( ( #1933 ) ) GLOBAL_UNIT_ASSIGNED_CONTEXT ( ( #3651, #5960, #1939 ) ) REPRESENTATION_CONTEXT ( 'NONE', 'WORKASPACE' ) );
#2207 = CARTESIAN_POINT ( 'NONE',  ( 3.500000000000001776, 0.0000000000000000000, 2.375000000000002220 ) ) ;
#2208 = EDGE_CURVE ( 'NONE', #1221, #685, #6368, .T. ) ;
#2209 = ORIENTED_EDGE ( 'NONE', *, *, #7332, .T. ) ;
#2210 = LINE ( 'NONE', #3951, #3529 ) ;
#2211 = VECTOR ( 'NONE', #5724, 1000.000000000000000 ) ;
#2212 = LINE ( 'NONE', #3953, #3807 ) ;
#2213 = DIRECTION ( 'NONE',  ( 0.0000000000000000000, 0.0000000000000000000, 1.000000000000000000 ) ) ;
#2214 = ORIENTED_EDGE ( 'NONE', *, *, #418, .F. ) ;
#2215 = EDGE_CURVE ( 'NONE', #1613, #6600, #4124, .T. ) ;
#2216 = CARTESIAN_POINT ( 'NONE',  ( -3.224999999999998757, -0.1000000000000000056, 1.874999999999998446 ) ) ;
#2217 = LINE ( 'NONE', #5746, #4580 ) ;
#2218 = EDGE_CURVE ( 'NONE', #149, #157, #3522, .T. ) ;
#2219 = ORIENTED_EDGE ( 'NONE', *, *, #6495, .F. ) ;
#2220 = AXIS2_PLACEMENT_3D ( 'NONE', #636, #6475, #2950 ) ;
#2221 = ORIENTED_EDGE ( 'NONE', *, *, #1908, .F. ) ;
#2222 = DIRECTION ( 'NONE',  ( 0.0000000000000000000, 0.0000000000000000000, -1.000000000000000000 ) ) ;
#2223 = EDGE_LOOP ( 'NONE', ( #5120, #6792, #5343, #7119 ) ) ;
#2224 = CARTESIAN_POINT ( 'NONE',  ( 2.499999999999998668, -0.1000000000000000056, -2.750000000000000000 ) ) ;
#2225 = LINE ( 'NONE', #4544, #2869 ) ;
#2226 = VECTOR ( 'NONE', #3121, 1000.000000000000000 ) ;
#2227 = CARTESIAN_POINT ( 'NONE',  ( 1.750000000000001998, -0.1000000000000000056, -3.224999999999995204 ) ) ;
#2228 = CARTESIAN_POINT ( 'NONE',  ( -2.875000000000000444, 0.0000000000000000000, 3.225000000000000533 ) ) ;
#2229 = CARTESIAN_POINT ( 'NONE',  ( 0.0000000000000000000, 0.0000000000000000000, 0.0000000000000000000 ) ) ;
#2230 = CARTESIAN_POINT ( 'NONE',  ( 0.7500000000000019984, -0.1000000000000000056, -3.224999999999995204 ) ) ;
#2231 = EDGE_LOOP ( 'NONE', ( #6311, #3736, #1917, #3170 ) ) ;
#2232 = VECTOR ( 'NONE', #2407, 1000.000000000000000 ) ;
#2233 = PLANE ( 'NONE',  #3812 ) ;
#2234 = EDGE_LOOP ( 'NONE', ( #1399, #1883, #5817, #2778 ) ) ;
#2235 = DIRECTION ( 'NONE',  ( 0.0000000000000000000, 0.0000000000000000000, -1.000000000000000000 ) ) ;
#2236 = CARTESIAN_POINT ( 'NONE',  ( 3.225000000000001421, -0.1000000000000000056, -2.374999999999997335 ) ) ;
#2237 = ORIENTED_EDGE ( 'NONE', *, *, #2892, .T. ) ;
#2238 = CARTESIAN_POINT ( 'NONE',  ( 1.375000000000001332, -0.1000000000000000056, 0.0000000000000000000 ) ) ;
#2239 = ORIENTED_EDGE ( 'NONE', *, *, #4891, .F. ) ;
#2240 = AXIS2_PLACEMENT_3D ( 'NONE', #6293, #1059, #986 ) ;
#2241 = ORIENTED_EDGE ( 'NONE', *, *, #7236, .F. ) ;
#2242 = EDGE_CURVE ( 'NONE', #5940, #1241, #215, .T. ) ;
#2243 = ORIENTED_EDGE ( 'NONE', *, *, #5792, .F. ) ;
#2244 = CARTESIAN_POINT ( 'NONE',  ( -2.624999999999998668, -0.1000000000000000333, -3.499999999999999112 ) ) ;
#2245 = LINE ( 'NONE', #1659, #2874 ) ;
#2246 = VECTOR ( 'NONE', #1898, 1000.000000000000000 ) ;
#2247 = ORIENTED_EDGE ( 'NONE', *, *, #2622, .F. ) ;
#2248 = UNCERTAINTY_MEASURE_WITH_UNIT (LENGTH_MEASURE( 1.000000000000000082E-05 ), #4460, 'distance_accuracy_value', 'NONE');
#2249 = CARTESIAN_POINT ( 'NONE',  ( -1.124999999999998890, -0.1000000000000000333, -3.499999999999999112 ) ) ;
#2250 = EDGE_CURVE ( 'NONE', #7467, #2588, #4328, .T. ) ;
#2251 = VECTOR ( 'NONE', #3559, 1000.000000000000000 ) ;
#2252 = FACE_OUTER_BOUND ( 'NONE', #2231, .T. ) ;
#2253 = FACE_OUTER_BOUND ( 'NONE', #873, .T. ) ;
#2254 = DIRECTION ( 'NONE',  ( -0.0000000000000000000, -1.000000000000000000, -0.0000000000000000000 ) ) ;
#2255 = DIRECTION ( 'NONE',  ( 0.0000000000000000000, 0.0000000000000000000, 1.000000000000000000 ) ) ;
#2256 = AXIS2_PLACEMENT_3D ( 'NONE', #6891, #2421, #3479 ) ;
#2257 = ORIENTED_EDGE ( 'NONE', *, *, #5455, .F. ) ;
#2258 = CARTESIAN_POINT ( 'NONE',  ( 3.225000000000001421, -0.1000000000000000056, -0.3749999999999971689 ) ) ;
#2259 = VERTEX_POINT ( 'NONE', #5481 ) ;
#2260 = EDGE_CURVE ( 'NONE', #3415, #6585, #5162, .T. ) ;
#2261 = CARTESIAN_POINT ( 'NONE',  ( -2.125000000000000000, 1.000000000000000000, 3.500000000000000888 ) ) ;
#2262 = AXIS2_PLACEMENT_3D ( 'NONE', #4142, #1854, #4181 ) ;
#2263 = PLANE ( 'NONE',  #1879 ) ;
#2264 = VECTOR ( 'NONE', #4799, 1000.000000000000000 ) ;
#2265 = DIRECTION ( 'NONE',  ( -0.0000000000000000000, -1.000000000000000000, -0.0000000000000000000 ) ) ;
#2266 = DIRECTION ( 'NONE',  ( 0.0000000000000000000, 1.000000000000000000, 0.0000000000000000000 ) ) ;
#2267 = DIRECTION ( 'NONE',  ( 0.0000000000000000000, -1.000000000000000000, 0.0000000000000000000 ) ) ;
#2268 = ORIENTED_EDGE ( 'NONE', *, *, #6659, .T. ) ;
#2269 = CARTESIAN_POINT ( 'NONE',  ( 1.125000000000002442, -0.1000000000000000333, -3.499999999999999112 ) ) ;
#2270 = AXIS2_PLACEMENT_3D ( 'NONE', #756, #200, #7158 ) ;
#2271 = VECTOR ( 'NONE', #6604, 1000.000000000000000 ) ;
#2272 = DIRECTION ( 'NONE',  ( 1.000000000000000000, 0.0000000000000000000, -0.0000000000000000000 ) ) ;
#2273 = CARTESIAN_POINT ( 'NONE',  ( 3.225000000000001421, 0.0000000000000000000, 0.8750000000000022204 ) ) ;
#2274 = AXIS2_PLACEMENT_3D ( 'NONE', #2568, #3725, #5273 ) ;
#2275 = LINE ( 'NONE', #1609, #6392 ) ;
#2276 = VERTEX_POINT ( 'NONE', #7177 ) ;
#2277 = CARTESIAN_POINT ( 'NONE',  ( 2.874999999999999556, -0.1000000000000000056, 3.225000000000000533 ) ) ;
#2278 = ORIENTED_EDGE ( 'NONE', *, *, #4444, .T. ) ;
#2279 = DIRECTION ( 'NONE',  ( -0.0000000000000000000, 0.0000000000000000000, 1.000000000000000000 ) ) ;
#2280 = EDGE_LOOP ( 'NONE', ( #2339, #421, #4552, #6769, #3009 ) ) ;
#2281 = ADVANCED_FACE ( 'NONE', ( #575 ), #1979, .T. ) ;
#2282 = ORIENTED_EDGE ( 'NONE', *, *, #6053, .F. ) ;
#2283 = ORIENTED_EDGE ( 'NONE', *, *, #1441, .T. ) ;
#2284 = ORIENTED_EDGE ( 'NONE', *, *, #3094, .F. ) ;
#2285 = DIRECTION ( 'NONE',  ( -1.000000000000000000, 0.0000000000000000000, -0.0000000000000000000 ) ) ;
#2286 = DIRECTION ( 'NONE',  ( -0.0000000000000000000, -1.000000000000000000, 0.0000000000000000000 ) ) ;
#2287 = VERTEX_POINT ( 'NONE', #645 ) ;
#2288 = VECTOR ( 'NONE', #4273, 1000.000000000000000 ) ;
#2289 = EDGE_CURVE ( 'NONE', #199, #4013, #3167, .T. ) ;
#2290 = DIRECTION ( 'NONE',  ( 0.0000000000000000000, -1.000000000000000000, 0.0000000000000000000 ) ) ;
#2291 = DIRECTION ( 'NONE',  ( 0.0000000000000000000, -0.0000000000000000000, 1.000000000000000000 ) ) ;
#2292 = VECTOR ( 'NONE', #7036, 1000.000000000000000 ) ;
#2293 = EDGE_LOOP ( 'NONE', ( #3742, #5061, #4327, #2015 ) ) ;
#2294 = DIRECTION ( 'NONE',  ( 0.0000000000000000000, -0.0000000000000000000, -1.000000000000000000 ) ) ;
#2295 = ORIENTED_EDGE ( 'NONE', *, *, #3536, .F. ) ;
#2296 = ADVANCED_FACE ( 'NONE', ( #4914 ), #3492, .T. ) ;
#2297 = ORIENTED_EDGE ( 'NONE', *, *, #5370, .T. ) ;
#2298 = FACE_OUTER_BOUND ( 'NONE', #1109, .T. ) ;
#2299 = ORIENTED_EDGE ( 'NONE', *, *, #5330, .F. ) ;
#2300 = ADVANCED_FACE ( 'NONE', ( #3841 ), #1511, .T. ) ;
#2301 = LINE ( 'NONE', #1712, #5025 ) ;
#2302 = LINE ( 'NONE', #6852, #5286 ) ;
#2303 = CARTESIAN_POINT ( 'NONE',  ( -1.749999999999998002, -0.1000000000000000056, -3.099999999999996092 ) ) ;
#2304 = LINE ( 'NONE', #5860, #617 ) ;
#2305 = EDGE_CURVE ( 'NONE', #470, #1613, #1551, .T. ) ;
#2306 = CYLINDRICAL_SURFACE ( 'NONE', #1289, 0.1250000000000001110 ) ;
#2307 = EDGE_CURVE ( 'NONE', #972, #7279, #7366, .T. ) ;
#2308 = VERTEX_POINT ( 'NONE', #2138 ) ;
#2309 = EDGE_CURVE ( 'NONE', #4439, #3556, #4492, .T. ) ;
#2310 = CARTESIAN_POINT ( 'NONE',  ( -2.249999999999998224, -0.1000000000000000056, -3.224999999999995204 ) ) ;
#2311 = CARTESIAN_POINT ( 'NONE',  ( -2.750000000000001332, -0.1000000000000000056, 2.499999999999998224 ) ) ;
#2312 = DIRECTION ( 'NONE',  ( -1.000000000000000000, -0.0000000000000000000, -0.0000000000000000000 ) ) ;
#2313 = CARTESIAN_POINT ( 'NONE',  ( 0.0000000000000000000, 0.0000000000000000000, -1.375000000000001776 ) ) ;
#2314 = ORIENTED_EDGE ( 'NONE', *, *, #5872, .T. ) ;
#2315 = VECTOR ( 'NONE', #6055, 1000.000000000000000 ) ;
#2316 = PLANE ( 'NONE',  #4808 ) ;
#2317 = EDGE_CURVE ( 'NONE', #5765, #3875, #850, .T. ) ;
#2318 = ORIENTED_EDGE ( 'NONE', *, *, #100, .T. ) ;
#2319 = VECTOR ( 'NONE', #6468, 1000.000000000000000 ) ;
#2320 = ORIENTED_EDGE ( 'NONE', *, *, #6778, .T. ) ;
#2321 = DIRECTION ( 'NONE',  ( -1.000000000000000000, 0.0000000000000000000, 0.0000000000000000000 ) ) ;
#2322 = ORIENTED_EDGE ( 'NONE', *, *, #5936, .F. ) ;
#2323 = EDGE_LOOP ( 'NONE', ( #5656, #486, #5932, #2601 ) ) ;
#2324 = LINE ( 'NONE', #1810, #253 ) ;
#2325 = PLANE ( 'NONE',  #2747 ) ;
#2326 = EDGE_CURVE ( 'NONE', #7438, #1971, #7354, .T. ) ;
#2327 = ORIENTED_EDGE ( 'NONE', *, *, #4663, .F. ) ;
#2328 = CARTESIAN_POINT ( 'NONE',  ( -3.224999999999998757, -0.1000000000000000056, -1.625000000000001554 ) ) ;
#2329 = VECTOR ( 'NONE', #6609, 1000.000000000000000 ) ;
#2330 = DIRECTION ( 'NONE',  ( 0.0000000000000000000, 0.0000000000000000000, -1.000000000000000000 ) ) ;
#2331 = CARTESIAN_POINT ( 'NONE',  ( -0.8750000000000003331, 0.0000000000000000000, 3.500000000000000888 ) ) ;
#2332 = VECTOR ( 'NONE', #634, 1000.000000000000000 ) ;
#2333 = VERTEX_POINT ( 'NONE', #5630 ) ;
#2334 = CARTESIAN_POINT ( 'NONE',  ( 0.0000000000000000000, 0.0000000000000000000, -3.499999999999999112 ) ) ;
#2335 = FACE_OUTER_BOUND ( 'NONE', #7413, .T. ) ;
#2336 = EDGE_CURVE ( 'NONE', #4285, #4541, #2053, .T. ) ;
#2337 = ORIENTED_EDGE ( 'NONE', *, *, #2685, .T. ) ;
#2338 = DIRECTION ( 'NONE',  ( -1.000000000000000000, 0.0000000000000000000, -3.154042683594174709E-15 ) ) ;
#2339 = ORIENTED_EDGE ( 'NONE', *, *, #3110, .T. ) ;
#2340 = VECTOR ( 'NONE', #3917, 1000.000000000000000 ) ;
#2341 = EDGE_CURVE ( 'NONE', #1919, #5633, #5515, .T. ) ;
#2342 = CARTESIAN_POINT ( 'NONE',  ( 0.0000000000000000000, 0.0000000000000000000, 3.500000000000000888 ) ) ;
#2343 = DIRECTION ( 'NONE',  ( 0.0000000000000000000, 0.0000000000000000000, 1.000000000000000000 ) ) ;
#2344 = VECTOR ( 'NONE', #6707, 1000.000000000000000 ) ;
#2345 = CYLINDRICAL_SURFACE ( 'NONE', #2220, 0.1250000000000001110 ) ;
#2346 = EDGE_CURVE ( 'NONE', #2471, #470, #2093, .T. ) ;
#2347 = EDGE_CURVE ( 'NONE', #4754, #4267, #4955, .T. ) ;
#2348 = PLANE ( 'NONE',  #1294 ) ;
#2349 = ORIENTED_EDGE ( 'NONE', *, *, #4611, .T. ) ;
#2350 = EDGE_LOOP ( 'NONE', ( #3432, #3727, #4355, #4017 ) ) ;
#2351 = CIRCLE ( 'NONE', #3433, 0.1250000000000001110 ) ;
#2352 = CARTESIAN_POINT ( 'NONE',  ( 3.225000000000001421, 0.0000000000000000000, 2.125000000000002665 ) ) ;
#2353 = CARTESIAN_POINT ( 'NONE',  ( 5.125319360840550566E-15, 0.0000000000000000000, -1.625000000000008216 ) ) ;
#2354 = DIRECTION ( 'NONE',  ( 1.000000000000000000, -0.0000000000000000000, 0.0000000000000000000 ) ) ;
#2355 = DIRECTION ( 'NONE',  ( -0.0000000000000000000, -1.000000000000000000, -0.0000000000000000000 ) ) ;
#2356 = EDGE_CURVE ( 'NONE', #3434, #1501, #1437, .T. ) ;
#2357 = ORIENTED_EDGE ( 'NONE', *, *, #6206, .F. ) ;
#2358 = VECTOR ( 'NONE', #7276, 1000.000000000000000 ) ;
#2359 = DIRECTION ( 'NONE',  ( 0.0000000000000000000, 0.0000000000000000000, 1.000000000000000000 ) ) ;
#2360 = ORIENTED_EDGE ( 'NONE', *, *, #1273, .F. ) ;
#2361 = ADVANCED_FACE ( 'NONE', ( #890 ), #3243, .T. ) ;
#2362 = AXIS2_PLACEMENT_3D ( 'NONE', #3985, #4020, #1033 ) ;
#2363 = EDGE_CURVE ( 'NONE', #2034, #578, #3491, .T. ) ;
#2364 = ORIENTED_EDGE ( 'NONE', *, *, #1927, .T. ) ;
#2365 = PLANE ( 'NONE',  #2702 ) ;
#2366 = ORIENTED_EDGE ( 'NONE', *, *, #6950, .F. ) ;
#2367 = CARTESIAN_POINT ( 'NONE',  ( 3.500000000000001332, 0.0000000000000000000, -1.374999999999998002 ) ) ;
#2368 = CARTESIAN_POINT ( 'NONE',  ( -0.8750000000000002220, 0.0000000000000000000, 3.225000000000000533 ) ) ;
#2369 = ORIENTED_EDGE ( 'NONE', *, *, #3083, .F. ) ;
#2370 = LINE ( 'NONE', #6239, #4959 ) ;
#2371 = EDGE_CURVE ( 'NONE', #6848, #3348, #5029, .T. ) ;
#2372 = LINE ( 'NONE', #658, #749 ) ;
#2373 = LINE ( 'NONE', #1040, #6739 ) ;
#2374 = VECTOR ( 'NONE', #6924, 1000.000000000000000 ) ;
#2375 = CARTESIAN_POINT ( 'NONE',  ( 2.875000000000000000, 0.0000000000000000000, 3.500000000000000888 ) ) ;
#2376 = CARTESIAN_POINT ( 'NONE',  ( 3.225000000000001421, 0.0000000000000000000, -1.874999999999997335 ) ) ;
#2377 = EDGE_LOOP ( 'NONE', ( #6652, #4733, #7233, #2651 ) ) ;
#2378 = DIRECTION ( 'NONE',  ( 1.000000000000000000, -0.0000000000000000000, 0.0000000000000000000 ) ) ;
#2379 = AXIS2_PLACEMENT_3D ( 'NONE', #5791, #572, #4159 ) ;
#2380 = LINE ( 'NONE', #6316, #2105 ) ;
#2381 = CARTESIAN_POINT ( 'NONE',  ( 3.225000000000001421, -0.1000000000000000056, -0.7499999999999990008 ) ) ;
#2382 = DIRECTION ( 'NONE',  ( 0.0000000000000000000, 1.000000000000000000, 0.0000000000000000000 ) ) ;
#2383 = VERTEX_POINT ( 'NONE', #5105 ) ;
#2384 = LINE ( 'NONE', #3482, #4276 ) ;
#2385 = VECTOR ( 'NONE', #33, 1000.000000000000000 ) ;
#2386 = CARTESIAN_POINT ( 'NONE',  ( 3.225000000000001421, 0.0000000000000000000, 1.875000000000001998 ) ) ;
#2387 = ORIENTED_EDGE ( 'NONE', *, *, #1704, .F. ) ;
#2388 =( GEOMETRIC_REPRESENTATION_CONTEXT ( 3 ) GLOBAL_UNCERTAINTY_ASSIGNED_CONTEXT ( ( #6268 ) ) GLOBAL_UNIT_ASSIGNED_CONTEXT ( ( #551, #2895, #4526 ) ) REPRESENTATION_CONTEXT ( 'NONE', 'WORKASPACE' ) );
#2389 = EDGE_CURVE ( 'NONE', #5206, #6279, #407, .T. ) ;
#2390 = ADVANCED_FACE ( 'NONE', ( #1592 ), #5670, .T. ) ;
#2391 = CARTESIAN_POINT ( 'NONE',  ( -1.374999999999997113, -0.1000000000000000333, -3.499999999999999112 ) ) ;
#2392 = DIRECTION ( 'NONE',  ( 0.0000000000000000000, 1.000000000000000000, 0.0000000000000000000 ) ) ;
#2393 = FACE_OUTER_BOUND ( 'NONE', #3373, .T. ) ;
#2394 = DIRECTION ( 'NONE',  ( 0.0000000000000000000, -1.000000000000000000, 0.0000000000000000000 ) ) ;
#2395 = ORIENTED_EDGE ( 'NONE', *, *, #7199, .F. ) ;
#2396 = VECTOR ( 'NONE', #6635, 1000.000000000000000 ) ;
#2397 = DIRECTION ( 'NONE',  ( -0.0000000000000000000, -1.000000000000000000, -0.0000000000000000000 ) ) ;
#2398 = AXIS2_PLACEMENT_3D ( 'NONE', #7128, #4866, #7020 ) ;
#2399 = VERTEX_POINT ( 'NONE', #5178 ) ;
#2400 = EDGE_CURVE ( 'NONE', #7502, #3279, #2217, .T. ) ;
#2401 = EDGE_CURVE ( 'NONE', #3657, #2639, #3431, .T. ) ;
#2402 = VECTOR ( 'NONE', #3562, 1000.000000000000000 ) ;
#2403 = ORIENTED_EDGE ( 'NONE', *, *, #2208, .T. ) ;
#2404 = CARTESIAN_POINT ( 'NONE',  ( -1.374999999999997335, -0.1000000000000000056, 0.0000000000000000000 ) ) ;
#2405 = ORIENTED_EDGE ( 'NONE', *, *, #7187, .F. ) ;
#2406 = ORIENTED_EDGE ( 'NONE', *, *, #217, .F. ) ;
#2407 = DIRECTION ( 'NONE',  ( -0.0000000000000000000, 1.000000000000000000, 0.0000000000000000000 ) ) ;
#2408 = CARTESIAN_POINT ( 'NONE',  ( -2.874999999999997335, -0.1000000000000000056, 0.0000000000000000000 ) ) ;
#2409 = EDGE_LOOP ( 'NONE', ( #2284, #1775, #2278, #4377 ) ) ;
#2410 = LINE ( 'NONE', #1849, #3768 ) ;
#2411 = ADVANCED_FACE ( 'NONE', ( #3396 ), #6391, .T. ) ;
#2412 = FACE_OUTER_BOUND ( 'NONE', #1848, .T. ) ;
#2413 = VERTEX_POINT ( 'NONE', #5254 ) ;
#2414 = CARTESIAN_POINT ( 'NONE',  ( 0.0000000000000000000, 0.0000000000000000000, 1.875000000000001998 ) ) ;
#2415 = FACE_OUTER_BOUND ( 'NONE', #7174, .T. ) ;
#2416 = ORIENTED_EDGE ( 'NONE', *, *, #3315, .T. ) ;
#2417 = VECTOR ( 'NONE', #5492, 1000.000000000000000 ) ;
#2418 = DIRECTION ( 'NONE',  ( 1.000000000000000000, 0.0000000000000000000, -0.0000000000000000000 ) ) ;
#2419 = CARTESIAN_POINT ( 'NONE',  ( 2.125000000000002220, -0.1000000000000000333, -3.499999999999999112 ) ) ;
#2420 = CIRCLE ( 'NONE', #5683, 0.1249999999999992506 ) ;
#2421 = DIRECTION ( 'NONE',  ( -0.0000000000000000000, -1.000000000000000000, -0.0000000000000000000 ) ) ;
#2422 = PLANE ( 'NONE',  #2934 ) ;
#2423 = ORIENTED_EDGE ( 'NONE', *, *, #6338, .F. ) ;
#2424 = DIRECTION ( 'NONE',  ( -0.0000000000000000000, -1.000000000000000000, -0.0000000000000000000 ) ) ;
#2425 = DIRECTION ( 'NONE',  ( 1.000000000000000000, 0.0000000000000000000, -0.0000000000000000000 ) ) ;
#2426 = ADVANCED_FACE ( 'NONE', ( #5218 ), #6310, .T. ) ;
#2427 = VERTEX_POINT ( 'NONE', #2376 ) ;
#2428 = CARTESIAN_POINT ( 'NONE',  ( -3.499999999999998668, 1.000000000000000000, 1.124999999999998002 ) ) ;
#2429 = CARTESIAN_POINT ( 'NONE',  ( -2.374999999999997780, 0.0000000000000000000, -3.499999999999999112 ) ) ;
#2430 = CARTESIAN_POINT ( 'NONE',  ( 0.0000000000000000000, -0.1000000000000000056, -2.625000000000001332 ) ) ;
#2431 = CARTESIAN_POINT ( 'NONE',  ( 0.0000000000000000000, -0.1000000000000000056, 0.0000000000000000000 ) ) ;
#2432 = LINE ( 'NONE', #2958, #3618 ) ;
#2433 = EDGE_CURVE ( 'NONE', #4267, #6336, #2865, .T. ) ;
#2434 = VERTEX_POINT ( 'NONE', #6428 ) ;
#2435 = ADVANCED_FACE ( 'NONE', ( #1044 ), #1082, .T. ) ;
#2436 = ORIENTED_EDGE ( 'NONE', *, *, #6883, .F. ) ;
#2437 = ADVANCED_FACE ( 'NONE', ( #1630 ), #4649, .F. ) ;
#2438 = ORIENTED_EDGE ( 'NONE', *, *, #1869, .T. ) ;
#2439 = VECTOR ( 'NONE', #3627, 1000.000000000000000 ) ;
#2440 = ORIENTED_EDGE ( 'NONE', *, *, #1161, .F. ) ;
#2441 = CARTESIAN_POINT ( 'NONE',  ( -0.2499999999999980571, -0.1000000000000000056, -3.099999999999996092 ) ) ;
#2442 = DIRECTION ( 'NONE',  ( -0.0000000000000000000, -0.0000000000000000000, 1.000000000000000000 ) ) ;
#2443 = VERTEX_POINT ( 'NONE', #3471 ) ;
#2444 = EDGE_CURVE ( 'NONE', #4436, #4859, #4688, .T. ) ;
#2445 = CARTESIAN_POINT ( 'NONE',  ( 8.279362044434695298E-15, -0.1000000000000000056, 2.624999999999988010 ) ) ;
#2446 = ORIENTED_EDGE ( 'NONE', *, *, #839, .T. ) ;
#2447 = AXIS2_PLACEMENT_3D ( 'NONE', #412, #3476, #4540 ) ;
#2448 = CARTESIAN_POINT ( 'NONE',  ( -1.875000000000000666, 0.0000000000000000000, 3.500000000000000888 ) ) ;
#2449 = CARTESIAN_POINT ( 'NONE',  ( -1.125000000000000444, -0.1000000000000000056, 0.0000000000000000000 ) ) ;
#2450 = EDGE_CURVE ( 'NONE', #4641, #4120, #7513, .T. ) ;
#2451 = LINE ( 'NONE', #7131, #3074 ) ;
#2452 = AXIS2_PLACEMENT_3D ( 'NONE', #921, #6269, #441 ) ;
#2453 = FACE_OUTER_BOUND ( 'NONE', #3034, .T. ) ;
#2454 = VERTEX_POINT ( 'NONE', #629 ) ;
#2455 = ADVANCED_FACE ( 'NONE', ( #2335 ), #2977, .T. ) ;
#2456 = LINE ( 'NONE', #4224, #7512 ) ;
#2457 = AXIS2_PLACEMENT_3D ( 'NONE', #2227, #5713, #7259 ) ;
#2458 = DIRECTION ( 'NONE',  ( 0.0000000000000000000, 1.000000000000000000, 0.0000000000000000000 ) ) ;
#2459 = CARTESIAN_POINT ( 'NONE',  ( 3.225000000000001421, -0.1000000000000000056, -2.124999999999997780 ) ) ;
#2460 = EDGE_CURVE ( 'NONE', #7456, #470, #3087, .T. ) ;
#2461 = DIRECTION ( 'NONE',  ( -0.0000000000000000000, -1.000000000000000000, -0.0000000000000000000 ) ) ;
#2462 = VERTEX_POINT ( 'NONE', #3122 ) ;
#2463 = DIRECTION ( 'NONE',  ( 0.0000000000000000000, 0.0000000000000000000, 1.000000000000000000 ) ) ;
#2464 = LINE ( 'NONE', #4804, #1795 ) ;
#2465 = ORIENTED_EDGE ( 'NONE', *, *, #1130, .T. ) ;
#2466 = CARTESIAN_POINT ( 'NONE',  ( -1.124999999999998890, 0.0000000000000000000, 0.0000000000000000000 ) ) ;
#2467 = CARTESIAN_POINT ( 'NONE',  ( 1.250000000000001998, -0.1000000000000000056, -3.224999999999995204 ) ) ;
#2468 = COLOUR_RGB ( '',0.7921568627450980005, 0.8196078431372548767, 0.9333333333333333481 ) ;
#2469 = DIRECTION ( 'NONE',  ( 0.0000000000000000000, 0.0000000000000000000, 1.000000000000000000 ) ) ;
#2470 = DIRECTION ( 'NONE',  ( 0.0000000000000000000, -1.000000000000000000, 0.0000000000000000000 ) ) ;
#2471 = VERTEX_POINT ( 'NONE', #5292 ) ;
#2472 = LINE ( 'NONE', #1875, #6028 ) ;
#2473 = ORIENTED_EDGE ( 'NONE', *, *, #3146, .T. ) ;
#2474 = ORIENTED_EDGE ( 'NONE', *, *, #4138, .F. ) ;
#2475 = VECTOR ( 'NONE', #1243, 1000.000000000000000 ) ;
#2476 = EDGE_LOOP ( 'NONE', ( #392, #5397, #1565, #235, #1263 ) ) ;
#2477 = CIRCLE ( 'NONE', #5016, 0.1249999999999996808 ) ;
#2478 = LINE ( 'NONE', #4781, #1207 ) ;
#2479 = ORIENTED_EDGE ( 'NONE', *, *, #6817, .F. ) ;
#2480 = ORIENTED_EDGE ( 'NONE', *, *, #5046, .F. ) ;
#2481 = CARTESIAN_POINT ( 'NONE',  ( -3.224999999999998757, 0.0000000000000000000, -1.750000000000001776 ) ) ;
#2482 = DIRECTION ( 'NONE',  ( -0.0000000000000000000, -1.000000000000000000, -0.0000000000000000000 ) ) ;
#2483 = EDGE_LOOP ( 'NONE', ( #6784, #4817, #4392, #2818 ) ) ;
#2484 = CARTESIAN_POINT ( 'NONE',  ( -0.1249999999999988065, 0.0000000000000000000, -3.224999999999995204 ) ) ;
#2485 = ORIENTED_EDGE ( 'NONE', *, *, #6740, .F. ) ;
#2486 = VECTOR ( 'NONE', #7050, 1000.000000000000000 ) ;
#2487 = DIRECTION ( 'NONE',  ( -0.0000000000000000000, -0.0000000000000000000, 1.000000000000000000 ) ) ;
#2488 = EDGE_CURVE ( 'NONE', #4613, #6937, #3052, .T. ) ;
#2489 = LINE ( 'NONE', #1231, #6870 ) ;
#2490 = DIRECTION ( 'NONE',  ( 0.0000000000000000000, 1.000000000000000000, 0.0000000000000000000 ) ) ;
#2491 = CARTESIAN_POINT ( 'NONE',  ( 2.375000000000000000, -0.1000000000000000056, 3.225000000000000533 ) ) ;
#2492 = ORIENTED_EDGE ( 'NONE', *, *, #1645, .F. ) ;
#2493 = LINE ( 'NONE', #7063, #815 ) ;
#2494 = ADVANCED_FACE ( 'NONE', ( #6608 ), #4870, .T. ) ;
#2495 = FACE_BOUND ( 'NONE', #6756, .T. ) ;
#2496 = ADVANCED_FACE ( 'NONE', ( #2453 ), #4221, .T. ) ;
#2497 = CARTESIAN_POINT ( 'NONE',  ( 3.500000000000001332, -0.1000000000000000333, -1.124999999999997335 ) ) ;
#2498 = DIRECTION ( 'NONE',  ( -1.734723475976808080E-16, 0.0000000000000000000, 1.000000000000000000 ) ) ;
#2499 = VERTEX_POINT ( 'NONE', #5363 ) ;
#2500 = CARTESIAN_POINT ( 'NONE',  ( 3.225000000000001421, 0.0000000000000000000, -2.874999999999997335 ) ) ;
#2501 = CARTESIAN_POINT ( 'NONE',  ( -0.8750000000000003331, 1.000000000000000000, 3.500000000000000888 ) ) ;
#2502 = PRESENTATION_LAYER_ASSIGNMENT (  '', '', ( #7082 ) ) ;
#2503 = ORIENTED_EDGE ( 'NONE', *, *, #5477, .F. ) ;
#2504 = FACE_OUTER_BOUND ( 'NONE', #5826, .T. ) ;
#2505 = DIRECTION ( 'NONE',  ( 0.0000000000000000000, -0.0000000000000000000, -1.000000000000000000 ) ) ;
#2506 = ORIENTED_EDGE ( 'NONE', *, *, #5184, .T. ) ;
#2507 = DIRECTION ( 'NONE',  ( 0.0000000000000000000, 1.000000000000000000, 0.0000000000000000000 ) ) ;
#2508 = VERTEX_POINT ( 'NONE', #102 ) ;
#2509 = VECTOR ( 'NONE', #764, 1000.000000000000000 ) ;
#2510 = VECTOR ( 'NONE', #7258, 1000.000000000000000 ) ;
#2511 = EDGE_CURVE ( 'NONE', #2674, #6047, #5882, .T. ) ;
#2512 = ORIENTED_EDGE ( 'NONE', *, *, #7308, .T. ) ;
#2513 = DIRECTION ( 'NONE',  ( 0.0000000000000000000, 1.000000000000000000, -0.0000000000000000000 ) ) ;
#2514 = VECTOR ( 'NONE', #1588, 1000.000000000000000 ) ;
#2515 = EDGE_LOOP ( 'NONE', ( #2655, #2852, #779, #3283 ) ) ;
#2516 = VERTEX_POINT ( 'NONE', #2491 ) ;
#2517 = DIRECTION ( 'NONE',  ( 1.000000000000000000, 0.0000000000000000000, 0.0000000000000000000 ) ) ;
#2518 = EDGE_LOOP ( 'NONE', ( #6119, #6097, #3950, #1525 ) ) ;
#2519 = DIRECTION ( 'NONE',  ( 0.0000000000000000000, 1.000000000000000000, 0.0000000000000000000 ) ) ;
#2520 = ORIENTED_EDGE ( 'NONE', *, *, #3936, .T. ) ;
#2521 = EDGE_CURVE ( 'NONE', #6373, #2427, #1758, .T. ) ;
#2522 = VECTOR ( 'NONE', #6913, 1000.000000000000000 ) ;
#2523 = CARTESIAN_POINT ( 'NONE',  ( 0.0000000000000000000, 0.0000000000000000000, 2.374999999999998668 ) ) ;
#2524 = CYLINDRICAL_SURFACE ( 'NONE', #4158, 0.1250000000000001110 ) ;
#2525 = CARTESIAN_POINT ( 'NONE',  ( 0.6250000000000027756, 0.0000000000000000000, -3.499999999999999112 ) ) ;
#2526 = AXIS2_PLACEMENT_3D ( 'NONE', #810, #45, #2998 ) ;
#2527 = ORIENTED_EDGE ( 'NONE', *, *, #2837, .F. ) ;
#2528 = EDGE_CURVE ( 'NONE', #3981, #2582, #172, .T. ) ;
#2529 = CARTESIAN_POINT ( 'NONE',  ( -2.624999999999998668, -0.1000000000000000056, -3.224999999999995204 ) ) ;
#2530 = CARTESIAN_POINT ( 'NONE',  ( -1.624999999999998890, 1.000000000000000000, -3.499999999999999112 ) ) ;
#2531 = DIRECTION ( 'NONE',  ( 1.000000000000000000, 0.0000000000000000000, -0.0000000000000000000 ) ) ;
#2532 = FACE_OUTER_BOUND ( 'NONE', #7425, .T. ) ;
#2533 = ORIENTED_EDGE ( 'NONE', *, *, #1242, .F. ) ;
#2534 = CARTESIAN_POINT ( 'NONE',  ( 2.124999999999999556, -0.1000000000000000056, 0.0000000000000000000 ) ) ;
#2535 = CARTESIAN_POINT ( 'NONE',  ( 0.0000000000000000000, -0.1000000000000000056, 0.0000000000000000000 ) ) ;
#2536 = ORIENTED_EDGE ( 'NONE', *, *, #2097, .T. ) ;
#2537 = ADVANCED_FACE ( 'NONE', ( #1391 ), #3717, .T. ) ;
#2538 = DIRECTION ( 'NONE',  ( 0.0000000000000000000, -0.0000000000000000000, -1.000000000000000000 ) ) ;
#2539 = ORIENTED_EDGE ( 'NONE', *, *, #1670, .T. ) ;
#2540 = VECTOR ( 'NONE', #5159, 1000.000000000000000 ) ;
#2541 = FACE_OUTER_BOUND ( 'NONE', #3608, .T. ) ;
#2542 = DIRECTION ( 'NONE',  ( 0.0000000000000000000, -0.0000000000000000000, -1.000000000000000000 ) ) ;
#2543 = LINE ( 'NONE', #1482, #7165 ) ;
#2544 = EDGE_CURVE ( 'NONE', #4193, #2879, #1930, .T. ) ;
#2545 = ORIENTED_EDGE ( 'NONE', *, *, #4558, .T. ) ;
#2546 = DIRECTION ( 'NONE',  ( 1.000000000000000000, 0.0000000000000000000, -0.0000000000000000000 ) ) ;
#2547 = ORIENTED_EDGE ( 'NONE', *, *, #3825, .T. ) ;
#2548 = VERTEX_POINT ( 'NONE', #4792 ) ;
#2549 = LINE ( 'NONE', #4970, #7 ) ;
#2550 = EDGE_CURVE ( 'NONE', #2857, #54, #69, .T. ) ;
#2551 = ORIENTED_EDGE ( 'NONE', *, *, #3713, .T. ) ;
#2552 = ORIENTED_EDGE ( 'NONE', *, *, #4209, .T. ) ;
#2553 = DIRECTION ( 'NONE',  ( -0.0000000000000000000, -1.000000000000000000, -0.0000000000000000000 ) ) ;
#2554 = CARTESIAN_POINT ( 'NONE',  ( -3.224999999999998757, -0.1000000000000000056, 2.624999999999997780 ) ) ;
#2555 = VERTEX_POINT ( 'NONE', #2525 ) ;
#2556 = DIRECTION ( 'NONE',  ( 0.0000000000000000000, 1.000000000000000000, -0.0000000000000000000 ) ) ;
#2557 = ADVANCED_FACE ( 'NONE', ( #2415 ), #1819, .T. ) ;
#2558 = CARTESIAN_POINT ( 'NONE',  ( 0.2500000000000019429, -0.1000000000000000056, -3.224999999999995204 ) ) ;
#2559 = VECTOR ( 'NONE', #3961, 1000.000000000000000 ) ;
#2560 = DIRECTION ( 'NONE',  ( 0.0000000000000000000, 0.0000000000000000000, 1.000000000000000000 ) ) ;
#2561 = PRESENTATION_STYLE_ASSIGNMENT (( #2981 ) ) ;
#2562 = FACE_OUTER_BOUND ( 'NONE', #1831, .T. ) ;
#2563 = VECTOR ( 'NONE', #1797, 1000.000000000000000 ) ;
#2564 = EDGE_CURVE ( 'NONE', #6352, #6713, #6503, .T. ) ;
#2565 = DIRECTION ( 'NONE',  ( -0.0000000000000000000, -1.000000000000000000, -0.0000000000000000000 ) ) ;
#2566 = EDGE_LOOP ( 'NONE', ( #3475, #3530, #7141, #1996 ) ) ;
#2567 = CARTESIAN_POINT ( 'NONE',  ( -2.874999999999997335, -0.1000000000000000056, -3.224999999999995204 ) ) ;
#2568 = CARTESIAN_POINT ( 'NONE',  ( 1.250000000000001998, 0.0000000000000000000, -3.224999999999995204 ) ) ;
#2569 = DIRECTION ( 'NONE',  ( -0.0000000000000000000, 0.0000000000000000000, -1.000000000000000000 ) ) ;
#2570 = EDGE_LOOP ( 'NONE', ( #7322, #869, #4099, #6560 ) ) ;
#2571 = ORIENTED_EDGE ( 'NONE', *, *, #4346, .T. ) ;
#2572 = AXIS2_PLACEMENT_3D ( 'NONE', #6012, #4923, #299 ) ;
#2573 = PLANE ( 'NONE',  #4803 ) ;
#2574 = PLANE ( 'NONE',  #1822 ) ;
#2575 = AXIS2_PLACEMENT_3D ( 'NONE', #2071, #1338, #7153 ) ;
#2576 = FACE_OUTER_BOUND ( 'NONE', #4901, .T. ) ;
#2577 = CARTESIAN_POINT ( 'NONE',  ( -3.224999999999998757, -0.1000000000000000056, 2.749999999999998224 ) ) ;
#2578 = ORIENTED_EDGE ( 'NONE', *, *, #3272, .F. ) ;
#2579 = EDGE_CURVE ( 'NONE', #5088, #2164, #4801, .T. ) ;
#2580 = AXIS2_PLACEMENT_3D ( 'NONE', #6743, #7417, #2235 ) ;
#2581 = EDGE_CURVE ( 'NONE', #1070, #987, #1895, .T. ) ;
#2582 = VERTEX_POINT ( 'NONE', #3646 ) ;
#2583 = CARTESIAN_POINT ( 'NONE',  ( -3.499999999999998224, -0.1000000000000000333, -1.125000000000001776 ) ) ;
#2584 = VERTEX_POINT ( 'NONE', #4830 ) ;
#2585 = ORIENTED_EDGE ( 'NONE', *, *, #5046, .T. ) ;
#2586 = AXIS2_PLACEMENT_3D ( 'NONE', #2534, #3061, #2051 ) ;
#2587 = CARTESIAN_POINT ( 'NONE',  ( 3.225000000000001421, -0.1000000000000000056, -2.124999999999997780 ) ) ;
#2588 = VERTEX_POINT ( 'NONE', #7132 ) ;
#2589 = CARTESIAN_POINT ( 'NONE',  ( -0.8750000000000002220, -0.1000000000000000056, 3.225000000000000533 ) ) ;
#2590 = ORIENTED_EDGE ( 'NONE', *, *, #2984, .F. ) ;
#2591 = EDGE_CURVE ( 'NONE', #820, #5649, #6573, .T. ) ;
#2592 = ADVANCED_FACE ( 'NONE', ( #5619 ), #879, .F. ) ;
#2593 = DIRECTION ( 'NONE',  ( 0.0000000000000000000, 0.0000000000000000000, 1.000000000000000000 ) ) ;
#2594 = ORIENTED_EDGE ( 'NONE', *, *, #1143, .T. ) ;
#2595 = DIRECTION ( 'NONE',  ( 0.0000000000000000000, -0.0000000000000000000, -1.000000000000000000 ) ) ;
#2596 = CARTESIAN_POINT ( 'NONE',  ( -2.249999999999998224, -0.1000000000000000056, -3.224999999999995204 ) ) ;
#2597 = ORIENTED_EDGE ( 'NONE', *, *, #2926, .T. ) ;
#2598 = LINE ( 'NONE', #4256, #7031 ) ;
#2599 = EDGE_CURVE ( 'NONE', #3947, #4782, #4906, .T. ) ;
#2600 = DIRECTION ( 'NONE',  ( 0.0000000000000000000, 0.0000000000000000000, -1.000000000000000000 ) ) ;
#2601 = ORIENTED_EDGE ( 'NONE', *, *, #1577, .T. ) ;
#2602 = CARTESIAN_POINT ( 'NONE',  ( 0.0000000000000000000, 0.0000000000000000000, 3.500000000000000888 ) ) ;
#2603 = DIRECTION ( 'NONE',  ( -0.0000000000000000000, 1.000000000000000000, 0.0000000000000000000 ) ) ;
#2604 = CARTESIAN_POINT ( 'NONE',  ( 1.124999999999999778, 0.0000000000000000000, 3.225000000000000533 ) ) ;
#2605 = ORIENTED_EDGE ( 'NONE', *, *, #40, .F. ) ;
#2606 = DIRECTION ( 'NONE',  ( 3.942553354492736135E-16, 0.0000000000000000000, -1.000000000000000000 ) ) ;
#2607 = ORIENTED_EDGE ( 'NONE', *, *, #6770, .F. ) ;
#2608 = ADVANCED_FACE ( 'NONE', ( #6755 ), #358, .F. ) ;
#2609 = CARTESIAN_POINT ( 'NONE',  ( 2.750000000000000888, 0.0000000000000000000, -2.499999999999998224 ) ) ;
#2610 = FILL_AREA_STYLE_COLOUR ( '', #480 ) ;
#2611 = DIRECTION ( 'NONE',  ( 0.0000000000000000000, 1.000000000000000000, 0.0000000000000000000 ) ) ;
#2612 = VECTOR ( 'NONE', #5250, 1000.000000000000000 ) ;
#2613 = FACE_OUTER_BOUND ( 'NONE', #7501, .T. ) ;
#2614 = VERTEX_POINT ( 'NONE', #398 ) ;
#2615 = DIRECTION ( 'NONE',  ( 3.154042683594169187E-15, 0.0000000000000000000, -1.000000000000000000 ) ) ;
#2616 = VECTOR ( 'NONE', #5119, 1000.000000000000000 ) ;
#2617 = CARTESIAN_POINT ( 'NONE',  ( 3.500000000000001332, 0.0000000000000000000, 1.125000000000001998 ) ) ;
#2618 = VERTEX_POINT ( 'NONE', #3157 ) ;
#2619 = DIRECTION ( 'NONE',  ( 0.0000000000000000000, 0.0000000000000000000, 1.000000000000000000 ) ) ;
#2620 = ORIENTED_EDGE ( 'NONE', *, *, #3547, .F. ) ;
#2621 = VERTEX_POINT ( 'NONE', #280 ) ;
#2622 = EDGE_CURVE ( 'NONE', #2427, #1660, #6186, .T. ) ;
#2623 = CYLINDRICAL_SURFACE ( 'NONE', #1764, 0.1250000000000001110 ) ;
#2624 = ORIENTED_EDGE ( 'NONE', *, *, #5963, .T. ) ;
#2625 = EDGE_CURVE ( 'NONE', #510, #776, #3310, .T. ) ;
#2626 = VECTOR ( 'NONE', #4572, 1000.000000000000000 ) ;
#2627 = DIRECTION ( 'NONE',  ( 0.0000000000000000000, 1.000000000000000000, 0.0000000000000000000 ) ) ;
#2628 = EDGE_CURVE ( 'NONE', #1028, #257, #7457, .T. ) ;
#2629 = CARTESIAN_POINT ( 'NONE',  ( -2.375000000000000444, 1.000000000000000000, 3.500000000000000888 ) ) ;
#2630 = DIRECTION ( 'NONE',  ( 0.0000000000000000000, 0.0000000000000000000, -1.000000000000000000 ) ) ;
#2631 = ORIENTED_EDGE ( 'NONE', *, *, #4431, .T. ) ;
#2632 = VECTOR ( 'NONE', #6218, 1000.000000000000000 ) ;
#2633 = AXIS2_PLACEMENT_3D ( 'NONE', #625, #2972, #4178 ) ;
#2634 = CARTESIAN_POINT ( 'NONE',  ( 3.225000000000001421, -0.1000000000000000056, 2.875000000000002220 ) ) ;
#2635 = DIRECTION ( 'NONE',  ( 0.0000000000000000000, 1.000000000000000000, 0.0000000000000000000 ) ) ;
#2636 = FACE_OUTER_BOUND ( 'NONE', #4210, .T. ) ;
#2637 = VECTOR ( 'NONE', #2603, 1000.000000000000000 ) ;
#2638 = FACE_OUTER_BOUND ( 'NONE', #4294, .T. ) ;
#2639 = VERTEX_POINT ( 'NONE', #7313 ) ;
#2640 = CARTESIAN_POINT ( 'NONE',  ( -1.125000000000000666, 0.0000000000000000000, 3.500000000000000888 ) ) ;
#2641 = DIRECTION ( 'NONE',  ( 0.0000000000000000000, -0.0000000000000000000, 1.000000000000000000 ) ) ;
#2642 = CARTESIAN_POINT ( 'NONE',  ( 1.624999999999999778, -0.1000000000000000056, 3.225000000000000533 ) ) ;
#2643 = EDGE_LOOP ( 'NONE', ( #5525, #4939, #2952, #5770, #7137 ) ) ;
#2644 = DIRECTION ( 'NONE',  ( 0.0000000000000000000, -1.000000000000000000, 0.0000000000000000000 ) ) ;
#2645 = ORIENTED_EDGE ( 'NONE', *, *, #6693, .F. ) ;
#2646 = DIRECTION ( 'NONE',  ( 1.000000000000000000, -0.0000000000000000000, 0.0000000000000000000 ) ) ;
#2647 = CARTESIAN_POINT ( 'NONE',  ( -3.499999999999998668, 0.0000000000000000000, -0.6250000000000017764 ) ) ;
#2648 = DIRECTION ( 'NONE',  ( 0.0000000000000000000, 1.000000000000000000, 0.0000000000000000000 ) ) ;
#2649 = EDGE_CURVE ( 'NONE', #2736, #2499, #3196, .T. ) ;
#2650 = CARTESIAN_POINT ( 'NONE',  ( 3.500000000000001776, 0.0000000000000000000, 0.0000000000000000000 ) ) ;
#2651 = ORIENTED_EDGE ( 'NONE', *, *, #3632, .F. ) ;
#2652 = VECTOR ( 'NONE', #6936, 1000.000000000000000 ) ;
#2653 = DIRECTION ( 'NONE',  ( -0.0000000000000000000, -1.000000000000000000, -0.0000000000000000000 ) ) ;
#2654 = AXIS2_PLACEMENT_3D ( 'NONE', #3534, #5589, #5285 ) ;
#2655 = ORIENTED_EDGE ( 'NONE', *, *, #7203, .F. ) ;
#2656 = PLANE ( 'NONE',  #6932 ) ;
#2657 = EDGE_CURVE ( 'NONE', #1501, #303, #3474, .T. ) ;
#2658 = EDGE_LOOP ( 'NONE', ( #5346, #2100, #4561, #1699 ) ) ;
#2659 = EDGE_LOOP ( 'NONE', ( #6019, #6478, #2891, #1710, #1867 ) ) ;
#2660 = CYLINDRICAL_SURFACE ( 'NONE', #3000, 0.1249999999999996808 ) ;
#2661 = DIRECTION ( 'NONE',  ( -1.000000000000000000, -0.0000000000000000000, -7.885106708985461424E-16 ) ) ;
#2662 = VERTEX_POINT ( 'NONE', #6111 ) ;
#2663 = DIRECTION ( 'NONE',  ( 0.0000000000000000000, 0.0000000000000000000, 1.000000000000000000 ) ) ;
#2664 = EDGE_CURVE ( 'NONE', #1778, #4562, #917, .T. ) ;
#2665 = ADVANCED_FACE ( 'NONE', ( #245 ), #3909, .T. ) ;
#2666 = CARTESIAN_POINT ( 'NONE',  ( 0.0000000000000000000, -0.1000000000000000056, -2.374999999999997335 ) ) ;
#2667 = CARTESIAN_POINT ( 'NONE',  ( 3.225000000000001421, 0.0000000000000000000, -0.7499999999999990008 ) ) ;
#2668 = ORIENTED_EDGE ( 'NONE', *, *, #5809, .F. ) ;
#2669 = DIRECTION ( 'NONE',  ( 0.0000000000000000000, 0.0000000000000000000, 1.000000000000000000 ) ) ;
#2670 = CARTESIAN_POINT ( 'NONE',  ( -3.499999999999998224, 0.0000000000000000000, 3.500000000000000888 ) ) ;
#2671 = CARTESIAN_POINT ( 'NONE',  ( 3.225000000000001421, -0.1000000000000000056, 1.250000000000001110 ) ) ;
#2672 = DIRECTION ( 'NONE',  ( -0.0000000000000000000, -1.000000000000000000, 0.0000000000000000000 ) ) ;
#2673 = EDGE_CURVE ( 'NONE', #1839, #3993, #5506, .T. ) ;
#2674 = VERTEX_POINT ( 'NONE', #2082 ) ;
#2675 = DIRECTION ( 'NONE',  ( 0.0000000000000000000, 0.0000000000000000000, 1.000000000000000000 ) ) ;
#2676 = VECTOR ( 'NONE', #391, 1000.000000000000000 ) ;
#2677 = DIRECTION ( 'NONE',  ( -0.0000000000000000000, -1.000000000000000000, -0.0000000000000000000 ) ) ;
#2678 = VERTEX_POINT ( 'NONE', #4365 ) ;
#2679 = CYLINDRICAL_SURFACE ( 'NONE', #6288, 0.1250000000000001110 ) ;
#2680 = ORIENTED_EDGE ( 'NONE', *, *, #2023, .T. ) ;
#2681 = DIRECTION ( 'NONE',  ( -1.000000000000000000, 0.0000000000000000000, -0.0000000000000000000 ) ) ;
#2682 = VERTEX_POINT ( 'NONE', #5542 ) ;
#2683 = ADVANCED_FACE ( 'NONE', ( #6681 ), #4981, .T. ) ;
#2684 = VECTOR ( 'NONE', #2378, 1000.000000000000000 ) ;
#2685 = EDGE_CURVE ( 'NONE', #6542, #3184, #1014, .T. ) ;
#2686 = CARTESIAN_POINT ( 'NONE',  ( 2.875000000000000000, 0.0000000000000000000, 3.500000000000000888 ) ) ;
#2687 = CARTESIAN_POINT ( 'NONE',  ( -3.499999999999998668, 0.0000000000000000000, -0.1250000000000017486 ) ) ;
#2688 = CARTESIAN_POINT ( 'NONE',  ( -3.499999999999998224, 0.0000000000000000000, 0.0000000000000000000 ) ) ;
#2689 = LINE ( 'NONE', #5679, #4151 ) ;
#2690 = VECTOR ( 'NONE', #7205, 1000.000000000000000 ) ;
#2691 = LINE ( 'NONE', #2650, #5080 ) ;
#2692 = VERTEX_POINT ( 'NONE', #4404 ) ;
#2693 = DIRECTION ( 'NONE',  ( -0.0000000000000000000, -1.000000000000000000, -0.0000000000000000000 ) ) ;
#2694 =( GEOMETRIC_REPRESENTATION_CONTEXT ( 3 ) GLOBAL_UNCERTAINTY_ASSIGNED_CONTEXT ( ( #475 ) ) GLOBAL_UNIT_ASSIGNED_CONTEXT ( ( #1949, #6554, #7220 ) ) REPRESENTATION_CONTEXT ( 'NONE', 'WORKASPACE' ) );
#2695 = ORIENTED_EDGE ( 'NONE', *, *, #3936, .F. ) ;
#2696 = LINE ( 'NONE', #7304, #2808 ) ;
#2697 = CARTESIAN_POINT ( 'NONE',  ( -3.499999999999998224, 0.0000000000000000000, 2.124999999999998224 ) ) ;
#2698 = ORIENTED_EDGE ( 'NONE', *, *, #1799, .F. ) ;
#2699 = DIRECTION ( 'NONE',  ( -0.0000000000000000000, 1.000000000000000000, 0.0000000000000000000 ) ) ;
#2700 = VERTEX_POINT ( 'NONE', #317 ) ;
#2701 = LINE ( 'NONE', #1422, #3402 ) ;
#2702 = AXIS2_PLACEMENT_3D ( 'NONE', #4712, #4819, #3607 ) ;
#2703 = EDGE_CURVE ( 'NONE', #6593, #4600, #6717, .T. ) ;
#2704 = CARTESIAN_POINT ( 'NONE',  ( -0.6250000000000005551, 1.000000000000000000, 3.500000000000000888 ) ) ;
#2705 = VECTOR ( 'NONE', #1100, 1000.000000000000000 ) ;
#2706 = CARTESIAN_POINT ( 'NONE',  ( -1.374999999999997113, 0.0000000000000000000, -3.499999999999999112 ) ) ;
#2707 = CARTESIAN_POINT ( 'NONE',  ( 3.500000000000001332, -0.1000000000000000333, 0.6250000000000016653 ) ) ;
#2708 = VERTEX_POINT ( 'NONE', #2707 ) ;
#2709 = LINE ( 'NONE', #1038, #4129 ) ;
#2710 = AXIS2_PLACEMENT_3D ( 'NONE', #6043, #1323, #3131 ) ;
#2711 = EDGE_CURVE ( 'NONE', #2413, #1769, #5019, .T. ) ;
#2712 = CARTESIAN_POINT ( 'NONE',  ( 1.375000000000000000, -0.1000000000000000056, 0.0000000000000000000 ) ) ;
#2713 = LINE ( 'NONE', #2088, #2748 ) ;
#2714 = CARTESIAN_POINT ( 'NONE',  ( -2.625000000000000000, -0.1000000000000000056, 3.225000000000000533 ) ) ;
#2715 = VERTEX_POINT ( 'NONE', #584 ) ;
#2716 = VECTOR ( 'NONE', #4536, 1000.000000000000000 ) ;
#2717 = PLANE ( 'NONE',  #728 ) ;
#2718 = CARTESIAN_POINT ( 'NONE',  ( 2.250000000000001776, -0.1000000000000000056, -3.099999999999996092 ) ) ;
#2719 = VERTEX_POINT ( 'NONE', #3462 ) ;
#2720 = DIRECTION ( 'NONE',  ( 0.0000000000000000000, -1.000000000000000000, 0.0000000000000000000 ) ) ;
#2721 = EDGE_LOOP ( 'NONE', ( #1889, #1618, #2506, #79 ) ) ;
#2722 = EDGE_LOOP ( 'NONE', ( #1258, #4219, #396, #4899 ) ) ;
#2723 = EDGE_CURVE ( 'NONE', #2027, #503, #6836, .T. ) ;
#2724 = VECTOR ( 'NONE', #4171, 1000.000000000000000 ) ;
#2725 = LINE ( 'NONE', #5037, #1615 ) ;
#2726 = DIRECTION ( 'NONE',  ( 0.0000000000000000000, 0.0000000000000000000, 1.000000000000000000 ) ) ;
#2727 = LINE ( 'NONE', #3404, #1834 ) ;
#2728 = ADVANCED_FACE ( 'NONE', ( #1698 ), #2325, .F. ) ;
#2729 = FACE_OUTER_BOUND ( 'NONE', #1209, .T. ) ;
#2730 = VECTOR ( 'NONE', #3451, 1000.000000000000000 ) ;
#2731 = VERTEX_POINT ( 'NONE', #996 ) ;
#2732 = LINE ( 'NONE', #6289, #3945 ) ;
#2733 = VERTEX_POINT ( 'NONE', #2207 ) ;
#2734 = FACE_OUTER_BOUND ( 'NONE', #2760, .T. ) ;
#2735 = CARTESIAN_POINT ( 'NONE',  ( 3.942553354492969835E-16, -0.1000000000000000056, -0.1250000000000079936 ) ) ;
#2736 = VERTEX_POINT ( 'NONE', #3425 ) ;
#2737 = CARTESIAN_POINT ( 'NONE',  ( -3.499999999999999112, 0.0000000000000000000, 0.0000000000000000000 ) ) ;
#2738 = EDGE_LOOP ( 'NONE', ( #3324, #381, #2438, #11 ) ) ;
#2739 = LINE ( 'NONE', #6065, #2676 ) ;
#2740 = EDGE_LOOP ( 'NONE', ( #6810, #5731, #6438, #405 ) ) ;
#2741 = CIRCLE ( 'NONE', #4795, 0.1249999999999992506 ) ;
#2742 = LINE ( 'NONE', #7200, #546 ) ;
#2743 = ORIENTED_EDGE ( 'NONE', *, *, #3663, .T. ) ;
#2744 = CARTESIAN_POINT ( 'NONE',  ( -2.500000000000000444, 0.0000000000000000000, 2.500000000000000444 ) ) ;
#2745 = EDGE_LOOP ( 'NONE', ( #2167, #1652, #7084, #1152 ) ) ;
#2746 = CARTESIAN_POINT ( 'NONE',  ( -1.249999999999998002, 0.0000000000000000000, -3.224999999999995204 ) ) ;
#2747 = AXIS2_PLACEMENT_3D ( 'NONE', #1074, #6946, #21 ) ;
#2748 = VECTOR ( 'NONE', #885, 1000.000000000000000 ) ;
#2749 = DIRECTION ( 'NONE',  ( -0.0000000000000000000, 0.0000000000000000000, 1.000000000000000000 ) ) ;
#2750 = LINE ( 'NONE', #2048, #4690 ) ;
#2751 = LINE ( 'NONE', #7283, #125 ) ;
#2752 = ORIENTED_EDGE ( 'NONE', *, *, #65, .T. ) ;
#2753 = CIRCLE ( 'NONE', #3599, 0.1249999999999992506 ) ;
#2754 = FACE_OUTER_BOUND ( 'NONE', #7339, .T. ) ;
#2755 = DIRECTION ( 'NONE',  ( 0.0000000000000000000, 1.000000000000000000, -0.0000000000000000000 ) ) ;
#2756 = VECTOR ( 'NONE', #5540, 1000.000000000000000 ) ;
#2757 = ORIENTED_EDGE ( 'NONE', *, *, #3144, .T. ) ;
#2758 = EDGE_CURVE ( 'NONE', #400, #4166, #1880, .T. ) ;
#2759 = CARTESIAN_POINT ( 'NONE',  ( -3.224999999999998757, -0.1000000000000000056, -0.7500000000000017764 ) ) ;
#2760 = EDGE_LOOP ( 'NONE', ( #7080, #5316, #5876, #6202 ) ) ;
#2761 = LINE ( 'NONE', #1085, #5344 ) ;
#2762 = VERTEX_POINT ( 'NONE', #2368 ) ;
#2763 = AXIS2_PLACEMENT_3D ( 'NONE', #556, #4068, #2255 ) ;
#2764 = CARTESIAN_POINT ( 'NONE',  ( 0.7500000000000019984, -0.1000000000000000056, -3.224999999999995204 ) ) ;
#2765 = ADVANCED_FACE ( 'NONE', ( #5097 ), #5660, .F. ) ;
#2766 = SURFACE_STYLE_FILL_AREA ( #2799 ) ;
#2767 = DIRECTION ( 'NONE',  ( 0.0000000000000000000, 0.0000000000000000000, 1.000000000000000000 ) ) ;
#2768 = FILL_AREA_STYLE ('',( #7337 ) ) ;
#2769 = DIRECTION ( 'NONE',  ( 0.0000000000000000000, -0.0000000000000000000, -1.000000000000000000 ) ) ;
#2770 = ORIENTED_EDGE ( 'NONE', *, *, #7490, .T. ) ;
#2771 = CARTESIAN_POINT ( 'NONE',  ( 1.875000000000000000, -0.1000000000000000056, 0.0000000000000000000 ) ) ;
#2772 = CARTESIAN_POINT ( 'NONE',  ( 2.750000000000000888, -0.1000000000000000056, -2.499999999999997335 ) ) ;
#2773 = EDGE_CURVE ( 'NONE', #1778, #3715, #5807, .T. ) ;
#2774 = ORIENTED_EDGE ( 'NONE', *, *, #909, .T. ) ;
#2775 = DIRECTION ( 'NONE',  ( -1.000000000000000000, 0.0000000000000000000, -0.0000000000000000000 ) ) ;
#2776 = CARTESIAN_POINT ( 'NONE',  ( 0.8749999999999997780, 0.0000000000000000000, 3.225000000000000533 ) ) ;
#2777 = VECTOR ( 'NONE', #2546, 1000.000000000000000 ) ;
#2778 = ORIENTED_EDGE ( 'NONE', *, *, #361, .F. ) ;
#2779 = CYLINDRICAL_SURFACE ( 'NONE', #1644, 0.1249999999999992506 ) ;
#2780 = ORIENTED_EDGE ( 'NONE', *, *, #708, .F. ) ;
#2781 = VERTEX_POINT ( 'NONE', #2784 ) ;
#2782 = ORIENTED_EDGE ( 'NONE', *, *, #778, .T. ) ;
#2783 = CARTESIAN_POINT ( 'NONE',  ( 0.0000000000000000000, 0.0000000000000000000, 0.0000000000000000000 ) ) ;
#2784 = CARTESIAN_POINT ( 'NONE',  ( -0.6249999999999987788, 0.0000000000000000000, -3.499999999999999112 ) ) ;
#2785 = ORIENTED_EDGE ( 'NONE', *, *, #5747, .F. ) ;
#2786 = LINE ( 'NONE', #4529, #6796 ) ;
#2787 = ADVANCED_FACE ( 'NONE', ( #6383 ), #2932, .F. ) ;
#2788 = CARTESIAN_POINT ( 'NONE',  ( 1.624999999999999778, -0.1000000000000000056, 0.0000000000000000000 ) ) ;
#2789 = CARTESIAN_POINT ( 'NONE',  ( 1.750000000000001998, -0.1000000000000000056, -3.224999999999995204 ) ) ;
#2790 = DIRECTION ( 'NONE',  ( -0.0000000000000000000, 0.0000000000000000000, -1.000000000000000000 ) ) ;
#2791 = ORIENTED_EDGE ( 'NONE', *, *, #5977, .F. ) ;
#2792 = DIRECTION ( 'NONE',  ( 1.000000000000000000, 0.0000000000000000000, -0.0000000000000000000 ) ) ;
#2793 = CARTESIAN_POINT ( 'NONE',  ( 0.0000000000000000000, -0.1000000000000000056, 0.0000000000000000000 ) ) ;
#2794 = ORIENTED_EDGE ( 'NONE', *, *, #6525, .T. ) ;
#2795 = ORIENTED_EDGE ( 'NONE', *, *, #1149, .F. ) ;
#2796 = PLANE ( 'NONE',  #2188 ) ;
#2797 = ORIENTED_EDGE ( 'NONE', *, *, #6018, .F. ) ;
#2798 = CARTESIAN_POINT ( 'NONE',  ( 0.0000000000000000000, -0.1000000000000000056, 0.0000000000000000000 ) ) ;
#2799 = FILL_AREA_STYLE ('',( #5638 ) ) ;
#2800 = VECTOR ( 'NONE', #912, 1000.000000000000000 ) ;
#2801 = CARTESIAN_POINT ( 'NONE',  ( -3.499999999999999112, 1.000000000000000000, 0.0000000000000000000 ) ) ;
#2802 = CARTESIAN_POINT ( 'NONE',  ( 3.225000000000001421, -0.1000000000000000056, -0.6249999999999978906 ) ) ;
#2803 = VERTEX_POINT ( 'NONE', #6265 ) ;
#2804 = AXIS2_PLACEMENT_3D ( 'NONE', #3367, #6885, #1709 ) ;
#2805 = EDGE_CURVE ( 'NONE', #3551, #3591, #3388, .T. ) ;
#2806 = CARTESIAN_POINT ( 'NONE',  ( 3.500000000000001332, -0.1000000000000000333, 0.1250000000000018596 ) ) ;
#2807 = ORIENTED_EDGE ( 'NONE', *, *, #1599, .F. ) ;
#2808 = VECTOR ( 'NONE', #6744, 1000.000000000000000 ) ;
#2809 = FACE_OUTER_BOUND ( 'NONE', #2721, .T. ) ;
#2810 = EDGE_LOOP ( 'NONE', ( #1297, #3406, #1181, #4131 ) ) ;
#2811 = CARTESIAN_POINT ( 'NONE',  ( -0.1249999999999988065, -0.1000000000000000056, -3.224999999999995204 ) ) ;
#2812 = ORIENTED_EDGE ( 'NONE', *, *, #2974, .T. ) ;
#2813 = EDGE_CURVE ( 'NONE', #6014, #7107, #2245, .T. ) ;
#2814 = VERTEX_POINT ( 'NONE', #3986 ) ;
#2815 = AXIS2_PLACEMENT_3D ( 'NONE', #2876, #7483, #5786 ) ;
#2816 = VECTOR ( 'NONE', #4246, 1000.000000000000000 ) ;
#2817 = ORIENTED_EDGE ( 'NONE', *, *, #3688, .F. ) ;
#2818 = ORIENTED_EDGE ( 'NONE', *, *, #2326, .T. ) ;
#2819 = DIRECTION ( 'NONE',  ( 1.000000000000000000, 0.0000000000000000000, -0.0000000000000000000 ) ) ;
#2820 = VECTOR ( 'NONE', #7246, 1000.000000000000000 ) ;
#2821 = SURFACE_STYLE_USAGE ( .BOTH. , #1034 ) ;
#2822 = ORIENTED_EDGE ( 'NONE', *, *, #1927, .F. ) ;
#2823 = DIRECTION ( 'NONE',  ( 0.0000000000000000000, -0.0000000000000000000, -1.000000000000000000 ) ) ;
#2824 = LINE ( 'NONE', #5100, #2973 ) ;
#2825 = ORIENTED_EDGE ( 'NONE', *, *, #6376, .T. ) ;
#2826 = DIRECTION ( 'NONE',  ( 0.0000000000000000000, 1.000000000000000000, 0.0000000000000000000 ) ) ;
#2827 = ORIENTED_EDGE ( 'NONE', *, *, #904, .F. ) ;
#2828 = AXIS2_PLACEMENT_3D ( 'NONE', #7285, #6197, #889 ) ;
#2829 = EDGE_CURVE ( 'NONE', #1660, #208, #5738, .T. ) ;
#2830 = ORIENTED_EDGE ( 'NONE', *, *, #3547, .T. ) ;
#2831 = PLANE ( 'NONE',  #5227 ) ;
#2832 = ORIENTED_EDGE ( 'NONE', *, *, #5905, .F. ) ;
#2833 = DIRECTION ( 'NONE',  ( 0.0000000000000000000, 0.0000000000000000000, 1.000000000000000000 ) ) ;
#2834 = VECTOR ( 'NONE', #2490, 1000.000000000000000 ) ;
#2835 = CARTESIAN_POINT ( 'NONE',  ( 0.2500000000000000000, -0.1000000000000000056, 3.225000000000000533 ) ) ;
#2836 = CARTESIAN_POINT ( 'NONE',  ( 0.0000000000000000000, -0.1000000000000000056, 0.0000000000000000000 ) ) ;
#2837 = EDGE_CURVE ( 'NONE', #6000, #1718, #4603, .T. ) ;
#2838 = ORIENTED_EDGE ( 'NONE', *, *, #7039, .T. ) ;
#2839 = LINE ( 'NONE', #5153, #2069 ) ;
#2840 = VECTOR ( 'NONE', #1264, 1000.000000000000000 ) ;
#2841 = CARTESIAN_POINT ( 'NONE',  ( 2.499999999999999556, 0.0000000000000000000, 2.750000000000000888 ) ) ;
#2842 = AXIS2_PLACEMENT_3D ( 'NONE', #6783, #347, #3259 ) ;
#2843 = DIRECTION ( 'NONE',  ( 0.0000000000000000000, 0.0000000000000000000, 1.000000000000000000 ) ) ;
#2844 = CARTESIAN_POINT ( 'NONE',  ( 0.0000000000000000000, 0.0000000000000000000, 3.500000000000000888 ) ) ;
#2845 = ORIENTED_EDGE ( 'NONE', *, *, #1497, .F. ) ;
#2846 = LINE ( 'NONE', #2811, #2540 ) ;
#2847 = ORIENTED_EDGE ( 'NONE', *, *, #5323, .T. ) ;
#2848 = EDGE_CURVE ( 'NONE', #4698, #6753, #94, .T. ) ;
#2849 = ORIENTED_EDGE ( 'NONE', *, *, #3826, .T. ) ;
#2850 = EDGE_CURVE ( 'NONE', #7460, #6527, #59, .T. ) ;
#2851 = ORIENTED_EDGE ( 'NONE', *, *, #2723, .T. ) ;
#2852 = ORIENTED_EDGE ( 'NONE', *, *, #789, .F. ) ;
#2853 = VERTEX_POINT ( 'NONE', #3115 ) ;
#2854 = LINE ( 'NONE', #3531, #855 ) ;
#2855 = DIRECTION ( 'NONE',  ( -1.239088197126291063E-16, 0.0000000000000000000, -1.000000000000000000 ) ) ;
#2856 = AXIS2_PLACEMENT_3D ( 'NONE', #3438, #526, #2873 ) ;
#2857 = VERTEX_POINT ( 'NONE', #3570 ) ;
#2858 = EDGE_CURVE ( 'NONE', #1718, #6565, #2753, .T. ) ;
#2859 = VECTOR ( 'NONE', #66, 1000.000000000000000 ) ;
#2860 = CARTESIAN_POINT ( 'NONE',  ( 6.702340702637634371E-15, 0.0000000000000000000, -2.125000000000007994 ) ) ;
#2861 = PLANE ( 'NONE',  #4809 ) ;
#2862 = EDGE_CURVE ( 'NONE', #6848, #2621, #5943, .T. ) ;
#2863 = ORIENTED_EDGE ( 'NONE', *, *, #6371, .T. ) ;
#2864 = CARTESIAN_POINT ( 'NONE',  ( -0.6249999999999988898, 0.0000000000000000000, -2.464095846557955524E-16 ) ) ;
#2865 = LINE ( 'NONE', #592, #7111 ) ;
#2866 = ORIENTED_EDGE ( 'NONE', *, *, #5740, .F. ) ;
#2867 = EDGE_CURVE ( 'NONE', #6956, #3606, #5874, .T. ) ;
#2868 = MECHANICAL_DESIGN_GEOMETRIC_PRESENTATION_REPRESENTATION (  '', ( #1877 ), #2388 ) ;
#2869 = VECTOR ( 'NONE', #6086, 1000.000000000000000 ) ;
#2870 = ORIENTED_EDGE ( 'NONE', *, *, #2521, .F. ) ;
#2871 = DIRECTION ( 'NONE',  ( -1.000000000000000000, 0.0000000000000000000, 0.0000000000000000000 ) ) ;
#2872 = VERTEX_POINT ( 'NONE', #4715 ) ;
#2873 = DIRECTION ( 'NONE',  ( 0.0000000000000000000, 0.0000000000000000000, 1.000000000000000000 ) ) ;
#2874 = VECTOR ( 'NONE', #5169, 1000.000000000000000 ) ;
#2875 = DIRECTION ( 'NONE',  ( -1.000000000000000000, 0.0000000000000000000, 1.239088197126291063E-16 ) ) ;
#2876 = CARTESIAN_POINT ( 'NONE',  ( 1.750000000000001998, 0.0000000000000000000, -3.224999999999995204 ) ) ;
#2877 = LINE ( 'NONE', #5824, #4522 ) ;
#2878 = CARTESIAN_POINT ( 'NONE',  ( 3.500000000000001332, 0.0000000000000000000, -0.8749999999999980016 ) ) ;
#2879 = VERTEX_POINT ( 'NONE', #1226 ) ;
#2880 = DIRECTION ( 'NONE',  ( -1.000000000000000000, 0.0000000000000000000, 0.0000000000000000000 ) ) ;
#2881 = AXIS2_PLACEMENT_3D ( 'NONE', #6253, #1058, #2885 ) ;
#2882 = CARTESIAN_POINT ( 'NONE',  ( 0.0000000000000000000, -0.1000000000000000056, 0.0000000000000000000 ) ) ;
#2883 = EDGE_CURVE ( 'NONE', #6615, #2333, #655, .T. ) ;
#2884 = CARTESIAN_POINT ( 'NONE',  ( 0.0000000000000000000, 0.0000000000000000000, 0.1250000000000028311 ) ) ;
#2885 = DIRECTION ( 'NONE',  ( 0.0000000000000000000, -0.0000000000000000000, -1.000000000000000000 ) ) ;
#2886 = CARTESIAN_POINT ( 'NONE',  ( 3.500000000000001776, 1.000000000000000000, 2.625000000000000888 ) ) ;
#2887 = EDGE_LOOP ( 'NONE', ( #6452, #3572, #7364, #5703 ) ) ;
#2888 = DIRECTION ( 'NONE',  ( 0.0000000000000000000, 0.0000000000000000000, 1.000000000000000000 ) ) ;
#2889 = ORIENTED_EDGE ( 'NONE', *, *, #1624, .T. ) ;
#2890 = DIRECTION ( 'NONE',  ( 0.0000000000000000000, 0.0000000000000000000, -1.000000000000000000 ) ) ;
#2891 = ORIENTED_EDGE ( 'NONE', *, *, #2045, .T. ) ;
#2892 = EDGE_CURVE ( 'NONE', #5579, #208, #165, .T. ) ;
#2893 = ORIENTED_EDGE ( 'NONE', *, *, #7281, .T. ) ;
#2894 = CARTESIAN_POINT ( 'NONE',  ( -1.182766006347788004E-15, -0.1000000000000000056, 0.3749999999999920619 ) ) ;
#2895 =( NAMED_UNIT ( * ) PLANE_ANGLE_UNIT ( ) SI_UNIT ( $, .RADIAN. ) );
#2896 = VERTEX_POINT ( 'NONE', #7123 ) ;
#2897 = CARTESIAN_POINT ( 'NONE',  ( 0.0000000000000000000, -0.1000000000000000056, 0.0000000000000000000 ) ) ;
#2898 = VECTOR ( 'NONE', #3934, 1000.000000000000000 ) ;
#2899 = EDGE_CURVE ( 'NONE', #1339, #2719, #4692, .T. ) ;
#2900 = DIRECTION ( 'NONE',  ( -1.000000000000000000, 0.0000000000000000000, 0.0000000000000000000 ) ) ;
#2901 = ADVANCED_FACE ( 'NONE', ( #4245 ), #5842, .T. ) ;
#2902 = CARTESIAN_POINT ( 'NONE',  ( 0.0000000000000000000, -0.1000000000000000056, 1.625000000000002665 ) ) ;
#2903 = VECTOR ( 'NONE', #3726, 1000.000000000000000 ) ;
#2904 = CARTESIAN_POINT ( 'NONE',  ( -3.499999999999999112, 1.000000000000000000, -3.499999999999999112 ) ) ;
#2905 = ORIENTED_EDGE ( 'NONE', *, *, #821, .F. ) ;
#2906 = ORIENTED_EDGE ( 'NONE', *, *, #2289, .F. ) ;
#2907 = CARTESIAN_POINT ( 'NONE',  ( -1.125000000000000444, 0.0000000000000000000, 3.225000000000000533 ) ) ;
#2908 = ORIENTED_EDGE ( 'NONE', *, *, #276, .T. ) ;
#2909 = LINE ( 'NONE', #5676, #3091 ) ;
#2910 = EDGE_CURVE ( 'NONE', #972, #5035, #1265, .T. ) ;
#2911 = DIRECTION ( 'NONE',  ( 0.0000000000000000000, 1.000000000000000000, 0.0000000000000000000 ) ) ;
#2912 = CARTESIAN_POINT ( 'NONE',  ( -3.499999999999998668, 0.0000000000000000000, 0.3749999999999981681 ) ) ;
#2913 = DIRECTION ( 'NONE',  ( -0.0000000000000000000, -1.000000000000000000, -0.0000000000000000000 ) ) ;
#2914 = ORIENTED_EDGE ( 'NONE', *, *, #1918, .T. ) ;
#2915 = EDGE_CURVE ( 'NONE', #1971, #2618, #3080, .T. ) ;
#2916 = FACE_OUTER_BOUND ( 'NONE', #2377, .T. ) ;
#2917 = FACE_OUTER_BOUND ( 'NONE', #5979, .T. ) ;
#2918 = DIRECTION ( 'NONE',  ( -0.7071067811865482389, 0.0000000000000000000, 0.7071067811865469066 ) ) ;
#2919 = CARTESIAN_POINT ( 'NONE',  ( 0.0000000000000000000, 0.0000000000000000000, -0.6250000000000016653 ) ) ;
#2920 = VERTEX_POINT ( 'NONE', #688 ) ;
#2921 = AXIS2_PLACEMENT_3D ( 'NONE', #4691, #5294, #1317 ) ;
#2922 = CYLINDRICAL_SURFACE ( 'NONE', #440, 0.1250000000000001110 ) ;
#2923 = EDGE_LOOP ( 'NONE', ( #1295, #871, #5736, #5290 ) ) ;
#2924 = CARTESIAN_POINT ( 'NONE',  ( 2.125000000000002665, -0.1000000000000000056, 0.0000000000000000000 ) ) ;
#2925 = ORIENTED_EDGE ( 'NONE', *, *, #4816, .F. ) ;
#2926 = EDGE_CURVE ( 'NONE', #5386, #6279, #1269, .T. ) ;
#2927 = AXIS2_PLACEMENT_3D ( 'NONE', #829, #3186, #4394 ) ;
#2928 = PLANE ( 'NONE',  #7162 ) ;
#2929 = ORIENTED_EDGE ( 'NONE', *, *, #3719, .F. ) ;
#2930 = ORIENTED_EDGE ( 'NONE', *, *, #1293, .T. ) ;
#2931 = CARTESIAN_POINT ( 'NONE',  ( -1.874999999999997335, -0.1000000000000000056, -3.224999999999995204 ) ) ;
#2932 = PLANE ( 'NONE',  #5884 ) ;
#2933 = CARTESIAN_POINT ( 'NONE',  ( -3.224999999999998757, -0.1000000000000000056, -1.250000000000001776 ) ) ;
#2934 = AXIS2_PLACEMENT_3D ( 'NONE', #1204, #492, #4729 ) ;
#2935 = ADVANCED_FACE ( 'NONE', ( #1885 ), #4822, .T. ) ;
#2936 = CARTESIAN_POINT ( 'NONE',  ( -3.224999999999998757, 0.0000000000000000000, -2.750000000000002220 ) ) ;
#2937 = LINE ( 'NONE', #5743, #7459 ) ;
#2938 = VECTOR ( 'NONE', #2672, 1000.000000000000000 ) ;
#2939 = ORIENTED_EDGE ( 'NONE', *, *, #3686, .F. ) ;
#2940 = CARTESIAN_POINT ( 'NONE',  ( 8.279362044434695298E-15, -0.1000000000000000056, 2.624999999999988010 ) ) ;
#2941 = FILL_AREA_STYLE ('',( #4574 ) ) ;
#2942 = ORIENTED_EDGE ( 'NONE', *, *, #5504, .T. ) ;
#2943 = DIRECTION ( 'NONE',  ( -0.0000000000000000000, 1.000000000000000000, 0.0000000000000000000 ) ) ;
#2944 = VECTOR ( 'NONE', #2513, 1000.000000000000000 ) ;
#2945 = LINE ( 'NONE', #5258, #2246 ) ;
#2946 = CARTESIAN_POINT ( 'NONE',  ( 3.225000000000001421, -0.1000000000000000056, 1.625000000000002665 ) ) ;
#2947 = ORIENTED_EDGE ( 'NONE', *, *, #320, .F. ) ;
#2948 = EDGE_CURVE ( 'NONE', #2276, #7460, #3827, .T. ) ;
#2949 = AXIS2_PLACEMENT_3D ( 'NONE', #5235, #2354, #5931 ) ;
#2950 = DIRECTION ( 'NONE',  ( 0.0000000000000000000, 0.0000000000000000000, 1.000000000000000000 ) ) ;
#2951 = FACE_OUTER_BOUND ( 'NONE', #6251, .T. ) ;
#2952 = ORIENTED_EDGE ( 'NONE', *, *, #230, .T. ) ;
#2953 = CARTESIAN_POINT ( 'NONE',  ( -3.224999999999998757, 0.0000000000000000000, 2.124999999999998224 ) ) ;
#2954 = CARTESIAN_POINT ( 'NONE',  ( -2.874999999999997335, -0.1000000000000000056, 0.0000000000000000000 ) ) ;
#2955 = CARTESIAN_POINT ( 'NONE',  ( 1.125000000000002665, -0.1000000000000000056, -3.224999999999995204 ) ) ;
#2956 = ORIENTED_EDGE ( 'NONE', *, *, #2097, .F. ) ;
#2957 = VECTOR ( 'NONE', #6427, 1000.000000000000000 ) ;
#2958 = CARTESIAN_POINT ( 'NONE',  ( 0.2500000000000019429, -0.1000000000000000056, -3.099999999999996092 ) ) ;
#2959 = ORIENTED_EDGE ( 'NONE', *, *, #3963, .T. ) ;
#2960 = CIRCLE ( 'NONE', #2842, 0.1249999999999992506 ) ;
#2961 = ORIENTED_EDGE ( 'NONE', *, *, #2250, .T. ) ;
#2962 = DIRECTION ( 'NONE',  ( 0.0000000000000000000, 0.0000000000000000000, 1.000000000000000000 ) ) ;
#2963 = ADVANCED_FACE ( 'NONE', ( #5981 ), #5388, .T. ) ;
#2964 = EDGE_LOOP ( 'NONE', ( #6219, #1882, #332, #1372 ) ) ;
#2965 = VERTEX_POINT ( 'NONE', #1963 ) ;
#2966 = DIRECTION ( 'NONE',  ( 0.0000000000000000000, 0.0000000000000000000, 1.000000000000000000 ) ) ;
#2967 = LINE ( 'NONE', #5284, #5055 ) ;
#2968 = ORIENTED_EDGE ( 'NONE', *, *, #778, .F. ) ;
#2969 = DIRECTION ( 'NONE',  ( -0.0000000000000000000, -0.0000000000000000000, -1.000000000000000000 ) ) ;
#2970 = VECTOR ( 'NONE', #4543, 1000.000000000000000 ) ;
#2971 = DIRECTION ( 'NONE',  ( 1.000000000000000000, 0.0000000000000000000, -0.0000000000000000000 ) ) ;
#2972 = DIRECTION ( 'NONE',  ( 0.0000000000000000000, 1.000000000000000000, 0.0000000000000000000 ) ) ;
#2973 = VECTOR ( 'NONE', #5810, 1000.000000000000000 ) ;
#2974 = EDGE_CURVE ( 'NONE', #1216, #5237, #6420, .T. ) ;
#2975 = ORIENTED_EDGE ( 'NONE', *, *, #5477, .T. ) ;
#2976 = DIRECTION ( 'NONE',  ( 0.0000000000000000000, 0.0000000000000000000, 1.000000000000000000 ) ) ;
#2977 = PLANE ( 'NONE',  #5049 ) ;
#2978 = ORIENTED_EDGE ( 'NONE', *, *, #3144, .F. ) ;
#2979 = CARTESIAN_POINT ( 'NONE',  ( 0.1250000000000003608, -0.1000000000000000056, 1.232047923278983432E-17 ) ) ;
#2980 = AXIS2_PLACEMENT_3D ( 'NONE', #3048, #5288, #4756 ) ;
#2981 = SURFACE_STYLE_USAGE ( .BOTH. , #1354 ) ;
#2982 = CARTESIAN_POINT ( 'NONE',  ( 0.3750000000000012212, 1.000000000000000000, -3.499999999999999112 ) ) ;
#2983 = LINE ( 'NONE', #5228, #5360 ) ;
#2984 = EDGE_CURVE ( 'NONE', #7284, #6389, #2967, .T. ) ;
#2985 = ORIENTED_EDGE ( 'NONE', *, *, #4636, .F. ) ;
#2986 = DIRECTION ( 'NONE',  ( 0.0000000000000000000, 1.000000000000000000, 0.0000000000000000000 ) ) ;
#2987 = VECTOR ( 'NONE', #2911, 1000.000000000000000 ) ;
#2988 = DIRECTION ( 'NONE',  ( 0.0000000000000000000, 0.0000000000000000000, 1.000000000000000000 ) ) ;
#2989 = EDGE_LOOP ( 'NONE', ( #830, #1493, #4182, #2299 ) ) ;
#2990 = FACE_OUTER_BOUND ( 'NONE', #1767, .T. ) ;
#2991 = AXIS2_PLACEMENT_3D ( 'NONE', #2667, #5471, #1427 ) ;
#2992 = EDGE_CURVE ( 'NONE', #2639, #2187, #2117, .T. ) ;
#2993 = CIRCLE ( 'NONE', #4071, 0.1249999999999992506 ) ;
#2994 = CARTESIAN_POINT ( 'NONE',  ( 3.225000000000001421, -0.1000000000000000056, -0.8749999999999972244 ) ) ;
#2995 = DIRECTION ( 'NONE',  ( 0.0000000000000000000, 0.0000000000000000000, 1.000000000000000000 ) ) ;
#2996 = EDGE_CURVE ( 'NONE', #5839, #4800, #273, .T. ) ;
#2997 = PRESENTATION_STYLE_ASSIGNMENT (( #5900 ) ) ;
#2998 = DIRECTION ( 'NONE',  ( 0.0000000000000000000, -0.0000000000000000000, -1.000000000000000000 ) ) ;
#2999 = EDGE_LOOP ( 'NONE', ( #6487, #6412, #1235, #328 ) ) ;
#3000 = AXIS2_PLACEMENT_3D ( 'NONE', #6024, #1456, #4324 ) ;
#3001 = CARTESIAN_POINT ( 'NONE',  ( -3.499999999999998224, -0.1000000000000000333, 2.124999999999998224 ) ) ;
#3002 = ORIENTED_EDGE ( 'NONE', *, *, #4853, .F. ) ;
#3003 = ORIENTED_EDGE ( 'NONE', *, *, #7490, .F. ) ;
#3004 = ADVANCED_FACE ( 'NONE', ( #4974 ), #2623, .T. ) ;
#3005 = AXIS2_PLACEMENT_3D ( 'NONE', #2431, #4705, #610 ) ;
#3006 = ADVANCED_FACE ( 'NONE', ( #7271 ), #1379, .T. ) ;
#3007 = ORIENTED_EDGE ( 'NONE', *, *, #7026, .F. ) ;
#3008 = CARTESIAN_POINT ( 'NONE',  ( 2.499999999999999556, 0.0000000000000000000, 2.750000000000000888 ) ) ;
#3009 = ORIENTED_EDGE ( 'NONE', *, *, #5508, .T. ) ;
#3010 = DIRECTION ( 'NONE',  ( 0.0000000000000000000, 0.0000000000000000000, -1.000000000000000000 ) ) ;
#3011 = CARTESIAN_POINT ( 'NONE',  ( -1.125000000000000444, 0.0000000000000000000, 0.0000000000000000000 ) ) ;
#3012 = CARTESIAN_POINT ( 'NONE',  ( -0.2499999999999980571, -0.1000000000000000056, -3.224999999999995204 ) ) ;
#3013 = ADVANCED_FACE ( 'NONE', ( #389 ), #4398, .F. ) ;
#3014 = CARTESIAN_POINT ( 'NONE',  ( 0.0000000000000000000, -0.1000000000000000056, -1.125000000000001554 ) ) ;
#3015 = LINE ( 'NONE', #3049, #6623 ) ;
#3016 = VERTEX_POINT ( 'NONE', #5569 ) ;
#3017 = LINE ( 'NONE', #1853, #7301 ) ;
#3018 = CARTESIAN_POINT ( 'NONE',  ( 1.375000000000000000, 1.000000000000000000, 3.500000000000000888 ) ) ;
#3019 = ORIENTED_EDGE ( 'NONE', *, *, #2346, .F. ) ;
#3020 = CIRCLE ( 'NONE', #6281, 0.1249999999999996808 ) ;
#3021 = CARTESIAN_POINT ( 'NONE',  ( 3.500000000000000888, -0.1000000000000000472, -3.499999999999999112 ) ) ;
#3022 = EDGE_CURVE ( 'NONE', #3114, #3382, #6673, .T. ) ;
#3023 = DIRECTION ( 'NONE',  ( 0.0000000000000000000, -1.000000000000000000, 0.0000000000000000000 ) ) ;
#3024 = AXIS2_PLACEMENT_3D ( 'NONE', #4342, #3800, #6045 ) ;
#3025 = CARTESIAN_POINT ( 'NONE',  ( 3.225000000000001421, -0.1000000000000000056, -0.1249999999999978351 ) ) ;
#3026 = FACE_OUTER_BOUND ( 'NONE', #164, .T. ) ;
#3027 = ORIENTED_EDGE ( 'NONE', *, *, #7203, .T. ) ;
#3028 = DIRECTION ( 'NONE',  ( 0.0000000000000000000, 0.0000000000000000000, 1.000000000000000000 ) ) ;
#3029 = LINE ( 'NONE', #5230, #2292 ) ;
#3030 = DIRECTION ( 'NONE',  ( -0.0000000000000000000, -1.000000000000000000, -0.0000000000000000000 ) ) ;
#3031 = CARTESIAN_POINT ( 'NONE',  ( -2.124999999999998668, -0.1000000000000000056, 0.0000000000000000000 ) ) ;
#3032 = LINE ( 'NONE', #5233, #353 ) ;
#3033 = SURFACE_SIDE_STYLE ('',( #4044 ) ) ;
#3034 = EDGE_LOOP ( 'NONE', ( #7083, #3801, #1530, #2939 ) ) ;
#3035 = DIRECTION ( 'NONE',  ( -1.000000000000000000, 0.0000000000000000000, -0.0000000000000000000 ) ) ;
#3036 = ORIENTED_EDGE ( 'NONE', *, *, #383, .F. ) ;
#3037 = VERTEX_POINT ( 'NONE', #2587 ) ;
#3038 = VECTOR ( 'NONE', #3786, 1000.000000000000000 ) ;
#3039 = CARTESIAN_POINT ( 'NONE',  ( -3.499999999999998668, 1.000000000000000000, 1.374999999999998224 ) ) ;
#3040 = ORIENTED_EDGE ( 'NONE', *, *, #5274, .T. ) ;
#3041 = EDGE_CURVE ( 'NONE', #3983, #1690, #5012, .T. ) ;
#3042 = LINE ( 'NONE', #2062, #144 ) ;
#3043 = CARTESIAN_POINT ( 'NONE',  ( -0.2499999999999980571, 0.0000000000000000000, -3.224999999999995204 ) ) ;
#3044 = EDGE_LOOP ( 'NONE', ( #5723, #6259, #1876, #3566 ) ) ;
#3045 = CARTESIAN_POINT ( 'NONE',  ( -0.6250000000000002220, 0.0000000000000000000, 3.225000000000000533 ) ) ;
#3046 = ORIENTED_EDGE ( 'NONE', *, *, #6967, .T. ) ;
#3047 = ADVANCED_FACE ( 'NONE', ( #832 ), #2660, .T. ) ;
#3048 = CARTESIAN_POINT ( 'NONE',  ( 0.0000000000000000000, -0.1000000000000000056, 0.8750000000000022204 ) ) ;
#3049 = CARTESIAN_POINT ( 'NONE',  ( 3.500000000000001332, 1.000000000000000000, -0.6249999999999975575 ) ) ;
#3050 = DIRECTION ( 'NONE',  ( 0.0000000000000000000, 0.0000000000000000000, -1.000000000000000000 ) ) ;
#3051 = VECTOR ( 'NONE', #7154, 1000.000000000000000 ) ;
#3052 = LINE ( 'NONE', #3579, #167 ) ;
#3053 = EDGE_CURVE ( 'NONE', #202, #3495, #4284, .T. ) ;
#3054 = ORIENTED_EDGE ( 'NONE', *, *, #1577, .F. ) ;
#3055 = CARTESIAN_POINT ( 'NONE',  ( 0.0000000000000000000, 0.0000000000000000000, -1.374999999999997335 ) ) ;
#3056 = AXIS2_PLACEMENT_3D ( 'NONE', #2835, #2265, #2343 ) ;
#3057 = DIRECTION ( 'NONE',  ( -0.0000000000000000000, -0.0000000000000000000, -1.000000000000000000 ) ) ;
#3058 = AXIS2_PLACEMENT_3D ( 'NONE', #656, #3610, #7160 ) ;
#3059 = PLANE ( 'NONE',  #597 ) ;
#3060 = ORIENTED_EDGE ( 'NONE', *, *, #6919, .F. ) ;
#3061 = DIRECTION ( 'NONE',  ( 1.000000000000000000, -0.0000000000000000000, 0.0000000000000000000 ) ) ;
#3062 = VECTOR ( 'NONE', #3797, 1000.000000000000000 ) ;
#3063 = CARTESIAN_POINT ( 'NONE',  ( 0.0000000000000000000, -0.1000000000000000056, 0.8749999999999984457 ) ) ;
#3064 = ORIENTED_EDGE ( 'NONE', *, *, #1088, .T. ) ;
#3065 = CARTESIAN_POINT ( 'NONE',  ( -2.749999999999998224, 0.0000000000000000000, -3.099999999999996092 ) ) ;
#3066 = CARTESIAN_POINT ( 'NONE',  ( 0.0000000000000000000, -0.1000000000000000056, 1.874999999999998446 ) ) ;
#3067 = VECTOR ( 'NONE', #2312, 1000.000000000000000 ) ;
#3068 = CARTESIAN_POINT ( 'NONE',  ( -3.499999999999998224, -0.1000000000000000472, 3.500000000000000888 ) ) ;
#3069 = ORIENTED_EDGE ( 'NONE', *, *, #611, .F. ) ;
#3070 = CARTESIAN_POINT ( 'NONE',  ( -0.1250000000000003886, 0.0000000000000000000, 3.500000000000000888 ) ) ;
#3071 = EDGE_LOOP ( 'NONE', ( #6023, #670, #5682, #4282, #1602 ) ) ;
#3072 = VECTOR ( 'NONE', #2675, 1000.000000000000000 ) ;
#3073 = VERTEX_POINT ( 'NONE', #7232 ) ;
#3074 = VECTOR ( 'NONE', #1929, 1000.000000000000000 ) ;
#3075 = DIRECTION ( 'NONE',  ( 0.0000000000000000000, -0.0000000000000000000, -1.000000000000000000 ) ) ;
#3076 = EDGE_CURVE ( 'NONE', #4030, #6017, #794, .T. ) ;
#3077 = ORIENTED_EDGE ( 'NONE', *, *, #6223, .T. ) ;
#3078 = VERTEX_POINT ( 'NONE', #3743 ) ;
#3079 = LINE ( 'NONE', #687, #5268 ) ;
#3080 = LINE ( 'NONE', #5909, #1392 ) ;
#3081 = CARTESIAN_POINT ( 'NONE',  ( -3.224999999999998757, -0.1000000000000000056, -2.375000000000002220 ) ) ;
#3082 = VECTOR ( 'NONE', #6945, 1000.000000000000000 ) ;
#3083 = EDGE_CURVE ( 'NONE', #6711, #5941, #2035, .T. ) ;
#3084 = DIRECTION ( 'NONE',  ( 0.0000000000000000000, -1.000000000000000000, 0.0000000000000000000 ) ) ;
#3085 = ADVANCED_FACE ( 'NONE', ( #2074 ), #870, .F. ) ;
#3086 = CARTESIAN_POINT ( 'NONE',  ( 0.1250000000000000278, -0.1000000000000000056, 3.225000000000000533 ) ) ;
#3087 = LINE ( 'NONE', #4723, #3704 ) ;
#3088 = PRODUCT ( '74EA173B-254E-4795-82BF-614890822701', '74EA173B-254E-4795-82BF-614890822701', '', ( #495 ) ) ;
#3089 = ORIENTED_EDGE ( 'NONE', *, *, #2599, .F. ) ;
#3090 = CARTESIAN_POINT ( 'NONE',  ( -2.375000000000000444, -0.1000000000000000333, 3.500000000000000888 ) ) ;
#3091 = VECTOR ( 'NONE', #5225, 1000.000000000000000 ) ;
#3092 = EDGE_CURVE ( 'NONE', #4128, #5763, #6712, .T. ) ;
#3093 = DIRECTION ( 'NONE',  ( -0.0000000000000000000, -1.000000000000000000, -0.0000000000000000000 ) ) ;
#3094 = EDGE_CURVE ( 'NONE', #14, #7303, #3190, .T. ) ;
#3095 = ORIENTED_EDGE ( 'NONE', *, *, #1350, .F. ) ;
#3096 = CARTESIAN_POINT ( 'NONE',  ( 1.249999999999999778, 0.0000000000000000000, 3.225000000000000533 ) ) ;
#3097 = CARTESIAN_POINT ( 'NONE',  ( 1.375000000000000000, 0.0000000000000000000, 3.225000000000000533 ) ) ;
#3098 = VECTOR ( 'NONE', #304, 1000.000000000000000 ) ;
#3099 = VERTEX_POINT ( 'NONE', #947 ) ;
#3100 = VERTEX_POINT ( 'NONE', #1494 ) ;
#3101 = EDGE_CURVE ( 'NONE', #762, #2399, #3233, .T. ) ;
#3102 = FACE_OUTER_BOUND ( 'NONE', #2050, .T. ) ;
#3103 = AXIS2_PLACEMENT_3D ( 'NONE', #1559, #3931, #6245 ) ;
#3104 = LINE ( 'NONE', #3212, #4869 ) ;
#3105 = FACE_OUTER_BOUND ( 'NONE', #5790, .T. ) ;
#3106 = EDGE_LOOP ( 'NONE', ( #7349, #6558, #5695, #727 ) ) ;
#3107 = CARTESIAN_POINT ( 'NONE',  ( 0.0000000000000000000, -0.1000000000000000056, 0.6250000000000028866 ) ) ;
#3108 = ORIENTED_EDGE ( 'NONE', *, *, #426, .T. ) ;
#3109 = AXIS2_PLACEMENT_3D ( 'NONE', #4441, #2166, #4331 ) ;
#3110 = EDGE_CURVE ( 'NONE', #1312, #5974, #6142, .T. ) ;
#3111 = EDGE_LOOP ( 'NONE', ( #6621, #5779, #1322, #7152 ) ) ;
#3112 = CARTESIAN_POINT ( 'NONE',  ( -3.499999999999998668, 1.000000000000000000, -0.8750000000000021094 ) ) ;
#3113 = FACE_OUTER_BOUND ( 'NONE', #6942, .T. ) ;
#3114 = VERTEX_POINT ( 'NONE', #4553 ) ;
#3115 = CARTESIAN_POINT ( 'NONE',  ( 2.875000000000001332, 0.0000000000000000000, -3.499999999999999112 ) ) ;
#3116 = DIRECTION ( 'NONE',  ( 0.0000000000000000000, 1.000000000000000000, 0.0000000000000000000 ) ) ;
#3117 = VERTEX_POINT ( 'NONE', #4630 ) ;
#3118 = VECTOR ( 'NONE', #1078, 1000.000000000000000 ) ;
#3119 = LINE ( 'NONE', #5431, #3361 ) ;
#3120 = ORIENTED_EDGE ( 'NONE', *, *, #6975, .T. ) ;
#3121 = DIRECTION ( 'NONE',  ( -0.0000000000000000000, 0.0000000000000000000, -1.000000000000000000 ) ) ;
#3122 = CARTESIAN_POINT ( 'NONE',  ( 3.500000000000001332, 0.0000000000000000000, -1.624999999999997335 ) ) ;
#3123 = VECTOR ( 'NONE', #1007, 1000.000000000000000 ) ;
#3124 = ORIENTED_EDGE ( 'NONE', *, *, #5792, .T. ) ;
#3125 = DIRECTION ( 'NONE',  ( -1.000000000000000000, 0.0000000000000000000, -0.0000000000000000000 ) ) ;
#3126 = EDGE_CURVE ( 'NONE', #5673, #2715, #542, .T. ) ;
#3127 = ADVANCED_FACE ( 'NONE', ( #7458 ), #2779, .T. ) ;
#3128 = CARTESIAN_POINT ( 'NONE',  ( 3.500000000000000888, 0.0000000000000000000, -2.374999999999997780 ) ) ;
#3129 = DIRECTION ( 'NONE',  ( -1.000000000000000000, 0.0000000000000000000, -0.0000000000000000000 ) ) ;
#3130 = ORIENTED_EDGE ( 'NONE', *, *, #5092, .T. ) ;
#3131 = DIRECTION ( 'NONE',  ( 0.0000000000000000000, 0.0000000000000000000, 1.000000000000000000 ) ) ;
#3132 = DIRECTION ( 'NONE',  ( 0.0000000000000000000, -0.0000000000000000000, -1.000000000000000000 ) ) ;
#3133 = ADVANCED_FACE ( 'NONE', ( #505 ), #2316, .T. ) ;
#3134 = CARTESIAN_POINT ( 'NONE',  ( -3.224999999999998757, -0.1000000000000000056, 1.749999999999998224 ) ) ;
#3135 = ORIENTED_EDGE ( 'NONE', *, *, #3365, .T. ) ;
#3136 = ORIENTED_EDGE ( 'NONE', *, *, #320, .T. ) ;
#3137 = VECTOR ( 'NONE', #612, 1000.000000000000000 ) ;
#3138 = EDGE_CURVE ( 'NONE', #2731, #4754, #3454, .T. ) ;
#3139 = DIRECTION ( 'NONE',  ( 0.0000000000000000000, 0.0000000000000000000, 1.000000000000000000 ) ) ;
#3140 = DIRECTION ( 'NONE',  ( 1.000000000000000000, 0.0000000000000000000, -0.0000000000000000000 ) ) ;
#3141 = CARTESIAN_POINT ( 'NONE',  ( 3.225000000000001421, -0.1000000000000000056, -1.124999999999998002 ) ) ;
#3142 = VECTOR ( 'NONE', #5910, 1000.000000000000000 ) ;
#3143 = ORIENTED_EDGE ( 'NONE', *, *, #538, .T. ) ;
#3144 = EDGE_CURVE ( 'NONE', #3016, #2708, #2157, .T. ) ;
#3145 = DIRECTION ( 'NONE',  ( 0.0000000000000000000, 1.000000000000000000, 0.0000000000000000000 ) ) ;
#3146 = EDGE_CURVE ( 'NONE', #2164, #6585, #1142, .T. ) ;
#3147 = ORIENTED_EDGE ( 'NONE', *, *, #3781, .T. ) ;
#3148 = DIRECTION ( 'NONE',  ( -0.0000000000000000000, -1.000000000000000000, -0.0000000000000000000 ) ) ;
#3149 = CARTESIAN_POINT ( 'NONE',  ( 0.0000000000000000000, -0.1000000000000000056, 0.0000000000000000000 ) ) ;
#3150 = ORIENTED_EDGE ( 'NONE', *, *, #401, .T. ) ;
#3151 = DIRECTION ( 'NONE',  ( 0.0000000000000000000, 0.0000000000000000000, -1.000000000000000000 ) ) ;
#3152 = ADVANCED_FACE ( 'NONE', ( #3494 ), #2922, .T. ) ;
#3153 = DIRECTION ( 'NONE',  ( 0.0000000000000000000, 0.0000000000000000000, 1.000000000000000000 ) ) ;
#3154 = ORIENTED_EDGE ( 'NONE', *, *, #2307, .F. ) ;
#3155 = CARTESIAN_POINT ( 'NONE',  ( 2.750000000000000000, 0.0000000000000000000, 2.500000000000000444 ) ) ;
#3156 = PLANE ( 'NONE',  #5260 ) ;
#3157 = CARTESIAN_POINT ( 'NONE',  ( 3.500000000000000888, -0.1000000000000000333, -2.874999999999998668 ) ) ;
#3158 = EDGE_CURVE ( 'NONE', #3983, #1896, #5238, .T. ) ;
#3159 = ORIENTED_EDGE ( 'NONE', *, *, #6284, .F. ) ;
#3160 = VECTOR ( 'NONE', #1934, 1000.000000000000000 ) ;
#3161 = LINE ( 'NONE', #4834, #3160 ) ;
#3162 = DIRECTION ( 'NONE',  ( 1.000000000000000000, 0.0000000000000000000, -0.0000000000000000000 ) ) ;
#3163 = CIRCLE ( 'NONE', #4864, 0.2499999999999997780 ) ;
#3164 = PLANE ( 'NONE',  #1336 ) ;
#3165 = VERTEX_POINT ( 'NONE', #5728 ) ;
#3166 = CARTESIAN_POINT ( 'NONE',  ( 0.1250000000000000278, -0.1000000000000000056, 3.225000000000000533 ) ) ;
#3167 = LINE ( 'NONE', #5309, #5421 ) ;
#3168 = EDGE_CURVE ( 'NONE', #5883, #2203, #1612, .T. ) ;
#3169 = CARTESIAN_POINT ( 'NONE',  ( 3.500000000000001776, 0.0000000000000000000, 1.875000000000001998 ) ) ;
#3170 = ORIENTED_EDGE ( 'NONE', *, *, #7255, .T. ) ;
#3171 = CARTESIAN_POINT ( 'NONE',  ( 0.0000000000000000000, -0.1000000000000000056, 1.375000000000001998 ) ) ;
#3172 = ORIENTED_EDGE ( 'NONE', *, *, #2829, .T. ) ;
#3173 = CIRCLE ( 'NONE', #7041, 0.1250000000000001110 ) ;
#3174 = EDGE_CURVE ( 'NONE', #4167, #4527, #4952, .T. ) ;
#3175 = CARTESIAN_POINT ( 'NONE',  ( 0.8750000000000000000, 0.0000000000000000000, 3.500000000000000888 ) ) ;
#3176 = CIRCLE ( 'NONE', #1581, 0.1249999999999992506 ) ;
#3177 = FACE_OUTER_BOUND ( 'NONE', #913, .T. ) ;
#3178 = EDGE_CURVE ( 'NONE', #6017, #6225, #5796, .T. ) ;
#3179 = DIRECTION ( 'NONE',  ( 0.0000000000000000000, -1.000000000000000000, 0.0000000000000000000 ) ) ;
#3180 = ORIENTED_EDGE ( 'NONE', *, *, #6393, .T. ) ;
#3181 = VECTOR ( 'NONE', #6214, 1000.000000000000000 ) ;
#3182 = LINE ( 'NONE', #1851, #6122 ) ;
#3183 = ADVANCED_FACE ( 'NONE', ( #4049 ), #3381, .F. ) ;
#3184 = VERTEX_POINT ( 'NONE', #3978 ) ;
#3185 = CARTESIAN_POINT ( 'NONE',  ( 0.3750000000000012212, -0.1000000000000000333, -3.499999999999999112 ) ) ;
#3186 = DIRECTION ( 'NONE',  ( 0.0000000000000000000, 0.0000000000000000000, -1.000000000000000000 ) ) ;
#3187 = ORIENTED_EDGE ( 'NONE', *, *, #7299, .T. ) ;
#3188 = EDGE_LOOP ( 'NONE', ( #7156, #3880, #2961, #3291 ) ) ;
#3189 = AXIS2_PLACEMENT_3D ( 'NONE', #5302, #3586, #35 ) ;
#3190 = LINE ( 'NONE', #5501, #2007 ) ;
#3191 = CARTESIAN_POINT ( 'NONE',  ( -3.499999999999998224, -0.1000000000000000333, -0.6250000000000017764 ) ) ;
#3192 = ORIENTED_EDGE ( 'NONE', *, *, #1526, .T. ) ;
#3193 = MECHANICAL_DESIGN_GEOMETRIC_PRESENTATION_REPRESENTATION (  '', ( #6467 ), #5741 ) ;
#3194 = PLANE ( 'NONE',  #4575 ) ;
#3195 = FACE_OUTER_BOUND ( 'NONE', #6421, .T. ) ;
#3196 = LINE ( 'NONE', #6069, #6864 ) ;
#3197 = ORIENTED_EDGE ( 'NONE', *, *, #5680, .F. ) ;
#3198 = VECTOR ( 'NONE', #7503, 1000.000000000000000 ) ;
#3199 = CYLINDRICAL_SURFACE ( 'NONE', #6559, 0.1249999999999992506 ) ;
#3200 = EDGE_CURVE ( 'NONE', #194, #3993, #2846, .T. ) ;
#3201 = CARTESIAN_POINT ( 'NONE',  ( 3.500000000000000888, -0.1000000000000000333, -2.374999999999998224 ) ) ;
#3202 = CARTESIAN_POINT ( 'NONE',  ( -3.499999999999998668, 0.0000000000000000000, 1.374999999999998224 ) ) ;
#3203 = CARTESIAN_POINT ( 'NONE',  ( 3.500000000000001776, 0.0000000000000000000, 0.0000000000000000000 ) ) ;
#3204 = CARTESIAN_POINT ( 'NONE',  ( -2.625000000000000000, -0.1000000000000000333, 3.500000000000000888 ) ) ;
#3205 = DIRECTION ( 'NONE',  ( 0.0000000000000000000, -0.0000000000000000000, -1.000000000000000000 ) ) ;
#3206 = DIRECTION ( 'NONE',  ( 0.0000000000000000000, -0.0000000000000000000, -1.000000000000000000 ) ) ;
#3207 = VERTEX_POINT ( 'NONE', #2277 ) ;
#3208 = ORIENTED_EDGE ( 'NONE', *, *, #2992, .T. ) ;
#3209 = VECTOR ( 'NONE', #4512, 1000.000000000000000 ) ;
#3210 = DIRECTION ( 'NONE',  ( 0.0000000000000000000, 0.0000000000000000000, -1.000000000000000000 ) ) ;
#3211 = DIRECTION ( 'NONE',  ( -0.0000000000000000000, -1.000000000000000000, -0.0000000000000000000 ) ) ;
#3212 = CARTESIAN_POINT ( 'NONE',  ( 0.0000000000000000000, 0.0000000000000000000, 3.500000000000000888 ) ) ;
#3213 = PLANE ( 'NONE',  #1092 ) ;
#3214 = CIRCLE ( 'NONE', #639, 0.1250000000000001110 ) ;
#3215 = DIRECTION ( 'NONE',  ( 0.0000000000000000000, -0.0000000000000000000, 1.000000000000000000 ) ) ;
#3216 = ORIENTED_EDGE ( 'NONE', *, *, #6919, .T. ) ;
#3217 = AXIS2_PLACEMENT_3D ( 'NONE', #7452, #641, #607 ) ;
#3218 = EDGE_CURVE ( 'NONE', #3207, #2682, #4594, .T. ) ;
#3219 = ORIENTED_EDGE ( 'NONE', *, *, #1457, .F. ) ;
#3220 = CARTESIAN_POINT ( 'NONE',  ( 0.0000000000000000000, 0.0000000000000000000, -2.874999999999997335 ) ) ;
#3221 = LINE ( 'NONE', #307, #1197 ) ;
#3222 = ORIENTED_EDGE ( 'NONE', *, *, #3865, .T. ) ;
#3223 = DIRECTION ( 'NONE',  ( 0.0000000000000000000, 0.0000000000000000000, 1.000000000000000000 ) ) ;
#3224 = CIRCLE ( 'NONE', #535, 0.1250000000000001110 ) ;
#3225 = ORIENTED_EDGE ( 'NONE', *, *, #2242, .F. ) ;
#3226 = CARTESIAN_POINT ( 'NONE',  ( 2.375000000000001332, -0.1000000000000000056, -3.224999999999995204 ) ) ;
#3227 = VERTEX_POINT ( 'NONE', #1689 ) ;
#3228 = EDGE_CURVE ( 'NONE', #5628, #1839, #6335, .T. ) ;
#3229 = VECTOR ( 'NONE', #7358, 1000.000000000000000 ) ;
#3230 = AXIS2_PLACEMENT_3D ( 'NONE', #6721, #3836, #364 ) ;
#3231 = DIRECTION ( 'NONE',  ( 0.0000000000000000000, 1.000000000000000000, 0.0000000000000000000 ) ) ;
#3232 = CARTESIAN_POINT ( 'NONE',  ( 2.124999999999999556, 0.0000000000000000000, 0.0000000000000000000 ) ) ;
#3233 = CIRCLE ( 'NONE', #7217, 0.1250000000000001110 ) ;
#3234 = ADVANCED_FACE ( 'NONE', ( #7496 ), #1728, .T. ) ;
#3235 = VECTOR ( 'NONE', #395, 1000.000000000000000 ) ;
#3236 = EDGE_CURVE ( 'NONE', #1613, #124, #6557, .T. ) ;
#3237 = CARTESIAN_POINT ( 'NONE',  ( 1.625000000000002665, 0.0000000000000000000, -3.224999999999995204 ) ) ;
#3238 = DIRECTION ( 'NONE',  ( 0.0000000000000000000, 1.000000000000000000, 0.0000000000000000000 ) ) ;
#3239 = AXIS2_PLACEMENT_3D ( 'NONE', #5606, #386, #7346 ) ;
#3240 = FACE_OUTER_BOUND ( 'NONE', #5350, .T. ) ;
#3241 = ORIENTED_EDGE ( 'NONE', *, *, #3781, .F. ) ;
#3242 = CARTESIAN_POINT ( 'NONE',  ( 2.750000000000002665, -0.1000000000000000056, -3.099999999999996092 ) ) ;
#3243 = PLANE ( 'NONE',  #902 ) ;
#3244 = CARTESIAN_POINT ( 'NONE',  ( -3.224999999999999201, -0.1000000000000000056, -1.625000000000001554 ) ) ;
#3245 = EDGE_CURVE ( 'NONE', #4379, #5883, #679, .T. ) ;
#3246 = VERTEX_POINT ( 'NONE', #47 ) ;
#3247 = ORIENTED_EDGE ( 'NONE', *, *, #2433, .F. ) ;
#3248 = CARTESIAN_POINT ( 'NONE',  ( -3.499999999999999112, -0.1000000000000000333, -2.375000000000002220 ) ) ;
#3249 = CARTESIAN_POINT ( 'NONE',  ( 0.0000000000000000000, -0.1000000000000000056, 0.0000000000000000000 ) ) ;
#3250 = CARTESIAN_POINT ( 'NONE',  ( 0.0000000000000000000, 0.0000000000000000000, -0.3750000000000018319 ) ) ;
#3251 = DIRECTION ( 'NONE',  ( 0.0000000000000000000, -1.000000000000000000, 0.0000000000000000000 ) ) ;
#3252 = ORIENTED_EDGE ( 'NONE', *, *, #3814, .F. ) ;
#3253 = AXIS2_PLACEMENT_3D ( 'NONE', #3107, #7011, #3035 ) ;
#3254 = CARTESIAN_POINT ( 'NONE',  ( -2.499999999999999112, 0.0000000000000000000, -2.499999999999999556 ) ) ;
#3255 = AXIS2_PLACEMENT_3D ( 'NONE', #4682, #585, #1779 ) ;
#3256 = VERTEX_POINT ( 'NONE', #88 ) ;
#3257 = DIRECTION ( 'NONE',  ( 1.000000000000000000, -0.0000000000000000000, 0.0000000000000000000 ) ) ;
#3258 = CARTESIAN_POINT ( 'NONE',  ( -1.624999999999998890, 0.0000000000000000000, -3.224999999999995204 ) ) ;
#3259 = DIRECTION ( 'NONE',  ( 0.0000000000000000000, 0.0000000000000000000, 1.000000000000000000 ) ) ;
#3260 = VERTEX_POINT ( 'NONE', #1296 ) ;
#3261 = DIRECTION ( 'NONE',  ( 0.0000000000000000000, 1.000000000000000000, 0.0000000000000000000 ) ) ;
#3262 = ORIENTED_EDGE ( 'NONE', *, *, #3158, .F. ) ;
#3263 = EDGE_CURVE ( 'NONE', #6565, #7404, #2432, .T. ) ;
#3264 = CARTESIAN_POINT ( 'NONE',  ( -3.224999999999998757, -0.1000000000000000056, -0.8750000000000018874 ) ) ;
#3265 = VERTEX_POINT ( 'NONE', #4742 ) ;
#3266 = CARTESIAN_POINT ( 'NONE',  ( 0.0000000000000000000, -0.1000000000000000056, -2.875000000000001776 ) ) ;
#3267 = CARTESIAN_POINT ( 'NONE',  ( 3.225000000000001421, -0.1000000000000000056, -1.624999999999998002 ) ) ;
#3268 = DIRECTION ( 'NONE',  ( 0.0000000000000000000, 1.000000000000000000, 0.0000000000000000000 ) ) ;
#3269 = ORIENTED_EDGE ( 'NONE', *, *, #555, .F. ) ;
#3270 = DIRECTION ( 'NONE',  ( 0.0000000000000000000, 0.0000000000000000000, 1.000000000000000000 ) ) ;
#3271 = LINE ( 'NONE', #3720, #1117 ) ;
#3272 = EDGE_CURVE ( 'NONE', #6550, #1025, #196, .T. ) ;
#3273 = EDGE_CURVE ( 'NONE', #931, #1439, #4338, .T. ) ;
#3274 = CARTESIAN_POINT ( 'NONE',  ( 0.0000000000000000000, -0.1000000000000000056, 0.0000000000000000000 ) ) ;
#3275 = VERTEX_POINT ( 'NONE', #5902 ) ;
#3276 = DIRECTION ( 'NONE',  ( -0.0000000000000000000, -1.000000000000000000, -0.0000000000000000000 ) ) ;
#3277 = CIRCLE ( 'NONE', #7267, 0.1250000000000001110 ) ;
#3278 = CARTESIAN_POINT ( 'NONE',  ( 1.625000000000002665, -0.1000000000000000056, 0.0000000000000000000 ) ) ;
#3279 = VERTEX_POINT ( 'NONE', #3070 ) ;
#3280 = CARTESIAN_POINT ( 'NONE',  ( 2.624999999999999112, 0.0000000000000000000, 3.225000000000000533 ) ) ;
#3281 = ORIENTED_EDGE ( 'NONE', *, *, #6715, .T. ) ;
#3282 = CARTESIAN_POINT ( 'NONE',  ( 1.624999999999999778, 0.0000000000000000000, 0.0000000000000000000 ) ) ;
#3283 = ORIENTED_EDGE ( 'NONE', *, *, #1686, .T. ) ;
#3284 = VECTOR ( 'NONE', #3925, 1000.000000000000000 ) ;
#3285 = LINE ( 'NONE', #5594, #6959 ) ;
#3286 = EDGE_CURVE ( 'NONE', #7388, #1439, #2472, .T. ) ;
#3287 = CARTESIAN_POINT ( 'NONE',  ( -2.125000000000000000, -0.1000000000000000056, 3.225000000000000533 ) ) ;
#3288 = CARTESIAN_POINT ( 'NONE',  ( 3.225000000000001421, 0.0000000000000000000, -2.124999999999997780 ) ) ;
#3289 = VECTOR ( 'NONE', #5622, 1000.000000000000000 ) ;
#3290 = DIRECTION ( 'NONE',  ( 1.000000000000000000, 0.0000000000000000000, -0.0000000000000000000 ) ) ;
#3291 = ORIENTED_EDGE ( 'NONE', *, *, #6940, .F. ) ;
#3292 = CARTESIAN_POINT ( 'NONE',  ( -0.3750000000000003331, 1.000000000000000000, 3.500000000000000888 ) ) ;
#3293 = EDGE_CURVE ( 'NONE', #2399, #4428, #1838, .T. ) ;
#3294 = VERTEX_POINT ( 'NONE', #3001 ) ;
#3295 = PLANE ( 'NONE',  #1715 ) ;
#3296 = DIRECTION ( 'NONE',  ( 0.0000000000000000000, 1.000000000000000000, 0.0000000000000000000 ) ) ;
#3297 = LINE ( 'NONE', #2735, #984 ) ;
#3298 = ORIENTED_EDGE ( 'NONE', *, *, #6514, .F. ) ;
#3299 = DIRECTION ( 'NONE',  ( 0.0000000000000000000, 0.0000000000000000000, 1.000000000000000000 ) ) ;
#3300 = ORIENTED_EDGE ( 'NONE', *, *, #354, .T. ) ;
#3301 = CARTESIAN_POINT ( 'NONE',  ( 3.000000000000000888, 0.9000000000000001332, 2.750000000000000888 ) ) ;
#3302 = ORIENTED_EDGE ( 'NONE', *, *, #1771, .T. ) ;
#3303 = AXIS2_PLACEMENT_3D ( 'NONE', #7228, #3148, #6594 ) ;
#3304 = ADVANCED_FACE ( 'NONE', ( #715 ), #1333, .T. ) ;
#3305 = EDGE_CURVE ( 'NONE', #449, #5453, #4165, .T. ) ;
#3306 = LINE ( 'NONE', #1538, #3707 ) ;
#3307 = VECTOR ( 'NONE', #3700, 1000.000000000000000 ) ;
#3308 = ORIENTED_EDGE ( 'NONE', *, *, #51, .F. ) ;
#3309 = LINE ( 'NONE', #2041, #2358 ) ;
#3310 = LINE ( 'NONE', #2004, #6505 ) ;
#3311 = VERTEX_POINT ( 'NONE', #1255 ) ;
#3312 = DIRECTION ( 'NONE',  ( -0.0000000000000000000, -1.000000000000000000, -0.0000000000000000000 ) ) ;
#3313 = VECTOR ( 'NONE', #3332, 1000.000000000000000 ) ;
#3314 = FACE_OUTER_BOUND ( 'NONE', #1153, .T. ) ;
#3315 = EDGE_CURVE ( 'NONE', #2308, #4722, #4202, .T. ) ;
#3316 = DIRECTION ( 'NONE',  ( -0.0000000000000000000, -1.000000000000000000, -0.0000000000000000000 ) ) ;
#3317 = LINE ( 'NONE', #6118, #4021 ) ;
#3318 = ORIENTED_EDGE ( 'NONE', *, *, #91, .T. ) ;
#3319 = VECTOR ( 'NONE', #6954, 1000.000000000000000 ) ;
#3320 = PLANE ( 'NONE',  #6087 ) ;
#3321 = CARTESIAN_POINT ( 'NONE',  ( 3.225000000000001421, -0.1000000000000000056, 2.750000000000001776 ) ) ;
#3322 = ORIENTED_EDGE ( 'NONE', *, *, #4114, .F. ) ;
#3323 = FACE_OUTER_BOUND ( 'NONE', #5750, .T. ) ;
#3324 = ORIENTED_EDGE ( 'NONE', *, *, #3076, .F. ) ;
#3325 = LINE ( 'NONE', #2258, #3284 ) ;
#3326 = VERTEX_POINT ( 'NONE', #4090 ) ;
#3327 = CIRCLE ( 'NONE', #4164, 0.1250000000000001110 ) ;
#3328 = LINE ( 'NONE', #4998, #4292 ) ;
#3329 = EDGE_CURVE ( 'NONE', #149, #5095, #5383, .T. ) ;
#3330 = LINE ( 'NONE', #6697, #2510 ) ;
#3331 = DIRECTION ( 'NONE',  ( 0.0000000000000000000, -1.000000000000000000, 0.0000000000000000000 ) ) ;
#3332 = DIRECTION ( 'NONE',  ( 1.000000000000000000, 0.0000000000000000000, -0.0000000000000000000 ) ) ;
#3333 = SURFACE_STYLE_USAGE ( .BOTH. , #6774 ) ;
#3334 = DIRECTION ( 'NONE',  ( -1.000000000000000000, 0.0000000000000000000, 0.0000000000000000000 ) ) ;
#3335 = VECTOR ( 'NONE', #464, 1000.000000000000000 ) ;
#3336 = VERTEX_POINT ( 'NONE', #4127 ) ;
#3337 = AXIS2_PLACEMENT_3D ( 'NONE', #632, #3023, #5922 ) ;
#3338 = ORIENTED_EDGE ( 'NONE', *, *, #3022, .F. ) ;
#3339 = DIRECTION ( 'NONE',  ( -1.000000000000000000, -0.0000000000000000000, 0.0000000000000000000 ) ) ;
#3340 = DIRECTION ( 'NONE',  ( -1.000000000000000000, -0.0000000000000000000, -0.0000000000000000000 ) ) ;
#3341 = ORIENTED_EDGE ( 'NONE', *, *, #3446, .T. ) ;
#3342 = CARTESIAN_POINT ( 'NONE',  ( 0.0000000000000000000, -0.1000000000000000056, 0.6250000000000028866 ) ) ;
#3343 = ORIENTED_EDGE ( 'NONE', *, *, #6010, .F. ) ;
#3344 = DIRECTION ( 'NONE',  ( -0.0000000000000000000, -1.000000000000000000, -0.0000000000000000000 ) ) ;
#3345 = VERTEX_POINT ( 'NONE', #6448 ) ;
#3346 = VECTOR ( 'NONE', #4354, 1000.000000000000000 ) ;
#3347 = EDGE_CURVE ( 'NONE', #7422, #743, #1217, .T. ) ;
#3348 = VERTEX_POINT ( 'NONE', #1915 ) ;
#3349 = STYLED_ITEM ( 'NONE', ( #6127 ), #1261 ) ;
#3350 = ORIENTED_EDGE ( 'NONE', *, *, #5503, .T. ) ;
#3351 = CARTESIAN_POINT ( 'NONE',  ( 1.125000000000002665, -0.1000000000000000056, 0.0000000000000000000 ) ) ;
#3352 = ORIENTED_EDGE ( 'NONE', *, *, #5330, .T. ) ;
#3353 = CARTESIAN_POINT ( 'NONE',  ( -0.8750000000000002220, -0.1000000000000000056, 0.0000000000000000000 ) ) ;
#3354 = AXIS2_PLACEMENT_3D ( 'NONE', #5772, #513, #4058 ) ;
#3355 = DIRECTION ( 'NONE',  ( 0.0000000000000000000, 0.0000000000000000000, -1.000000000000000000 ) ) ;
#3356 = CARTESIAN_POINT ( 'NONE',  ( 0.7500000000000019984, -0.1000000000000000056, -3.099999999999996092 ) ) ;
#3357 = DIRECTION ( 'NONE',  ( -0.0000000000000000000, -1.000000000000000000, -0.0000000000000000000 ) ) ;
#3358 = ORIENTED_EDGE ( 'NONE', *, *, #4968, .F. ) ;
#3359 = DIRECTION ( 'NONE',  ( 0.0000000000000000000, -1.000000000000000000, 0.0000000000000000000 ) ) ;
#3360 = CARTESIAN_POINT ( 'NONE',  ( 3.500000000000001332, 0.0000000000000000000, 0.0000000000000000000 ) ) ;
#3361 = VECTOR ( 'NONE', #2556, 1000.000000000000000 ) ;
#3362 = ORIENTED_EDGE ( 'NONE', *, *, #3688, .T. ) ;
#3363 = PLANE ( 'NONE',  #920 ) ;
#3364 = ORIENTED_EDGE ( 'NONE', *, *, #2862, .F. ) ;
#3365 = EDGE_CURVE ( 'NONE', #7287, #6373, #4239, .T. ) ;
#3366 = ADVANCED_FACE ( 'NONE', ( #5563 ), #4965, .T. ) ;
#3367 = CARTESIAN_POINT ( 'NONE',  ( 0.2500000000000019429, 0.0000000000000000000, -3.224999999999995204 ) ) ;
#3368 = VECTOR ( 'NONE', #4877, 1000.000000000000000 ) ;
#3369 = DIRECTION ( 'NONE',  ( 0.0000000000000000000, 1.000000000000000000, -0.0000000000000000000 ) ) ;
#3370 = CARTESIAN_POINT ( 'NONE',  ( 0.8750000000000012212, -0.1000000000000000056, 0.0000000000000000000 ) ) ;
#3371 = CARTESIAN_POINT ( 'NONE',  ( -3.224999999999998757, -0.1000000000000000056, -2.625000000000001332 ) ) ;
#3372 = FACE_OUTER_BOUND ( 'NONE', #3693, .T. ) ;
#3373 = EDGE_LOOP ( 'NONE', ( #4524, #2446, #469, #5158 ) ) ;
#3374 = FACE_OUTER_BOUND ( 'NONE', #2223, .T. ) ;
#3375 = EDGE_CURVE ( 'NONE', #124, #4523, #4314, .T. ) ;
#3376 = ADVANCED_FACE ( 'NONE', ( #3702 ), #860, .T. ) ;
#3377 = CARTESIAN_POINT ( 'NONE',  ( -1.625000000000000444, 0.0000000000000000000, 0.0000000000000000000 ) ) ;
#3378 = DIRECTION ( 'NONE',  ( -0.0000000000000000000, -1.000000000000000000, 0.0000000000000000000 ) ) ;
#3379 = VECTOR ( 'NONE', #1765, 1000.000000000000000 ) ;
#3380 = EDGE_LOOP ( 'NONE', ( #6674, #7462, #5013, #1332 ) ) ;
#3381 = PLANE ( 'NONE',  #4833 ) ;
#3382 = VERTEX_POINT ( 'NONE', #1410 ) ;
#3383 = ORIENTED_EDGE ( 'NONE', *, *, #2488, .T. ) ;
#3384 = VECTOR ( 'NONE', #1208, 1000.000000000000000 ) ;
#3385 = VERTEX_POINT ( 'NONE', #786 ) ;
#3386 = ORIENTED_EDGE ( 'NONE', *, *, #4321, .F. ) ;
#3387 = CARTESIAN_POINT ( 'NONE',  ( 0.2500000000000019429, 0.0000000000000000000, -3.099999999999996092 ) ) ;
#3388 = LINE ( 'NONE', #472, #6869 ) ;
#3389 = ORIENTED_EDGE ( 'NONE', *, *, #3557, .F. ) ;
#3390 = CARTESIAN_POINT ( 'NONE',  ( 0.0000000000000000000, -0.1000000000000000056, 0.0000000000000000000 ) ) ;
#3391 = CARTESIAN_POINT ( 'NONE',  ( 0.7500000000000019984, 0.0000000000000000000, -3.099999999999996092 ) ) ;
#3392 = LINE ( 'NONE', #3539, #1512 ) ;
#3393 = EDGE_CURVE ( 'NONE', #2499, #4821, #5418, .T. ) ;
#3394 = ORIENTED_EDGE ( 'NONE', *, *, #3305, .F. ) ;
#3395 = DIRECTION ( 'NONE',  ( 0.0000000000000000000, 0.0000000000000000000, 1.000000000000000000 ) ) ;
#3396 = FACE_OUTER_BOUND ( 'NONE', #3864, .T. ) ;
#3397 = VERTEX_POINT ( 'NONE', #5454 ) ;
#3398 = CARTESIAN_POINT ( 'NONE',  ( -1.624999999999998890, -0.1000000000000000056, 0.0000000000000000000 ) ) ;
#3399 = VERTEX_POINT ( 'NONE', #338 ) ;
#3400 = LINE ( 'NONE', #5783, #4668 ) ;
#3401 = CARTESIAN_POINT ( 'NONE',  ( 3.225000000000001421, 0.0000000000000000000, -2.624999999999997780 ) ) ;
#3402 = VECTOR ( 'NONE', #4361, 1000.000000000000000 ) ;
#3403 = ADVANCED_FACE ( 'NONE', ( #3735 ), #6702, .T. ) ;
#3404 = CARTESIAN_POINT ( 'NONE',  ( -1.874999999999997335, -0.1000000000000000056, 0.0000000000000000000 ) ) ;
#3405 = CARTESIAN_POINT ( 'NONE',  ( 0.0000000000000000000, -0.1000000000000000056, -1.375000000000001776 ) ) ;
#3406 = ORIENTED_EDGE ( 'NONE', *, *, #4034, .T. ) ;
#3407 = CARTESIAN_POINT ( 'NONE',  ( 1.375000000000001332, 0.0000000000000000000, -3.224999999999995204 ) ) ;
#3408 = EDGE_CURVE ( 'NONE', #2383, #3336, #3020, .T. ) ;
#3409 = DIRECTION ( 'NONE',  ( 0.0000000000000000000, 0.0000000000000000000, 1.000000000000000000 ) ) ;
#3410 = EDGE_LOOP ( 'NONE', ( #4844, #4442, #1893, #785 ) ) ;
#3411 = CIRCLE ( 'NONE', #2063, 0.1249999999999992506 ) ;
#3412 = CARTESIAN_POINT ( 'NONE',  ( 1.971276677246380985E-15, -0.1000000000000000056, -0.6250000000000079936 ) ) ;
#3413 = DIRECTION ( 'NONE',  ( -0.0000000000000000000, -0.0000000000000000000, 1.000000000000000000 ) ) ;
#3414 = CARTESIAN_POINT ( 'NONE',  ( -3.224999999999998757, 0.0000000000000000000, -2.250000000000001776 ) ) ;
#3415 = VERTEX_POINT ( 'NONE', #6015 ) ;
#3416 = LINE ( 'NONE', #1691, #340 ) ;
#3417 = ORIENTED_EDGE ( 'NONE', *, *, #152, .F. ) ;
#3418 = PRESENTATION_LAYER_ASSIGNMENT (  '', '', ( #5714 ) ) ;
#3419 = VECTOR ( 'NONE', #7488, 1000.000000000000000 ) ;
#3420 = ORIENTED_EDGE ( 'NONE', *, *, #393, .F. ) ;
#3421 = ORIENTED_EDGE ( 'NONE', *, *, #5538, .T. ) ;
#3422 = ORIENTED_EDGE ( 'NONE', *, *, #1424, .T. ) ;
#3423 = CARTESIAN_POINT ( 'NONE',  ( 0.0000000000000000000, 0.0000000000000000000, 1.374999999999998446 ) ) ;
#3424 = CIRCLE ( 'NONE', #4639, 0.2500000000000002220 ) ;
#3425 = CARTESIAN_POINT ( 'NONE',  ( -2.125000000000000000, -0.1000000000000000056, 3.225000000000000533 ) ) ;
#3426 = ORIENTED_EDGE ( 'NONE', *, *, #4611, .F. ) ;
#3427 = EDGE_CURVE ( 'NONE', #4290, #1896, #2691, .T. ) ;
#3428 = DIRECTION ( 'NONE',  ( 0.0000000000000000000, 0.0000000000000000000, 1.000000000000000000 ) ) ;
#3429 = CARTESIAN_POINT ( 'NONE',  ( 3.500000000000001776, -0.1000000000000000333, 2.625000000000001776 ) ) ;
#3430 = LINE ( 'NONE', #6991, #1603 ) ;
#3431 = LINE ( 'NONE', #5140, #6016 ) ;
#3432 = ORIENTED_EDGE ( 'NONE', *, *, #175, .F. ) ;
#3433 = AXIS2_PLACEMENT_3D ( 'NONE', #6170, #5640, #4459 ) ;
#3434 = VERTEX_POINT ( 'NONE', #301 ) ;
#3435 = CARTESIAN_POINT ( 'NONE',  ( -3.224999999999998757, -0.1000000000000000056, 2.124999999999998224 ) ) ;
#3436 = EDGE_LOOP ( 'NONE', ( #4054, #2930, #1735, #2794 ) ) ;
#3437 = ADVANCED_FACE ( 'NONE', ( #2026 ), #819, .T. ) ;
#3438 = CARTESIAN_POINT ( 'NONE',  ( 2.250000000000000444, -0.1000000000000000056, 3.225000000000000533 ) ) ;
#3439 = PLANE ( 'NONE',  #5522 ) ;
#3440 = VECTOR ( 'NONE', #590, 1000.000000000000000 ) ;
#3441 = DIRECTION ( 'NONE',  ( -0.0000000000000000000, -1.000000000000000000, -0.0000000000000000000 ) ) ;
#3442 = CARTESIAN_POINT ( 'NONE',  ( -2.749999999999999112, -0.1000000000000000056, -2.499999999999997780 ) ) ;
#3443 = DIRECTION ( 'NONE',  ( 0.0000000000000000000, -1.000000000000000000, 0.0000000000000000000 ) ) ;
#3444 = DIRECTION ( 'NONE',  ( -0.0000000000000000000, -1.000000000000000000, -0.0000000000000000000 ) ) ;
#3445 = PRODUCT_DEFINITION_FORMATION_WITH_SPECIFIED_SOURCE ( 'ANY', '', #3088, .NOT_KNOWN. ) ;
#3446 = EDGE_CURVE ( 'NONE', #4650, #1660, #5003, .T. ) ;
#3447 = EDGE_CURVE ( 'NONE', #3635, #762, #938, .T. ) ;
#3448 = DIRECTION ( 'NONE',  ( 0.0000000000000000000, -1.000000000000000000, 0.0000000000000000000 ) ) ;
#3449 = DIRECTION ( 'NONE',  ( -0.0000000000000000000, -1.000000000000000000, -0.0000000000000000000 ) ) ;
#3450 = VECTOR ( 'NONE', #6771, 1000.000000000000000 ) ;
#3451 = DIRECTION ( 'NONE',  ( 0.0000000000000000000, -0.0000000000000000000, 1.000000000000000000 ) ) ;
#3452 = VERTEX_POINT ( 'NONE', #4388 ) ;
#3453 = EDGE_CURVE ( 'NONE', #1358, #6396, #1485, .T. ) ;
#3454 = LINE ( 'NONE', #3901, #2632 ) ;
#3455 = ORIENTED_EDGE ( 'NONE', *, *, #1526, .F. ) ;
#3456 = ORIENTED_EDGE ( 'NONE', *, *, #1780, .T. ) ;
#3457 = EDGE_CURVE ( 'NONE', #2781, #1705, #3809, .T. ) ;
#3458 = ADVANCED_FACE ( 'NONE', ( #2613 ), #901, .T. ) ;
#3459 = AXIS2_PLACEMENT_3D ( 'NONE', #1089, #3965, #1787 ) ;
#3460 = ORIENTED_EDGE ( 'NONE', *, *, #4962, .T. ) ;
#3461 = CARTESIAN_POINT ( 'NONE',  ( -1.750000000000000222, 0.0000000000000000000, 3.225000000000000533 ) ) ;
#3462 = CARTESIAN_POINT ( 'NONE',  ( -0.3749999999999972800, 0.0000000000000000000, -3.224999999999995204 ) ) ;
#3463 = VECTOR ( 'NONE', #5332, 1000.000000000000000 ) ;
#3464 = ORIENTED_EDGE ( 'NONE', *, *, #2703, .F. ) ;
#3465 = EDGE_CURVE ( 'NONE', #2276, #4451, #3773, .T. ) ;
#3466 = PLANE ( 'NONE',  #5392 ) ;
#3467 = DIRECTION ( 'NONE',  ( 0.0000000000000000000, 0.0000000000000000000, 1.000000000000000000 ) ) ;
#3468 = ORIENTED_EDGE ( 'NONE', *, *, #2664, .F. ) ;
#3469 = EDGE_CURVE ( 'NONE', #1692, #14, #7149, .T. ) ;
#3470 = CARTESIAN_POINT ( 'NONE',  ( -3.499999999999999112, -0.1000000000000000472, -3.499999999999999112 ) ) ;
#3471 = CARTESIAN_POINT ( 'NONE',  ( 2.375000000000000000, 0.0000000000000000000, 3.225000000000000533 ) ) ;
#3472 = EDGE_CURVE ( 'NONE', #57, #4343, #6209, .T. ) ;
#3473 = ORIENTED_EDGE ( 'NONE', *, *, #1060, .F. ) ;
#3474 = CIRCLE ( 'NONE', #2991, 0.1249999999999996808 ) ;
#3475 = ORIENTED_EDGE ( 'NONE', *, *, #5538, .F. ) ;
#3476 = DIRECTION ( 'NONE',  ( -0.0000000000000000000, -1.000000000000000000, -0.0000000000000000000 ) ) ;
#3477 = DIRECTION ( 'NONE',  ( -0.0000000000000000000, -1.000000000000000000, -0.0000000000000000000 ) ) ;
#3478 = VECTOR ( 'NONE', #1653, 1000.000000000000000 ) ;
#3479 = DIRECTION ( 'NONE',  ( 0.0000000000000000000, 0.0000000000000000000, 1.000000000000000000 ) ) ;
#3480 = AXIS2_PLACEMENT_3D ( 'NONE', #4409, #5666, #6650 ) ;
#3481 = CARTESIAN_POINT ( 'NONE',  ( 2.375000000000000888, -0.1000000000000000333, -3.499999999999999112 ) ) ;
#3482 = CARTESIAN_POINT ( 'NONE',  ( -0.6249999999999987788, 0.0000000000000000000, 0.0000000000000000000 ) ) ;
#3483 = ADVANCED_FACE ( 'NONE', ( #5643 ), #2306, .T. ) ;
#3484 = LINE ( 'NONE', #603, #3384 ) ;
#3485 = ORIENTED_EDGE ( 'NONE', *, *, #1776, .T. ) ;
#3486 = ORIENTED_EDGE ( 'NONE', *, *, #4478, .F. ) ;
#3487 = VECTOR ( 'NONE', #4363, 1000.000000000000000 ) ;
#3488 = DIRECTION ( 'NONE',  ( 0.0000000000000000000, 0.0000000000000000000, 1.000000000000000000 ) ) ;
#3489 = FACE_OUTER_BOUND ( 'NONE', #2518, .T. ) ;
#3490 = DIRECTION ( 'NONE',  ( -0.0000000000000000000, -1.000000000000000000, -0.0000000000000000000 ) ) ;
#3491 = CIRCLE ( 'NONE', #771, 0.1249999999999996808 ) ;
#3492 = CYLINDRICAL_SURFACE ( 'NONE', #4206, 0.1250000000000001110 ) ;
#3493 = ORIENTED_EDGE ( 'NONE', *, *, #6048, .T. ) ;
#3494 = FACE_OUTER_BOUND ( 'NONE', #5404, .T. ) ;
#3495 = VERTEX_POINT ( 'NONE', #1563 ) ;
#3496 = VERTEX_POINT ( 'NONE', #2878 ) ;
#3497 = ADVANCED_FACE ( 'NONE', ( #5755 ), #7485, .F. ) ;
#3498 = ADVANCED_FACE ( 'NONE', ( #2148 ), #420, .T. ) ;
#3499 = ORIENTED_EDGE ( 'NONE', *, *, #760, .F. ) ;
#3500 = DIRECTION ( 'NONE',  ( -0.0000000000000000000, 0.0000000000000000000, -1.000000000000000000 ) ) ;
#3501 = DIRECTION ( 'NONE',  ( -0.0000000000000000000, 1.000000000000000000, 0.0000000000000000000 ) ) ;
#3502 = ADVANCED_FACE ( 'NONE', ( #3372 ), #5078, .F. ) ;
#3503 = DIRECTION ( 'NONE',  ( 0.0000000000000000000, 0.0000000000000000000, 1.000000000000000000 ) ) ;
#3504 = CARTESIAN_POINT ( 'NONE',  ( -3.499999999999998224, -0.1000000000000000333, 0.1249999999999980294 ) ) ;
#3505 = AXIS2_PLACEMENT_3D ( 'NONE', #3134, #7139, #5445 ) ;
#3506 = ORIENTED_EDGE ( 'NONE', *, *, #719, .F. ) ;
#3507 = CARTESIAN_POINT ( 'NONE',  ( 0.6249999999999997780, -0.1000000000000000056, 3.225000000000000533 ) ) ;
#3508 =( NAMED_UNIT ( * ) SI_UNIT ( $, .STERADIAN. ) SOLID_ANGLE_UNIT ( ) );
#3509 = EDGE_LOOP ( 'NONE', ( #6729, #5955, #6827, #3774 ) ) ;
#3510 = CARTESIAN_POINT ( 'NONE',  ( 0.0000000000000000000, 0.0000000000000000000, -0.1250000000000016376 ) ) ;
#3511 = ORIENTED_EDGE ( 'NONE', *, *, #1149, .T. ) ;
#3512 = EDGE_CURVE ( 'NONE', #4323, #1061, #2186, .T. ) ;
#3513 = CARTESIAN_POINT ( 'NONE',  ( -2.249999999999998224, 0.0000000000000000000, -3.224999999999995204 ) ) ;
#3514 = DIRECTION ( 'NONE',  ( 0.0000000000000000000, 0.0000000000000000000, 1.000000000000000000 ) ) ;
#3515 = LINE ( 'NONE', #4190, #975 ) ;
#3516 = DIRECTION ( 'NONE',  ( 0.0000000000000000000, 0.0000000000000000000, 1.000000000000000000 ) ) ;
#3517 = EDGE_LOOP ( 'NONE', ( #7046, #2533, #7169, #3208 ) ) ;
#3518 = ADVANCED_FACE ( 'NONE', ( #6775 ), #1017, .T. ) ;
#3519 = DIRECTION ( 'NONE',  ( 0.0000000000000000000, -0.0000000000000000000, -1.000000000000000000 ) ) ;
#3520 = CARTESIAN_POINT ( 'NONE',  ( 1.124999999999999778, -0.1000000000000000056, 3.225000000000000533 ) ) ;
#3521 =( NAMED_UNIT ( * ) PLANE_ANGLE_UNIT ( ) SI_UNIT ( $, .RADIAN. ) );
#3522 = LINE ( 'NONE', #5901, #70 ) ;
#3523 = ORIENTED_EDGE ( 'NONE', *, *, #826, .F. ) ;
#3524 = VECTOR ( 'NONE', #5366, 1000.000000000000000 ) ;
#3525 = DIRECTION ( 'NONE',  ( 0.0000000000000000000, 1.000000000000000000, 0.0000000000000000000 ) ) ;
#3526 = ORIENTED_EDGE ( 'NONE', *, *, #6306, .T. ) ;
#3527 = ORIENTED_EDGE ( 'NONE', *, *, #1670, .F. ) ;
#3528 = EDGE_CURVE ( 'NONE', #3495, #5671, #5191, .T. ) ;
#3529 = VECTOR ( 'NONE', #5664, 1000.000000000000000 ) ;
#3530 = ORIENTED_EDGE ( 'NONE', *, *, #2001, .T. ) ;
#3531 = CARTESIAN_POINT ( 'NONE',  ( -3.499999999999998224, 0.0000000000000000000, 0.0000000000000000000 ) ) ;
#3532 = DIRECTION ( 'NONE',  ( 1.000000000000000000, 0.0000000000000000000, -0.0000000000000000000 ) ) ;
#3533 = ORIENTED_EDGE ( 'NONE', *, *, #2401, .F. ) ;
#3534 = CARTESIAN_POINT ( 'NONE',  ( 0.8750000000000011102, -0.1000000000000000056, 3.449734185181148186E-16 ) ) ;
#3535 = CIRCLE ( 'NONE', #5830, 0.1249999999999996808 ) ;
#3536 = EDGE_CURVE ( 'NONE', #792, #6344, #5198, .T. ) ;
#3537 = ADVANCED_FACE ( 'NONE', ( #2729 ), #5041, .T. ) ;
#3538 = CARTESIAN_POINT ( 'NONE',  ( -0.1250000000000002220, 0.0000000000000000000, 0.0000000000000000000 ) ) ;
#3539 = CARTESIAN_POINT ( 'NONE',  ( 0.3750000000000012768, -0.1000000000000000056, -3.224999999999995204 ) ) ;
#3540 = AXIS2_PLACEMENT_3D ( 'NONE', #4208, #580, #18 ) ;
#3541 = ORIENTED_EDGE ( 'NONE', *, *, #6125, .F. ) ;
#3542 = PLANE ( 'NONE',  #1727 ) ;
#3543 = CARTESIAN_POINT ( 'NONE',  ( 0.0000000000000000000, -0.1000000000000000056, 2.375000000000002220 ) ) ;
#3544 = ORIENTED_EDGE ( 'NONE', *, *, #5936, .T. ) ;
#3545 = DIRECTION ( 'NONE',  ( 1.000000000000000000, -0.0000000000000000000, 9.856383386231840338E-17 ) ) ;
#3546 = VECTOR ( 'NONE', #5381, 1000.000000000000000 ) ;
#3547 = EDGE_CURVE ( 'NONE', #4972, #4828, #1094, .T. ) ;
#3548 = PLANE ( 'NONE',  #3337 ) ;
#3549 = CARTESIAN_POINT ( 'NONE',  ( -3.224999999999998757, -0.1000000000000000056, -0.2500000000000017208 ) ) ;
#3550 = CARTESIAN_POINT ( 'NONE',  ( -3.224999999999998757, -0.1000000000000000056, 0.7499999999999983347 ) ) ;
#3551 = VERTEX_POINT ( 'NONE', #6247 ) ;
#3552 = VECTOR ( 'NONE', #3276, 1000.000000000000000 ) ;
#3553 = CARTESIAN_POINT ( 'NONE',  ( 3.225000000000001421, -0.1000000000000000056, 0.3750000000000021649 ) ) ;
#3554 = PLANE ( 'NONE',  #4598 ) ;
#3555 = EDGE_CURVE ( 'NONE', #5982, #1501, #6323, .T. ) ;
#3556 = VERTEX_POINT ( 'NONE', #5116 ) ;
#3557 = EDGE_CURVE ( 'NONE', #4725, #1351, #7412, .T. ) ;
#3558 = AXIS2_PLACEMENT_3D ( 'NONE', #2783, #279, #4945 ) ;
#3559 = DIRECTION ( 'NONE',  ( -1.000000000000000000, 0.0000000000000000000, -0.0000000000000000000 ) ) ;
#3560 = DIRECTION ( 'NONE',  ( -0.0000000000000000000, -1.000000000000000000, -0.0000000000000000000 ) ) ;
#3561 = DIRECTION ( 'NONE',  ( 1.000000000000000000, 0.0000000000000000000, -0.0000000000000000000 ) ) ;
#3562 = DIRECTION ( 'NONE',  ( -0.0000000000000000000, 1.000000000000000000, 0.0000000000000000000 ) ) ;
#3563 = ORIENTED_EDGE ( 'NONE', *, *, #804, .F. ) ;
#3564 = EDGE_CURVE ( 'NONE', #1070, #1583, #2420, .T. ) ;
#3565 = DIRECTION ( 'NONE',  ( 0.0000000000000000000, 0.0000000000000000000, 1.000000000000000000 ) ) ;
#3566 = ORIENTED_EDGE ( 'NONE', *, *, #3963, .F. ) ;
#3567 = ORIENTED_EDGE ( 'NONE', *, *, #4916, .F. ) ;
#3568 = CYLINDRICAL_SURFACE ( 'NONE', #3894, 0.1249999999999992506 ) ;
#3569 = EDGE_LOOP ( 'NONE', ( #1266, #4213, #4204, #5862 ) ) ;
#3570 = CARTESIAN_POINT ( 'NONE',  ( 1.375000000000000000, 0.0000000000000000000, 3.500000000000000888 ) ) ;
#3571 = ADVANCED_FACE ( 'NONE', ( #496 ), #5150, .T. ) ;
#3572 = ORIENTED_EDGE ( 'NONE', *, *, #5468, .T. ) ;
#3573 = CARTESIAN_POINT ( 'NONE',  ( -1.249999999999998002, -0.1000000000000000056, -3.099999999999996092 ) ) ;
#3574 = VECTOR ( 'NONE', #3210, 1000.000000000000000 ) ;
#3575 = CARTESIAN_POINT ( 'NONE',  ( 3.500000000000000888, -0.1000000000000000472, -3.499999999999999112 ) ) ;
#3576 = LINE ( 'NONE', #1928, #4815 ) ;
#3577 = VECTOR ( 'NONE', #884, 1000.000000000000000 ) ;
#3578 = DIRECTION ( 'NONE',  ( -0.0000000000000000000, -1.000000000000000000, -0.0000000000000000000 ) ) ;
#3579 = CARTESIAN_POINT ( 'NONE',  ( -2.374999999999997335, -0.1000000000000000056, 0.0000000000000000000 ) ) ;
#3580 = LINE ( 'NONE', #5855, #6556 ) ;
#3581 = VECTOR ( 'NONE', #6667, 1000.000000000000000 ) ;
#3582 = CARTESIAN_POINT ( 'NONE',  ( -3.499999999999999112, -0.1000000000000000472, -3.499999999999999112 ) ) ;
#3583 = CARTESIAN_POINT ( 'NONE',  ( -3.499999999999998668, 0.0000000000000000000, -1.625000000000001554 ) ) ;
#3584 = CARTESIAN_POINT ( 'NONE',  ( -0.1249999999999988065, -0.1000000000000000056, 0.0000000000000000000 ) ) ;
#3585 = VERTEX_POINT ( 'NONE', #1830 ) ;
#3586 = DIRECTION ( 'NONE',  ( -0.0000000000000000000, -1.000000000000000000, -0.0000000000000000000 ) ) ;
#3587 = VECTOR ( 'NONE', #223, 1000.000000000000000 ) ;
#3588 = DIRECTION ( 'NONE',  ( 0.0000000000000000000, 1.000000000000000000, -0.0000000000000000000 ) ) ;
#3589 = VERTEX_POINT ( 'NONE', #568 ) ;
#3590 = DIRECTION ( 'NONE',  ( -0.7071067811865469066, 0.0000000000000000000, -0.7071067811865482389 ) ) ;
#3591 = VERTEX_POINT ( 'NONE', #4153 ) ;
#3592 = VECTOR ( 'NONE', #4679, 1000.000000000000000 ) ;
#3593 = CIRCLE ( 'NONE', #4568, 0.1249999999999992506 ) ;
#3594 = PLANE ( 'NONE',  #6128 ) ;
#3595 = CARTESIAN_POINT ( 'NONE',  ( -1.124999999999998890, 0.0000000000000000000, -3.224999999999995204 ) ) ;
#3596 = PLANE ( 'NONE',  #2949 ) ;
#3597 = CARTESIAN_POINT ( 'NONE',  ( 0.6249999999999997780, 0.0000000000000000000, 3.225000000000000533 ) ) ;
#3598 = ORIENTED_EDGE ( 'NONE', *, *, #2649, .T. ) ;
#3599 = AXIS2_PLACEMENT_3D ( 'NONE', #5320, #7016, #4751 ) ;
#3600 = DIRECTION ( 'NONE',  ( 1.000000000000000000, 0.0000000000000000000, -0.0000000000000000000 ) ) ;
#3601 = VECTOR ( 'NONE', #6500, 1000.000000000000000 ) ;
#3602 = EDGE_LOOP ( 'NONE', ( #5935, #3108, #7474, #946 ) ) ;
#3603 = EDGE_CURVE ( 'NONE', #170, #5654, #1793, .T. ) ;
#3604 = CIRCLE ( 'NONE', #428, 0.1250000000000001110 ) ;
#3605 = EDGE_CURVE ( 'NONE', #3763, #2857, #3029, .T. ) ;
#3606 = VERTEX_POINT ( 'NONE', #2386 ) ;
#3607 = DIRECTION ( 'NONE',  ( -1.000000000000000000, 0.0000000000000000000, -3.154042683594174709E-15 ) ) ;
#3608 = EDGE_LOOP ( 'NONE', ( #2357, #1337, #2106, #4509 ) ) ;
#3609 = DIRECTION ( 'NONE',  ( 0.0000000000000000000, 0.0000000000000000000, 1.000000000000000000 ) ) ;
#3610 = DIRECTION ( 'NONE',  ( 0.0000000000000000000, 1.000000000000000000, 0.0000000000000000000 ) ) ;
#3611 = ORIENTED_EDGE ( 'NONE', *, *, #3293, .T. ) ;
#3612 = EDGE_CURVE ( 'NONE', #1179, #3589, #6897, .T. ) ;
#3613 = LINE ( 'NONE', #3538, #1871 ) ;
#3614 = DIRECTION ( 'NONE',  ( -1.000000000000000000, -0.0000000000000000000, -0.0000000000000000000 ) ) ;
#3615 = LINE ( 'NONE', #5395, #5967 ) ;
#3616 = CARTESIAN_POINT ( 'NONE',  ( -2.625000000000000000, -0.1000000000000000056, 0.0000000000000000000 ) ) ;
#3617 = EDGE_LOOP ( 'NONE', ( #2474, #854, #919, #3643 ) ) ;
#3618 = VECTOR ( 'NONE', #3525, 1000.000000000000000 ) ;
#3619 = CARTESIAN_POINT ( 'NONE',  ( 0.0000000000000000000, -0.1000000000000000056, 0.0000000000000000000 ) ) ;
#3620 = EDGE_CURVE ( 'NONE', #191, #2814, #4232, .T. ) ;
#3621 = AXIS2_PLACEMENT_3D ( 'NONE', #7106, #6437, #4081 ) ;
#3622 = CARTESIAN_POINT ( 'NONE',  ( -2.249999999999998224, -0.1000000000000000056, -3.224999999999995204 ) ) ;
#3623 = ORIENTED_EDGE ( 'NONE', *, *, #992, .F. ) ;
#3624 = CARTESIAN_POINT ( 'NONE',  ( 2.625000000000002665, -0.1000000000000000333, -3.499999999999999112 ) ) ;
#3625 = DIRECTION ( 'NONE',  ( 0.0000000000000000000, 1.000000000000000000, 0.0000000000000000000 ) ) ;
#3626 = ORIENTED_EDGE ( 'NONE', *, *, #5585, .F. ) ;
#3627 = DIRECTION ( 'NONE',  ( 1.239088197126291063E-16, 0.0000000000000000000, 1.000000000000000000 ) ) ;
#3628 = ADVANCED_FACE ( 'NONE', ( #6476 ), #3, .T. ) ;
#3629 = CARTESIAN_POINT ( 'NONE',  ( 0.0000000000000000000, -0.1000000000000000056, -0.6250000000000016653 ) ) ;
#3630 = DIRECTION ( 'NONE',  ( 0.0000000000000000000, 0.0000000000000000000, 1.000000000000000000 ) ) ;
#3631 = ORIENTED_EDGE ( 'NONE', *, *, #4813, .T. ) ;
#3632 = EDGE_CURVE ( 'NONE', #578, #3336, #112, .T. ) ;
#3633 = VERTEX_POINT ( 'NONE', #5892 ) ;
#3634 = DIRECTION ( 'NONE',  ( 0.0000000000000000000, -1.000000000000000000, -0.0000000000000000000 ) ) ;
#3635 = VERTEX_POINT ( 'NONE', #1285 ) ;
#3636 = LINE ( 'NONE', #2441, #2486 ) ;
#3637 = DIRECTION ( 'NONE',  ( 0.0000000000000000000, 0.0000000000000000000, 1.000000000000000000 ) ) ;
#3638 = EDGE_LOOP ( 'NONE', ( #1803, #1763, #6418, #2947 ) ) ;
#3639 = ORIENTED_EDGE ( 'NONE', *, *, #4455, .F. ) ;
#3640 = EDGE_CURVE ( 'NONE', #2920, #3265, #3484, .T. ) ;
#3641 = CARTESIAN_POINT ( 'NONE',  ( 2.625000000000002665, 0.0000000000000000000, -3.499999999999999112 ) ) ;
#3642 = FACE_OUTER_BOUND ( 'NONE', #2293, .T. ) ;
#3643 = ORIENTED_EDGE ( 'NONE', *, *, #1145, .T. ) ;
#3644 = CARTESIAN_POINT ( 'NONE',  ( 0.0000000000000000000, -0.1000000000000000056, 1.374999999999998446 ) ) ;
#3645 = VECTOR ( 'NONE', #5023, 1000.000000000000000 ) ;
#3646 = CARTESIAN_POINT ( 'NONE',  ( -3.499999999999998224, -0.1000000000000000333, 0.3749999999999982236 ) ) ;
#3647 = EDGE_LOOP ( 'NONE', ( #6602, #7017, #7369, #2985 ) ) ;
#3648 = DIRECTION ( 'NONE',  ( 0.0000000000000000000, 1.000000000000000000, 0.0000000000000000000 ) ) ;
#3649 = VECTOR ( 'NONE', #6662, 1000.000000000000000 ) ;
#3650 = CARTESIAN_POINT ( 'NONE',  ( -3.499999999999999112, -0.1000000000000000472, -3.499999999999999112 ) ) ;
#3651 =( LENGTH_UNIT ( ) NAMED_UNIT ( * ) SI_UNIT ( .MILLI., .METRE. ) );
#3652 = VERTEX_POINT ( 'NONE', #6402 ) ;
#3653 = DIRECTION ( 'NONE',  ( 1.000000000000000000, 0.0000000000000000000, 0.0000000000000000000 ) ) ;
#3654 = FACE_OUTER_BOUND ( 'NONE', #7470, .T. ) ;
#3655 = EDGE_CURVE ( 'NONE', #1919, #5244, #5825, .T. ) ;
#3656 = ORIENTED_EDGE ( 'NONE', *, *, #6416, .F. ) ;
#3657 = VERTEX_POINT ( 'NONE', #5927 ) ;
#3658 = DIRECTION ( 'NONE',  ( -1.000000000000000000, -0.0000000000000000000, 0.0000000000000000000 ) ) ;
#3659 = STYLED_ITEM ( 'NONE', ( #2997 ), #6152 ) ;
#3660 = CARTESIAN_POINT ( 'NONE',  ( -3.224999999999998757, -0.1000000000000000056, -0.3750000000000018319 ) ) ;
#3661 = DIRECTION ( 'NONE',  ( 0.0000000000000000000, 0.0000000000000000000, 1.000000000000000000 ) ) ;
#3662 = CARTESIAN_POINT ( 'NONE',  ( 3.225000000000001421, -0.1000000000000000056, -2.249999999999999112 ) ) ;
#3663 = EDGE_CURVE ( 'NONE', #5237, #6937, #2464, .T. ) ;
#3664 = EDGE_LOOP ( 'NONE', ( #989, #5675, #5432, #2929, #6082, #4493, #2195, #7227, #3626, #5446, #2480, #2785, #6491, #4554, #925, #2395, #3343, #1298, #1672, #4050, #4637, #6504, #3705, #2905, #6776, #4706, #4993, #7393, #1961, #2479, #7293, #7025, #4730, #5903, #1005, #2492, #4548, #979, #92, #5199, #4425, #6026, #7045, #1383, #4746, #129, #4556, #4670, #3187, #970, #2327, #2369 ) ) ;
#3665 = ORIENTED_EDGE ( 'NONE', *, *, #5680, .T. ) ;
#3666 = VECTOR ( 'NONE', #1435, 1000.000000000000000 ) ;
#3667 = ORIENTED_EDGE ( 'NONE', *, *, #2336, .F. ) ;
#3668 = DIRECTION ( 'NONE',  ( -0.0000000000000000000, -1.000000000000000000, -0.0000000000000000000 ) ) ;
#3669 = ORIENTED_EDGE ( 'NONE', *, *, #418, .T. ) ;
#3670 = ORIENTED_EDGE ( 'NONE', *, *, #1193, .F. ) ;
#3671 = CARTESIAN_POINT ( 'NONE',  ( -3.224999999999998757, -0.1000000000000000056, 1.624999999999998224 ) ) ;
#3672 = CARTESIAN_POINT ( 'NONE',  ( -1.624999999999998890, 0.0000000000000000000, 0.0000000000000000000 ) ) ;
#3673 = ADVANCED_FACE ( 'NONE', ( #1171 ), #1903, .T. ) ;
#3674 = ORIENTED_EDGE ( 'NONE', *, *, #5623, .T. ) ;
#3675 = CYLINDRICAL_SURFACE ( 'NONE', #3058, 0.2500000000000002220 ) ;
#3676 = ORIENTED_EDGE ( 'NONE', *, *, #2664, .T. ) ;
#3677 = AXIS2_PLACEMENT_3D ( 'NONE', #1073, #1187, #1737 ) ;
#3678 = CYLINDRICAL_SURFACE ( 'NONE', #2633, 0.1249999999999992506 ) ;
#3679 = CARTESIAN_POINT ( 'NONE',  ( 0.0000000000000000000, -0.1000000000000000056, -0.3750000000000018319 ) ) ;
#3680 = DIRECTION ( 'NONE',  ( 0.0000000000000000000, 1.000000000000000000, 0.0000000000000000000 ) ) ;
#3681 = VECTOR ( 'NONE', #4075, 1000.000000000000000 ) ;
#3682 = EDGE_LOOP ( 'NONE', ( #4325, #814, #6787, #4843 ) ) ;
#3683 = ADVANCED_FACE ( 'NONE', ( #2951 ), #2348, .T. ) ;
#3684 = CARTESIAN_POINT ( 'NONE',  ( 0.0000000000000000000, -0.1000000000000000056, 2.375000000000002220 ) ) ;
#3685 = CIRCLE ( 'NONE', #1742, 0.1250000000000001110 ) ;
#3686 = EDGE_CURVE ( 'NONE', #6435, #4436, #5861, .T. ) ;
#3687 = LINE ( 'NONE', #5997, #6003 ) ;
#3688 = EDGE_CURVE ( 'NONE', #1144, #1726, #4697, .T. ) ;
#3689 = LINE ( 'NONE', #5334, #4758 ) ;
#3690 = ORIENTED_EDGE ( 'NONE', *, *, #7472, .T. ) ;
#3691 = PLANE ( 'NONE',  #1967 ) ;
#3692 = CARTESIAN_POINT ( 'NONE',  ( 0.2500000000000019429, -0.1000000000000000056, -3.224999999999995204 ) ) ;
#3693 = EDGE_LOOP ( 'NONE', ( #6062, #721, #48, #6596 ) ) ;
#3694 = DIRECTION ( 'NONE',  ( 0.0000000000000000000, 0.0000000000000000000, 1.000000000000000000 ) ) ;
#3695 = ORIENTED_EDGE ( 'NONE', *, *, #6689, .T. ) ;
#3696 = DIRECTION ( 'NONE',  ( -0.0000000000000000000, -1.000000000000000000, -0.0000000000000000000 ) ) ;
#3697 = COLOUR_RGB ( '',0.1019607843137254888, 0.1019607843137254888, 0.1019607843137254888 ) ;
#3698 = ADVANCED_FACE ( 'NONE', ( #7002 ), #3554, .T. ) ;
#3699 = DIRECTION ( 'NONE',  ( 0.0000000000000000000, 0.0000000000000000000, 1.000000000000000000 ) ) ;
#3700 = DIRECTION ( 'NONE',  ( 0.0000000000000000000, 1.000000000000000000, 0.0000000000000000000 ) ) ;
#3701 = ORIENTED_EDGE ( 'NONE', *, *, #630, .F. ) ;
#3702 = FACE_OUTER_BOUND ( 'NONE', #4412, .T. ) ;
#3703 = ORIENTED_EDGE ( 'NONE', *, *, #7424, .T. ) ;
#3704 = VECTOR ( 'NONE', #207, 1000.000000000000000 ) ;
#3705 = ORIENTED_EDGE ( 'NONE', *, *, #5287, .F. ) ;
#3706 = CARTESIAN_POINT ( 'NONE',  ( -3.499999999999999112, 0.0000000000000000000, -3.499999999999999112 ) ) ;
#3707 = VECTOR ( 'NONE', #4903, 1000.000000000000000 ) ;
#3708 = ORIENTED_EDGE ( 'NONE', *, *, #6883, .T. ) ;
#3709 = CARTESIAN_POINT ( 'NONE',  ( 3.500000000000001776, 1.000000000000000000, 0.0000000000000000000 ) ) ;
#3710 = LINE ( 'NONE', #5390, #6551 ) ;
#3711 = ORIENTED_EDGE ( 'NONE', *, *, #6407, .T. ) ;
#3712 = VECTOR ( 'NONE', #430, 1000.000000000000000 ) ;
#3713 = EDGE_CURVE ( 'NONE', #3399, #4871, #5303, .T. ) ;
#3714 = DIRECTION ( 'NONE',  ( 0.0000000000000000000, 0.0000000000000000000, 1.000000000000000000 ) ) ;
#3715 = VERTEX_POINT ( 'NONE', #7070 ) ;
#3716 = CARTESIAN_POINT ( 'NONE',  ( 3.500000000000001332, 0.0000000000000000000, 0.6250000000000019984 ) ) ;
#3717 = CYLINDRICAL_SURFACE ( 'NONE', #289, 0.1250000000000001110 ) ;
#3718 = DIRECTION ( 'NONE',  ( 0.0000000000000000000, 1.000000000000000000, 0.0000000000000000000 ) ) ;
#3719 = EDGE_CURVE ( 'NONE', #5095, #4859, #4264, .T. ) ;
#3720 = CARTESIAN_POINT ( 'NONE',  ( -2.375000000000000444, -0.1000000000000000056, 3.225000000000000533 ) ) ;
#3721 = ADVANCED_FACE ( 'NONE', ( #5552 ), #4879, .T. ) ;
#3722 = CARTESIAN_POINT ( 'NONE',  ( -2.375000000000000444, 0.0000000000000000000, 0.0000000000000000000 ) ) ;
#3723 = VERTEX_POINT ( 'NONE', #4915 ) ;
#3724 = CARTESIAN_POINT ( 'NONE',  ( 1.875000000000001332, 0.0000000000000000000, -3.499999999999999112 ) ) ;
#3725 = DIRECTION ( 'NONE',  ( -0.0000000000000000000, -1.000000000000000000, -0.0000000000000000000 ) ) ;
#3726 = DIRECTION ( 'NONE',  ( 1.000000000000000000, -0.0000000000000000000, 0.0000000000000000000 ) ) ;
#3727 = ORIENTED_EDGE ( 'NONE', *, *, #4938, .F. ) ;
#3728 = PLANE ( 'NONE',  #108 ) ;
#3729 = VERTEX_POINT ( 'NONE', #2604 ) ;
#3730 = ADVANCED_FACE ( 'NONE', ( #5408 ), #7178, .T. ) ;
#3731 = VECTOR ( 'NONE', #4119, 1000.000000000000000 ) ;
#3732 = DIRECTION ( 'NONE',  ( 0.0000000000000000000, 0.0000000000000000000, -1.000000000000000000 ) ) ;
#3733 = DIRECTION ( 'NONE',  ( -0.0000000000000000000, -1.000000000000000000, -0.0000000000000000000 ) ) ;
#3734 = DIRECTION ( 'NONE',  ( 0.0000000000000000000, 1.000000000000000000, 0.0000000000000000000 ) ) ;
#3735 = FACE_OUTER_BOUND ( 'NONE', #7193, .T. ) ;
#3736 = ORIENTED_EDGE ( 'NONE', *, *, #3640, .F. ) ;
#3737 = ADVANCED_FACE ( 'NONE', ( #5516 ), #2679, .T. ) ;
#3738 = ORIENTED_EDGE ( 'NONE', *, *, #5212, .F. ) ;
#3739 = CARTESIAN_POINT ( 'NONE',  ( 0.3750000000000000000, 0.0000000000000000000, 0.0000000000000000000 ) ) ;
#3740 = FACE_OUTER_BOUND ( 'NONE', #6802, .T. ) ;
#3741 = VERTEX_POINT ( 'NONE', #1361 ) ;
#3742 = ORIENTED_EDGE ( 'NONE', *, *, #5442, .F. ) ;
#3743 = CARTESIAN_POINT ( 'NONE',  ( -3.224999999999998757, -0.1000000000000000056, -0.1250000000000016376 ) ) ;
#3744 = ORIENTED_EDGE ( 'NONE', *, *, #804, .T. ) ;
#3745 = CYLINDRICAL_SURFACE ( 'NONE', #1805, 0.1250000000000001110 ) ;
#3746 = ORIENTED_EDGE ( 'NONE', *, *, #1488, .T. ) ;
#3747 = VECTOR ( 'NONE', #3030, 1000.000000000000000 ) ;
#3748 = LINE ( 'NONE', #876, #2756 ) ;
#3749 = DIRECTION ( 'NONE',  ( 0.0000000000000000000, 0.0000000000000000000, 1.000000000000000000 ) ) ;
#3750 = DIRECTION ( 'NONE',  ( -0.0000000000000000000, -1.000000000000000000, -0.0000000000000000000 ) ) ;
#3751 = ORIENTED_EDGE ( 'NONE', *, *, #2218, .T. ) ;
#3752 = VECTOR ( 'NONE', #1353, 1000.000000000000000 ) ;
#3753 = EDGE_CURVE ( 'NONE', #1635, #2584, #1665, .T. ) ;
#3754 = CARTESIAN_POINT ( 'NONE',  ( 2.750000000000002665, -0.1000000000000000056, -3.224999999999995204 ) ) ;
#3755 = LINE ( 'NONE', #4335, #6849 ) ;
#3756 = VECTOR ( 'NONE', #1417, 1000.000000000000000 ) ;
#3757 = DIRECTION ( 'NONE',  ( 0.0000000000000000000, 0.0000000000000000000, -1.000000000000000000 ) ) ;
#3758 = ORIENTED_EDGE ( 'NONE', *, *, #6018, .T. ) ;
#3759 = ADVANCED_FACE ( 'NONE', ( #3654 ), #218, .F. ) ;
#3760 = DIRECTION ( 'NONE',  ( 0.0000000000000000000, 1.000000000000000000, -0.0000000000000000000 ) ) ;
#3761 = DIRECTION ( 'NONE',  ( 0.0000000000000000000, -1.000000000000000000, 0.0000000000000000000 ) ) ;
#3762 = FACE_OUTER_BOUND ( 'NONE', #488, .T. ) ;
#3763 = VERTEX_POINT ( 'NONE', #3097 ) ;
#3764 = EDGE_CURVE ( 'NONE', #6585, #6512, #4992, .T. ) ;
#3765 = DIRECTION ( 'NONE',  ( 1.000000000000000000, -0.0000000000000000000, 3.942553354492736135E-16 ) ) ;
#3766 = VERTEX_POINT ( 'NONE', #7251 ) ;
#3767 = VECTOR ( 'NONE', #2382, 1000.000000000000000 ) ;
#3768 = VECTOR ( 'NONE', #6533, 1000.000000000000000 ) ;
#3769 = CARTESIAN_POINT ( 'NONE',  ( 0.0000000000000000000, -0.1000000000000000056, -0.1250000000000016376 ) ) ;
#3770 = DIRECTION ( 'NONE',  ( 0.0000000000000000000, -1.000000000000000000, -0.0000000000000000000 ) ) ;
#3771 = FACE_OUTER_BOUND ( 'NONE', #908, .T. ) ;
#3772 = CARTESIAN_POINT ( 'NONE',  ( 2.124999999999999556, -0.1000000000000000056, 3.225000000000000533 ) ) ;
#3773 = LINE ( 'NONE', #6736, #313 ) ;
#3774 = ORIENTED_EDGE ( 'NONE', *, *, #2356, .T. ) ;
#3775 = ADVANCED_FACE ( 'NONE', ( #3762 ), #1980, .T. ) ;
#3776 = VECTOR ( 'NONE', #2266, 1000.000000000000000 ) ;
#3777 = DIRECTION ( 'NONE',  ( -0.0000000000000000000, -1.000000000000000000, -0.0000000000000000000 ) ) ;
#3778 = ORIENTED_EDGE ( 'NONE', *, *, #5279, .T. ) ;
#3779 = ADVANCED_FACE ( 'NONE', ( #811 ), #1474, .T. ) ;
#3780 = DIRECTION ( 'NONE',  ( 0.0000000000000000000, 0.0000000000000000000, 1.000000000000000000 ) ) ;
#3781 = EDGE_CURVE ( 'NONE', #303, #3496, #2095, .T. ) ;
#3782 = PLANE ( 'NONE',  #6107 ) ;
#3783 = EDGE_LOOP ( 'NONE', ( #2200, #2072, #4133, #6123 ) ) ;
#3784 = DIRECTION ( 'NONE',  ( 1.000000000000000000, -0.0000000000000000000, 0.0000000000000000000 ) ) ;
#3785 = ORIENTED_EDGE ( 'NONE', *, *, #3869, .T. ) ;
#3786 = DIRECTION ( 'NONE',  ( 0.0000000000000000000, 1.000000000000000000, 0.0000000000000000000 ) ) ;
#3787 = ORIENTED_EDGE ( 'NONE', *, *, #1807, .T. ) ;
#3788 = AXIS2_PLACEMENT_3D ( 'NONE', #2666, #5096, #6148 ) ;
#3789 = CARTESIAN_POINT ( 'NONE',  ( 0.0000000000000000000, -0.1000000000000000056, 0.0000000000000000000 ) ) ;
#3790 = EDGE_CURVE ( 'NONE', #2715, #3633, #2030, .T. ) ;
#3791 = CARTESIAN_POINT ( 'NONE',  ( 0.0000000000000000000, 0.0000000000000000000, -3.499999999999999112 ) ) ;
#3792 = DIRECTION ( 'NONE',  ( -0.0000000000000000000, -1.000000000000000000, -0.0000000000000000000 ) ) ;
#3793 = ORIENTED_EDGE ( 'NONE', *, *, #3293, .F. ) ;
#3794 = MECHANICAL_DESIGN_GEOMETRIC_PRESENTATION_REPRESENTATION (  '', ( #4406 ), #509 ) ;
#3795 = FACE_OUTER_BOUND ( 'NONE', #4917, .T. ) ;
#3796 = DIRECTION ( 'NONE',  ( -1.000000000000000000, 0.0000000000000000000, -0.0000000000000000000 ) ) ;
#3797 = DIRECTION ( 'NONE',  ( -0.0000000000000000000, 1.000000000000000000, 0.0000000000000000000 ) ) ;
#3798 = DIRECTION ( 'NONE',  ( 1.000000000000000000, 0.0000000000000000000, -0.0000000000000000000 ) ) ;
#3799 = CARTESIAN_POINT ( 'NONE',  ( 0.1250000000000027200, -0.1000000000000000056, 0.0000000000000000000 ) ) ;
#3800 = DIRECTION ( 'NONE',  ( -0.0000000000000000000, -1.000000000000000000, -0.0000000000000000000 ) ) ;
#3801 = ORIENTED_EDGE ( 'NONE', *, *, #97, .T. ) ;
#3802 = DIRECTION ( 'NONE',  ( 0.0000000000000000000, 0.0000000000000000000, -1.000000000000000000 ) ) ;
#3803 = ORIENTED_EDGE ( 'NONE', *, *, #6179, .T. ) ;
#3804 = CIRCLE ( 'NONE', #2856, 0.1250000000000001110 ) ;
#3805 = CARTESIAN_POINT ( 'NONE',  ( -3.224999999999998757, -0.1000000000000000056, -2.375000000000002220 ) ) ;
#3806 = LINE ( 'NONE', #3068, #1962 ) ;
#3807 = VECTOR ( 'NONE', #1741, 1000.000000000000000 ) ;
#3808 = LINE ( 'NONE', #1484, #5021 ) ;
#3809 = LINE ( 'NONE', #263, #6890 ) ;
#3810 = VERTEX_POINT ( 'NONE', #3169 ) ;
#3811 = EDGE_CURVE ( 'NONE', #1419, #5612, #2054, .T. ) ;
#3812 = AXIS2_PLACEMENT_3D ( 'NONE', #6859, #1647, #4468 ) ;
#3813 = FACE_OUTER_BOUND ( 'NONE', #7061, .T. ) ;
#3814 = EDGE_CURVE ( 'NONE', #4030, #3016, #3982, .T. ) ;
#3815 = ORIENTED_EDGE ( 'NONE', *, *, #724, .T. ) ;
#3816 = DIRECTION ( 'NONE',  ( 1.000000000000000000, 0.0000000000000000000, -0.0000000000000000000 ) ) ;
#3817 = DIRECTION ( 'NONE',  ( 0.0000000000000000000, 1.000000000000000000, 0.0000000000000000000 ) ) ;
#3818 = DIRECTION ( 'NONE',  ( 0.0000000000000000000, 0.0000000000000000000, 1.000000000000000000 ) ) ;
#3819 = ORIENTED_EDGE ( 'NONE', *, *, #3987, .F. ) ;
#3820 = DIRECTION ( 'NONE',  ( 0.0000000000000000000, 0.0000000000000000000, 1.000000000000000000 ) ) ;
#3821 = CIRCLE ( 'NONE', #648, 0.1249999999999992506 ) ;
#3822 = EDGE_LOOP ( 'NONE', ( #7510, #5693, #2914, #5686 ) ) ;
#3823 = LINE ( 'NONE', #5571, #4015 ) ;
#3824 = VERTEX_POINT ( 'NONE', #182 ) ;
#3825 = EDGE_CURVE ( 'NONE', #1648, #2454, #851, .T. ) ;
#3826 = EDGE_CURVE ( 'NONE', #3910, #5221, #891, .T. ) ;
#3827 = CIRCLE ( 'NONE', #766, 0.1249999999999992506 ) ;
#3828 = VECTOR ( 'NONE', #3796, 1000.000000000000000 ) ;
#3829 = CARTESIAN_POINT ( 'NONE',  ( 3.500000000000001776, 0.0000000000000000000, 3.500000000000000888 ) ) ;
#3830 = DIRECTION ( 'NONE',  ( -0.0000000000000000000, -0.0000000000000000000, -1.000000000000000000 ) ) ;
#3831 = DIRECTION ( 'NONE',  ( 0.0000000000000000000, -0.0000000000000000000, 1.000000000000000000 ) ) ;
#3832 = ORIENTED_EDGE ( 'NONE', *, *, #1406, .F. ) ;
#3833 = DIRECTION ( 'NONE',  ( 0.0000000000000000000, 0.0000000000000000000, -1.000000000000000000 ) ) ;
#3834 = EDGE_CURVE ( 'NONE', #6737, #2872, #1157, .T. ) ;
#3835 = CARTESIAN_POINT ( 'NONE',  ( -1.182766006347788004E-15, 0.0000000000000000000, 0.3749999999999920619 ) ) ;
#3836 = DIRECTION ( 'NONE',  ( -0.0000000000000000000, -1.000000000000000000, -0.0000000000000000000 ) ) ;
#3837 = AXIS2_PLACEMENT_3D ( 'NONE', #6917, #7476, #1745 ) ;
#3838 = CARTESIAN_POINT ( 'NONE',  ( -0.3749999999999972800, -0.1000000000000000056, 0.0000000000000000000 ) ) ;
#3839 = ORIENTED_EDGE ( 'NONE', *, *, #5314, .F. ) ;
#3840 = FACE_OUTER_BOUND ( 'NONE', #6973, .T. ) ;
#3841 = FACE_OUTER_BOUND ( 'NONE', #5620, .T. ) ;
#3842 = ORIENTED_EDGE ( 'NONE', *, *, #1360, .T. ) ;
#3843 = FACE_OUTER_BOUND ( 'NONE', #1155, .T. ) ;
#3844 = ORIENTED_EDGE ( 'NONE', *, *, #97, .F. ) ;
#3845 = DIRECTION ( 'NONE',  ( -0.0000000000000000000, -1.000000000000000000, -0.0000000000000000000 ) ) ;
#3846 = VERTEX_POINT ( 'NONE', #3280 ) ;
#3847 = EDGE_CURVE ( 'NONE', #6033, #5435, #6535, .T. ) ;
#3848 = DIRECTION ( 'NONE',  ( 0.0000000000000000000, 1.000000000000000000, 0.0000000000000000000 ) ) ;
#3849 = FACE_OUTER_BOUND ( 'NONE', #5262, .T. ) ;
#3850 = DIRECTION ( 'NONE',  ( 1.000000000000000000, 0.0000000000000000000, 7.885106708985461424E-16 ) ) ;
#3851 = EDGE_LOOP ( 'NONE', ( #7124, #4150, #2551, #2752 ) ) ;
#3852 = VECTOR ( 'NONE', #4461, 1000.000000000000000 ) ;
#3853 = EDGE_CURVE ( 'NONE', #3256, #6956, #2139, .T. ) ;
#3854 = PLANE ( 'NONE',  #4059 ) ;
#3855 = CIRCLE ( 'NONE', #319, 0.1250000000000001110 ) ;
#3856 = ORIENTED_EDGE ( 'NONE', *, *, #4831, .F. ) ;
#3857 = CARTESIAN_POINT ( 'NONE',  ( -3.224999999999998757, -0.1000000000000000056, -0.8750000000000018874 ) ) ;
#3858 = CARTESIAN_POINT ( 'NONE',  ( -2.124999999999998668, -0.1000000000000000056, -3.224999999999995204 ) ) ;
#3859 = VERTEX_POINT ( 'NONE', #6766 ) ;
#3860 = EDGE_CURVE ( 'NONE', #5206, #6737, #2370, .T. ) ;
#3861 = DIRECTION ( 'NONE',  ( -0.0000000000000000000, -1.000000000000000000, -0.0000000000000000000 ) ) ;
#3862 = ORIENTED_EDGE ( 'NONE', *, *, #3457, .T. ) ;
#3863 = LINE ( 'NONE', #6180, #4977 ) ;
#3864 = EDGE_LOOP ( 'NONE', ( #5275, #1855, #6914, #7328 ) ) ;
#3865 = EDGE_CURVE ( 'NONE', #3633, #4722, #7368, .T. ) ;
#3866 = CARTESIAN_POINT ( 'NONE',  ( 0.8749999999999997780, -0.1000000000000000056, 0.0000000000000000000 ) ) ;
#3867 = ORIENTED_EDGE ( 'NONE', *, *, #781, .F. ) ;
#3868 = DIRECTION ( 'NONE',  ( 0.0000000000000000000, 0.0000000000000000000, 1.000000000000000000 ) ) ;
#3869 = EDGE_CURVE ( 'NONE', #3311, #1475, #5802, .T. ) ;
#3870 = ORIENTED_EDGE ( 'NONE', *, *, #5379, .F. ) ;
#3871 = DIRECTION ( 'NONE',  ( -1.000000000000000000, 0.0000000000000000000, -0.0000000000000000000 ) ) ;
#3872 = CYLINDRICAL_SURFACE ( 'NONE', #1369, 0.1249999999999996808 ) ;
#3873 = CARTESIAN_POINT ( 'NONE',  ( 0.0000000000000000000, -0.1000000000000000056, 1.624999999999998224 ) ) ;
#3874 = CARTESIAN_POINT ( 'NONE',  ( 0.8750000000000012212, 1.000000000000000000, -3.499999999999999112 ) ) ;
#3875 = VERTEX_POINT ( 'NONE', #4100 ) ;
#3876 = CARTESIAN_POINT ( 'NONE',  ( 0.0000000000000000000, -0.1000000000000000056, 1.624999999999998224 ) ) ;
#3877 = CIRCLE ( 'NONE', #1693, 0.1249999999999996808 ) ;
#3878 = CARTESIAN_POINT ( 'NONE',  ( 1.971276677246380985E-15, 0.0000000000000000000, -0.6250000000000079936 ) ) ;
#3879 = ADVANCED_FACE ( 'NONE', ( #5070 ), #5808, .T. ) ;
#3880 = ORIENTED_EDGE ( 'NONE', *, *, #5239, .T. ) ;
#3881 = DIRECTION ( 'NONE',  ( 0.0000000000000000000, 1.000000000000000000, 0.0000000000000000000 ) ) ;
#3882 = ORIENTED_EDGE ( 'NONE', *, *, #7236, .T. ) ;
#3883 = CARTESIAN_POINT ( 'NONE',  ( -3.224999999999998757, -0.1000000000000000056, -1.125000000000001554 ) ) ;
#3884 = EDGE_LOOP ( 'NONE', ( #5030, #4032, #38, #6695 ) ) ;
#3885 = CIRCLE ( 'NONE', #591, 0.1250000000000001110 ) ;
#3886 = CARTESIAN_POINT ( 'NONE',  ( -2.499999999999998668, 0.0000000000000000000, 2.750000000000000888 ) ) ;
#3887 = DIRECTION ( 'NONE',  ( 0.0000000000000000000, 1.000000000000000000, 0.0000000000000000000 ) ) ;
#3888 = DIRECTION ( 'NONE',  ( 0.0000000000000000000, -0.0000000000000000000, -1.000000000000000000 ) ) ;
#3889 = EDGE_CURVE ( 'NONE', #3589, #7204, #6162, .T. ) ;
#3890 = AXIS2_PLACEMENT_3D ( 'NONE', #5147, #4616, #6926 ) ;
#3891 = CARTESIAN_POINT ( 'NONE',  ( -2.624999999999998668, -0.1000000000000000056, 0.0000000000000000000 ) ) ;
#3892 = ORIENTED_EDGE ( 'NONE', *, *, #5970, .F. ) ;
#3893 = FACE_OUTER_BOUND ( 'NONE', #6224, .T. ) ;
#3894 = AXIS2_PLACEMENT_3D ( 'NONE', #1185, #6490, #684 ) ;
#3895 = ORIENTED_EDGE ( 'NONE', *, *, #3053, .T. ) ;
#3896 = CARTESIAN_POINT ( 'NONE',  ( -0.1249999999999988065, -0.1000000000000000056, 0.0000000000000000000 ) ) ;
#3897 = ADVANCED_FACE ( 'NONE', ( #6807 ), #5211, .T. ) ;
#3898 = CARTESIAN_POINT ( 'NONE',  ( 0.1250000000000027200, 1.000000000000000000, -3.499999999999999112 ) ) ;
#3899 = FACE_OUTER_BOUND ( 'NONE', #4163, .T. ) ;
#3900 = VERTEX_POINT ( 'NONE', #1190 ) ;
#3901 = CARTESIAN_POINT ( 'NONE',  ( -3.499999999999999112, -0.1000000000000000472, -3.499999999999999112 ) ) ;
#3902 = ORIENTED_EDGE ( 'NONE', *, *, #1228, .T. ) ;
#3903 = DIRECTION ( 'NONE',  ( -0.0000000000000000000, 0.0000000000000000000, -1.000000000000000000 ) ) ;
#3904 = ORIENTED_EDGE ( 'NONE', *, *, #2151, .T. ) ;
#3905 = AXIS2_PLACEMENT_3D ( 'NONE', #3412, #6824, #1608 ) ;
#3906 = ORIENTED_EDGE ( 'NONE', *, *, #3178, .T. ) ;
#3907 = VECTOR ( 'NONE', #6059, 1000.000000000000000 ) ;
#3908 = EDGE_LOOP ( 'NONE', ( #6492, #6688, #3815, #7344 ) ) ;
#3909 = CYLINDRICAL_SURFACE ( 'NONE', #4315, 0.1249999999999992506 ) ;
#3910 = VERTEX_POINT ( 'NONE', #2328 ) ;
#3911 = PRODUCT_DEFINITION_CONTEXT ( 'detailed design', #6887, 'design' ) ;
#3912 = DIRECTION ( 'NONE',  ( -0.0000000000000000000, -1.000000000000000000, -0.0000000000000000000 ) ) ;
#3913 = AXIS2_PLACEMENT_3D ( 'NONE', #6002, #1284, #2016 ) ;
#3914 = ADVANCED_FACE ( 'NONE', ( #1595 ), #3363, .T. ) ;
#3915 = CARTESIAN_POINT ( 'NONE',  ( -2.750000000000001332, 0.0000000000000000000, 2.499999999999998224 ) ) ;
#3916 = CARTESIAN_POINT ( 'NONE',  ( 1.624999999999999778, -0.1000000000000000056, 3.225000000000000533 ) ) ;
#3917 = DIRECTION ( 'NONE',  ( -0.0000000000000000000, 0.0000000000000000000, -1.000000000000000000 ) ) ;
#3918 = EDGE_CURVE ( 'NONE', #2454, #2814, #3855, .T. ) ;
#3919 = ORIENTED_EDGE ( 'NONE', *, *, #7264, .T. ) ;
#3920 = VECTOR ( 'NONE', #3830, 1000.000000000000000 ) ;
#3921 = LINE ( 'NONE', #7401, #7420 ) ;
#3922 = DIRECTION ( 'NONE',  ( 0.0000000000000000000, 1.000000000000000000, 0.0000000000000000000 ) ) ;
#3923 = DIRECTION ( 'NONE',  ( -0.0000000000000000000, -1.000000000000000000, -0.0000000000000000000 ) ) ;
#3924 = ORIENTED_EDGE ( 'NONE', *, *, #3053, .F. ) ;
#3925 = DIRECTION ( 'NONE',  ( 0.0000000000000000000, 1.000000000000000000, 0.0000000000000000000 ) ) ;
#3926 = ORIENTED_EDGE ( 'NONE', *, *, #1527, .F. ) ;
#3927 = ADVANCED_FACE ( 'NONE', ( #3843 ), #6199, .F. ) ;
#3928 = VECTOR ( 'NONE', #3378, 1000.000000000000000 ) ;
#3929 = ADVANCED_FACE ( 'NONE', ( #450 ), #4494, .T. ) ;
#3930 = FACE_OUTER_BOUND ( 'NONE', #4483, .T. ) ;
#3931 = DIRECTION ( 'NONE',  ( 1.000000000000000000, -0.0000000000000000000, 0.0000000000000000000 ) ) ;
#3932 = CYLINDRICAL_SURFACE ( 'NONE', #6443, 0.1250000000000001110 ) ;
#3933 = CARTESIAN_POINT ( 'NONE',  ( 1.250000000000001998, -0.1000000000000000056, -3.224999999999995204 ) ) ;
#3934 = DIRECTION ( 'NONE',  ( 1.000000000000000000, 0.0000000000000000000, 0.0000000000000000000 ) ) ;
#3935 = ORIENTED_EDGE ( 'NONE', *, *, #1377, .T. ) ;
#3936 = EDGE_CURVE ( 'NONE', #4800, #1475, #969, .T. ) ;
#3937 = CARTESIAN_POINT ( 'NONE',  ( -2.625000000000000000, 0.0000000000000000000, 3.225000000000000533 ) ) ;
#3938 = VECTOR ( 'NONE', #7431, 1000.000000000000000 ) ;
#3939 = ORIENTED_EDGE ( 'NONE', *, *, #4293, .T. ) ;
#3940 = FACE_OUTER_BOUND ( 'NONE', #3509, .T. ) ;
#3941 = PLANE ( 'NONE',  #2881 ) ;
#3942 = DIRECTION ( 'NONE',  ( 0.0000000000000000000, 0.0000000000000000000, 1.000000000000000000 ) ) ;
#3943 = ORIENTED_EDGE ( 'NONE', *, *, #4968, .T. ) ;
#3944 = ORIENTED_EDGE ( 'NONE', *, *, #2389, .F. ) ;
#3945 = VECTOR ( 'NONE', #5083, 1000.000000000000000 ) ;
#3946 = ADVANCED_FACE ( 'NONE', ( #3323 ), #5632, .T. ) ;
#3947 = VERTEX_POINT ( 'NONE', #7326 ) ;
#3948 = ORIENTED_EDGE ( 'NONE', *, *, #6477, .T. ) ;
#3949 = FILL_AREA_STYLE ('',( #5018 ) ) ;
#3950 = ORIENTED_EDGE ( 'NONE', *, *, #4797, .T. ) ;
#3951 = CARTESIAN_POINT ( 'NONE',  ( 3.500000000000001332, 1.000000000000000000, -0.8749999999999985567 ) ) ;
#3952 = CIRCLE ( 'NONE', #7098, 0.1249999999999992506 ) ;
#3953 = CARTESIAN_POINT ( 'NONE',  ( 0.0000000000000000000, -0.1000000000000000056, -2.875000000000001776 ) ) ;
#3954 = FACE_OUTER_BOUND ( 'NONE', #2570, .T. ) ;
#3955 = VERTEX_POINT ( 'NONE', #6497 ) ;
#3956 = CARTESIAN_POINT ( 'NONE',  ( 0.0000000000000000000, -0.1000000000000000056, 0.0000000000000000000 ) ) ;
#3957 =( LENGTH_UNIT ( ) NAMED_UNIT ( * ) SI_UNIT ( .MILLI., .METRE. ) );
#3958 = VECTOR ( 'NONE', #799, 1000.000000000000000 ) ;
#3959 = ORIENTED_EDGE ( 'NONE', *, *, #5978, .F. ) ;
#3960 = ADVANCED_FACE ( 'NONE', ( #4214 ), #6566, .T. ) ;
#3961 = DIRECTION ( 'NONE',  ( 1.239088197126291063E-16, 0.0000000000000000000, 1.000000000000000000 ) ) ;
#3962 = ORIENTED_EDGE ( 'NONE', *, *, #3375, .F. ) ;
#3963 = EDGE_CURVE ( 'NONE', #1312, #7477, #96, .T. ) ;
#3964 = AXIS2_PLACEMENT_3D ( 'NONE', #2154, #2394, #3132 ) ;
#3965 = DIRECTION ( 'NONE',  ( 0.0000000000000000000, 1.000000000000000000, 0.0000000000000000000 ) ) ;
#3966 = LINE ( 'NONE', #6282, #4063 ) ;
#3967 = FACE_OUTER_BOUND ( 'NONE', #5364, .T. ) ;
#3968 = DIRECTION ( 'NONE',  ( 1.000000000000000000, 0.0000000000000000000, 0.0000000000000000000 ) ) ;
#3969 = CARTESIAN_POINT ( 'NONE',  ( 0.0000000000000000000, -0.1000000000000000056, 0.0000000000000000000 ) ) ;
#3970 = ORIENTED_EDGE ( 'NONE', *, *, #4520, .T. ) ;
#3971 = CARTESIAN_POINT ( 'NONE',  ( 3.225000000000001421, -0.1000000000000000056, 2.250000000000001776 ) ) ;
#3972 = ORIENTED_EDGE ( 'NONE', *, *, #5774, .F. ) ;
#3973 = CARTESIAN_POINT ( 'NONE',  ( 0.3750000000000000000, 0.0000000000000000000, 3.225000000000000533 ) ) ;
#3974 = FACE_OUTER_BOUND ( 'NONE', #384, .T. ) ;
#3975 = LINE ( 'NONE', #5762, #2730 ) ;
#3976 = VECTOR ( 'NONE', #1572, 1000.000000000000000 ) ;
#3977 = ORIENTED_EDGE ( 'NONE', *, *, #6599, .F. ) ;
#3978 = CARTESIAN_POINT ( 'NONE',  ( -2.750000000000001332, 0.0000000000000000000, 2.499999999999999556 ) ) ;
#3979 = EDGE_CURVE ( 'NONE', #157, #4167, #1344, .T. ) ;
#3980 = ORIENTED_EDGE ( 'NONE', *, *, #7489, .F. ) ;
#3981 = VERTEX_POINT ( 'NONE', #6458 ) ;
#3982 = CIRCLE ( 'NONE', #445, 0.1249999999999996808 ) ;
#3983 = VERTEX_POINT ( 'NONE', #1267 ) ;
#3984 = ORIENTED_EDGE ( 'NONE', *, *, #231, .F. ) ;
#3985 = CARTESIAN_POINT ( 'NONE',  ( 3.225000000000001421, -0.1000000000000000056, -2.749999999999999112 ) ) ;
#3986 = CARTESIAN_POINT ( 'NONE',  ( 1.875000000000000000, 0.0000000000000000000, 3.225000000000000533 ) ) ;
#3987 = EDGE_CURVE ( 'NONE', #4754, #1179, #130, .T. ) ;
#3988 = ORIENTED_EDGE ( 'NONE', *, *, #1732, .F. ) ;
#3989 = LINE ( 'NONE', #1545, #1938 ) ;
#3990 = CARTESIAN_POINT ( 'NONE',  ( -3.224999999999998757, 0.0000000000000000000, 2.374999999999998668 ) ) ;
#3991 = CARTESIAN_POINT ( 'NONE',  ( -1.249999999999998002, -0.1000000000000000056, -3.224999999999995204 ) ) ;
#3992 = VERTEX_POINT ( 'NONE', #7089 ) ;
#3993 = VERTEX_POINT ( 'NONE', #2484 ) ;
#3994 = CARTESIAN_POINT ( 'NONE',  ( 0.0000000000000000000, -0.1000000000000000056, 2.374999999999998668 ) ) ;
#3995 = ORIENTED_EDGE ( 'NONE', *, *, #5066, .F. ) ;
#3996 = LINE ( 'NONE', #598, #2970 ) ;
#3997 = EDGE_CURVE ( 'NONE', #1179, #6336, #6025, .T. ) ;
#3998 = LINE ( 'NONE', #2946, #2987 ) ;
#3999 = VECTOR ( 'NONE', #2661, 1000.000000000000000 ) ;
#4000 = CARTESIAN_POINT ( 'NONE',  ( -3.224999999999998757, -0.1000000000000000056, -2.250000000000001776 ) ) ;
#4001 = DIRECTION ( 'NONE',  ( 0.0000000000000000000, -0.0000000000000000000, -1.000000000000000000 ) ) ;
#4002 = ORIENTED_EDGE ( 'NONE', *, *, #4962, .F. ) ;
#4003 = VECTOR ( 'NONE', #1821, 1000.000000000000000 ) ;
#4004 = CARTESIAN_POINT ( 'NONE',  ( -3.499999999999998224, -0.1000000000000000472, 3.500000000000000888 ) ) ;
#4005 = DIRECTION ( 'NONE',  ( -0.0000000000000000000, 1.000000000000000000, 0.0000000000000000000 ) ) ;
#4006 = VECTOR ( 'NONE', #4005, 1000.000000000000000 ) ;
#4007 = FACE_OUTER_BOUND ( 'NONE', #4215, .T. ) ;
#4008 = CARTESIAN_POINT ( 'NONE',  ( 2.375000000000001332, -0.1000000000000000056, 0.0000000000000000000 ) ) ;
#4009 = EDGE_CURVE ( 'NONE', #1113, #582, #2410, .T. ) ;
#4010 = ORIENTED_EDGE ( 'NONE', *, *, #5213, .T. ) ;
#4011 = ORIENTED_EDGE ( 'NONE', *, *, #3375, .T. ) ;
#4012 = CARTESIAN_POINT ( 'NONE',  ( 0.1250000000000027200, -0.1000000000000000056, -3.224999999999995204 ) ) ;
#4013 = VERTEX_POINT ( 'NONE', #6601 ) ;
#4014 = CIRCLE ( 'NONE', #4257, 0.1249999999999992506 ) ;
#4015 = VECTOR ( 'NONE', #3344, 1000.000000000000000 ) ;
#4016 = ADVANCED_FACE ( 'NONE', ( #4286 ), #4753, .F. ) ;
#4017 = ORIENTED_EDGE ( 'NONE', *, *, #5977, .T. ) ;
#4018 = ORIENTED_EDGE ( 'NONE', *, *, #6689, .F. ) ;
#4019 = ORIENTED_EDGE ( 'NONE', *, *, #3315, .F. ) ;
#4020 = DIRECTION ( 'NONE',  ( 0.0000000000000000000, 1.000000000000000000, 0.0000000000000000000 ) ) ;
#4021 = VECTOR ( 'NONE', #924, 1000.000000000000000 ) ;
#4022 = SURFACE_STYLE_FILL_AREA ( #5209 ) ;
#4023 = VECTOR ( 'NONE', #4393, 1000.000000000000000 ) ;
#4024 = EDGE_CURVE ( 'NONE', #7479, #2678, #1306, .T. ) ;
#4025 = FACE_OUTER_BOUND ( 'NONE', #2323, .T. ) ;
#4026 = DIRECTION ( 'NONE',  ( -1.000000000000000000, 0.0000000000000000000, -0.0000000000000000000 ) ) ;
#4027 = VERTEX_POINT ( 'NONE', #5944 ) ;
#4028 = CARTESIAN_POINT ( 'NONE',  ( -1.625000000000000444, 0.0000000000000000000, 3.500000000000000888 ) ) ;
#4029 = DIRECTION ( 'NONE',  ( 0.0000000000000000000, 0.0000000000000000000, 1.000000000000000000 ) ) ;
#4030 = VERTEX_POINT ( 'NONE', #4862 ) ;
#4031 = CIRCLE ( 'NONE', #5488, 0.1249999999999992506 ) ;
#4032 = ORIENTED_EDGE ( 'NONE', *, *, #5141, .F. ) ;
#4033 = ORIENTED_EDGE ( 'NONE', *, *, #7056, .T. ) ;
#4034 = EDGE_CURVE ( 'NONE', #6429, #1066, #757, .T. ) ;
#4035 = PLANE ( 'NONE',  #864 ) ;
#4036 = CARTESIAN_POINT ( 'NONE',  ( -0.2499999999999980571, 0.0000000000000000000, -3.099999999999996092 ) ) ;
#4037 = AXIS2_PLACEMENT_3D ( 'NONE', #2940, #1118, #6350 ) ;
#4038 = DIRECTION ( 'NONE',  ( 0.0000000000000000000, 0.0000000000000000000, 1.000000000000000000 ) ) ;
#4039 = CARTESIAN_POINT ( 'NONE',  ( -2.499999999999999556, 0.0000000000000000000, 2.750000000000000888 ) ) ;
#4040 = DIRECTION ( 'NONE',  ( 0.0000000000000000000, 1.000000000000000000, 0.0000000000000000000 ) ) ;
#4041 = ORIENTED_EDGE ( 'NONE', *, *, #4813, .F. ) ;
#4042 = CARTESIAN_POINT ( 'NONE',  ( 0.0000000000000000000, -0.1000000000000000056, -1.375000000000001776 ) ) ;
#4043 = LINE ( 'NONE', #675, #6677 ) ;
#4044 = SURFACE_STYLE_FILL_AREA ( #4123 ) ;
#4045 = VECTOR ( 'NONE', #973, 1000.000000000000000 ) ;
#4046 = CARTESIAN_POINT ( 'NONE',  ( 0.7499999999999997780, 0.0000000000000000000, 3.225000000000000533 ) ) ;
#4047 = DIRECTION ( 'NONE',  ( -0.0000000000000000000, 1.000000000000000000, 0.0000000000000000000 ) ) ;
#4048 = ORIENTED_EDGE ( 'NONE', *, *, #5774, .T. ) ;
#4049 = FACE_OUTER_BOUND ( 'NONE', #6990, .T. ) ;
#4050 = ORIENTED_EDGE ( 'NONE', *, *, #4236, .F. ) ;
#4051 = ORIENTED_EDGE ( 'NONE', *, *, #2160, .F. ) ;
#4052 = VECTOR ( 'NONE', #2600, 1000.000000000000000 ) ;
#4053 = EDGE_CURVE ( 'NONE', #3859, #3983, #3710, .T. ) ;
#4054 = ORIENTED_EDGE ( 'NONE', *, *, #7187, .T. ) ;
#4055 = DIRECTION ( 'NONE',  ( 0.0000000000000000000, -1.000000000000000000, -0.0000000000000000000 ) ) ;
#4056 = EDGE_LOOP ( 'NONE', ( #436, #2473, #7044, #4629 ) ) ;
#4057 = CYLINDRICAL_SURFACE ( 'NONE', #7423, 0.1250000000000001110 ) ;
#4058 = DIRECTION ( 'NONE',  ( -1.239088197126291063E-16, 0.0000000000000000000, -1.000000000000000000 ) ) ;
#4059 = AXIS2_PLACEMENT_3D ( 'NONE', #7302, #2108, #5684 ) ;
#4060 = ORIENTED_EDGE ( 'NONE', *, *, #1183, .T. ) ;
#4061 = DIRECTION ( 'NONE',  ( 0.0000000000000000000, 0.0000000000000000000, -1.000000000000000000 ) ) ;
#4062 = ADVANCED_FACE ( 'NONE', ( #203 ), #3675, .F. ) ;
#4063 = VECTOR ( 'NONE', #4654, 1000.000000000000000 ) ;
#4064 = LINE ( 'NONE', #6388, #2109 ) ;
#4065 = CARTESIAN_POINT ( 'NONE',  ( 0.3750000000000012768, -0.1000000000000000056, -3.224999999999995204 ) ) ;
#4066 = ORIENTED_EDGE ( 'NONE', *, *, #7465, .T. ) ;
#4067 = LINE ( 'NONE', #2414, #2957 ) ;
#4068 = DIRECTION ( 'NONE',  ( 0.0000000000000000000, 1.000000000000000000, 0.0000000000000000000 ) ) ;
#4069 = VERTEX_POINT ( 'NONE', #3045 ) ;
#4070 = VECTOR ( 'NONE', #1314, 1000.000000000000000 ) ;
#4071 = AXIS2_PLACEMENT_3D ( 'NONE', #1320, #250, #4728 ) ;
#4072 = EDGE_CURVE ( 'NONE', #6172, #2259, #166, .T. ) ;
#4073 = PLANE ( 'NONE',  #7142 ) ;
#4074 = ORIENTED_EDGE ( 'NONE', *, *, #5468, .F. ) ;
#4075 = DIRECTION ( 'NONE',  ( 0.0000000000000000000, 1.000000000000000000, 0.0000000000000000000 ) ) ;
#4076 = VECTOR ( 'NONE', #4132, 1000.000000000000000 ) ;
#4077 = CYLINDRICAL_SURFACE ( 'NONE', #7451, 0.1250000000000001110 ) ;
#4078 = VECTOR ( 'NONE', #315, 1000.000000000000000 ) ;
#4079 = CARTESIAN_POINT ( 'NONE',  ( 0.7500000000000019984, -0.1000000000000000056, -3.224999999999995204 ) ) ;
#4080 = DIRECTION ( 'NONE',  ( 0.0000000000000000000, 0.0000000000000000000, 1.000000000000000000 ) ) ;
#4081 = DIRECTION ( 'NONE',  ( 0.0000000000000000000, 0.0000000000000000000, 1.000000000000000000 ) ) ;
#4082 = ORIENTED_EDGE ( 'NONE', *, *, #226, .F. ) ;
#4083 = LINE ( 'NONE', #1868, #5700 ) ;
#4084 = DIRECTION ( 'NONE',  ( -0.0000000000000000000, 1.000000000000000000, 0.0000000000000000000 ) ) ;
#4085 = CARTESIAN_POINT ( 'NONE',  ( -3.224999999999998757, -0.1000000000000000056, -0.2500000000000017208 ) ) ;
#4086 = DIRECTION ( 'NONE',  ( 0.0000000000000000000, -0.0000000000000000000, 1.000000000000000000 ) ) ;
#4087 = VECTOR ( 'NONE', #927, 1000.000000000000000 ) ;
#4088 = DIRECTION ( 'NONE',  ( -1.000000000000000000, -0.0000000000000000000, 0.0000000000000000000 ) ) ;
#4089 = VERTEX_POINT ( 'NONE', #4825 ) ;
#4090 = CARTESIAN_POINT ( 'NONE',  ( -0.2499999999999980571, -0.1000000000000000056, -3.099999999999996092 ) ) ;
#4091 = ORIENTED_EDGE ( 'NONE', *, *, #7247, .T. ) ;
#4092 = ADVANCED_FACE ( 'NONE', ( #7125 ), #5428, .T. ) ;
#4093 = ORIENTED_EDGE ( 'NONE', *, *, #3834, .T. ) ;
#4094 = DIRECTION ( 'NONE',  ( 0.0000000000000000000, 0.0000000000000000000, 1.000000000000000000 ) ) ;
#4095 = ORIENTED_EDGE ( 'NONE', *, *, #2098, .F. ) ;
#4096 = ORIENTED_EDGE ( 'NONE', *, *, #4902, .F. ) ;
#4097 = CARTESIAN_POINT ( 'NONE',  ( -3.499999999999998668, 1.000000000000000000, 1.624999999999998446 ) ) ;
#4098 = PRESENTATION_STYLE_ASSIGNMENT (( #2821 ) ) ;
#4099 = ORIENTED_EDGE ( 'NONE', *, *, #6222, .T. ) ;
#4100 = CARTESIAN_POINT ( 'NONE',  ( 3.500000000000000888, 0.0000000000000000000, -2.874999999999998224 ) ) ;
#4101 = AXIS2_PLACEMENT_3D ( 'NONE', #6256, #1026, #988 ) ;
#4102 = DIRECTION ( 'NONE',  ( -0.0000000000000000000, -0.0000000000000000000, 1.000000000000000000 ) ) ;
#4103 = CARTESIAN_POINT ( 'NONE',  ( 3.500000000000000888, 0.0000000000000000000, -1.874999999999998002 ) ) ;
#4104 = EDGE_CURVE ( 'NONE', #6546, #3947, #1451, .T. ) ;
#4105 = VECTOR ( 'NONE', #5464, 1000.000000000000000 ) ;
#4106 = EDGE_LOOP ( 'NONE', ( #4274, #1340, #579, #5911 ) ) ;
#4107 = DIRECTION ( 'NONE',  ( 0.0000000000000000000, -0.0000000000000000000, -1.000000000000000000 ) ) ;
#4108 = CARTESIAN_POINT ( 'NONE',  ( 0.0000000000000000000, 0.0000000000000000000, -2.625000000000001332 ) ) ;
#4109 = ORIENTED_EDGE ( 'NONE', *, *, #1684, .F. ) ;
#4110 = EDGE_CURVE ( 'NONE', #6512, #4379, #7019, .T. ) ;
#4111 = LINE ( 'NONE', #4652, #221 ) ;
#4112 = DIRECTION ( 'NONE',  ( 1.000000000000000000, 0.0000000000000000000, 0.0000000000000000000 ) ) ;
#4113 = CARTESIAN_POINT ( 'NONE',  ( 3.500000000000000888, -0.1000000000000000333, -2.624999999999997335 ) ) ;
#4114 = EDGE_CURVE ( 'NONE', #5453, #510, #990, .T. ) ;
#4115 = FACE_OUTER_BOUND ( 'NONE', #4577, .T. ) ;
#4116 = EDGE_LOOP ( 'NONE', ( #6007, #2403, #7419, #545 ) ) ;
#4117 = FACE_OUTER_BOUND ( 'NONE', #2127, .T. ) ;
#4118 = SHAPE_DEFINITION_REPRESENTATION ( #151, #4266 ) ;
#4119 = DIRECTION ( 'NONE',  ( -1.000000000000000000, 0.0000000000000000000, -3.154042683594174709E-15 ) ) ;
#4120 = VERTEX_POINT ( 'NONE', #1534 ) ;
#4121 = CARTESIAN_POINT ( 'NONE',  ( 3.225000000000001421, -0.1000000000000000056, -0.1249999999999978351 ) ) ;
#4122 = CARTESIAN_POINT ( 'NONE',  ( 3.225000000000001421, -0.1000000000000000056, -0.2499999999999990286 ) ) ;
#4123 = FILL_AREA_STYLE ('',( #4667 ) ) ;
#4124 = LINE ( 'NONE', #6483, #2637 ) ;
#4125 = EDGE_LOOP ( 'NONE', ( #6746, #3308, #6258, #5093 ) ) ;
#4126 = CIRCLE ( 'NONE', #5822, 0.1249999999999996808 ) ;
#4127 = CARTESIAN_POINT ( 'NONE',  ( 3.225000000000001421, 0.0000000000000000000, 2.625000000000002665 ) ) ;
#4128 = VERTEX_POINT ( 'NONE', #3226 ) ;
#4129 = VECTOR ( 'NONE', #4443, 1000.000000000000000 ) ;
#4130 = ORIENTED_EDGE ( 'NONE', *, *, #7281, .F. ) ;
#4131 = ORIENTED_EDGE ( 'NONE', *, *, #1995, .T. ) ;
#4132 = DIRECTION ( 'NONE',  ( 0.0000000000000000000, 0.0000000000000000000, 1.000000000000000000 ) ) ;
#4133 = ORIENTED_EDGE ( 'NONE', *, *, #152, .T. ) ;
#4134 = CARTESIAN_POINT ( 'NONE',  ( 0.6250000000000028866, -0.1000000000000000056, -3.224999999999995204 ) ) ;
#4135 = CIRCLE ( 'NONE', #2815, 0.1249999999999992506 ) ;
#4136 = AXIS2_PLACEMENT_3D ( 'NONE', #1965, #795, #3153 ) ;
#4137 = FACE_OUTER_BOUND ( 'NONE', #4287, .T. ) ;
#4138 = EDGE_CURVE ( 'NONE', #7438, #1374, #311, .T. ) ;
#4139 = LINE ( 'NONE', #169, #7345 ) ;
#4140 = CIRCLE ( 'NONE', #6329, 0.1249999999999992506 ) ;
#4141 = DIRECTION ( 'NONE',  ( 1.000000000000000000, 0.0000000000000000000, -0.0000000000000000000 ) ) ;
#4142 = CARTESIAN_POINT ( 'NONE',  ( -3.224999999999998757, -0.1000000000000000056, -2.250000000000001776 ) ) ;
#4143 = ORIENTED_EDGE ( 'NONE', *, *, #2591, .T. ) ;
#4144 = DIRECTION ( 'NONE',  ( 0.0000000000000000000, 0.0000000000000000000, 1.000000000000000000 ) ) ;
#4145 = EDGE_CURVE ( 'NONE', #4777, #7456, #2739, .T. ) ;
#4146 = AXIS2_PLACEMENT_3D ( 'NONE', #6285, #5598, #4422 ) ;
#4147 = CARTESIAN_POINT ( 'NONE',  ( 0.0000000000000000000, 1.000000000000000000, 0.0000000000000000000 ) ) ;
#4148 = PLANE ( 'NONE',  #4196 ) ;
#4149 = DIRECTION ( 'NONE',  ( 0.0000000000000000000, 0.0000000000000000000, 1.000000000000000000 ) ) ;
#4150 = ORIENTED_EDGE ( 'NONE', *, *, #5921, .F. ) ;
#4151 = VECTOR ( 'NONE', #2146, 1000.000000000000000 ) ;
#4152 = DIRECTION ( 'NONE',  ( -0.0000000000000000000, -1.000000000000000000, -0.0000000000000000000 ) ) ;
#4153 = CARTESIAN_POINT ( 'NONE',  ( -3.499999999999999112, -0.1000000000000000333, -1.875000000000001776 ) ) ;
#4154 = ORIENTED_EDGE ( 'NONE', *, *, #3245, .F. ) ;
#4155 = EDGE_CURVE ( 'NONE', #581, #5313, #5053, .T. ) ;
#4156 = ORIENTED_EDGE ( 'NONE', *, *, #6575, .F. ) ;
#4157 = EDGE_CURVE ( 'NONE', #2965, #3824, #5502, .T. ) ;
#4158 = AXIS2_PLACEMENT_3D ( 'NONE', #4829, #4330, #3749 ) ;
#4159 = DIRECTION ( 'NONE',  ( 0.0000000000000000000, 0.0000000000000000000, 1.000000000000000000 ) ) ;
#4160 = DIRECTION ( 'NONE',  ( -0.0000000000000000000, -1.000000000000000000, -0.0000000000000000000 ) ) ;
#4161 = CARTESIAN_POINT ( 'NONE',  ( 2.499999999999999556, -0.1000000000000000056, 2.750000000000000888 ) ) ;
#4162 = CARTESIAN_POINT ( 'NONE',  ( 0.0000000000000000000, -0.1000000000000000056, 0.0000000000000000000 ) ) ;
#4163 = EDGE_LOOP ( 'NONE', ( #318, #451, #2908, #5843 ) ) ;
#4164 = AXIS2_PLACEMENT_3D ( 'NONE', #3461, #5208, #4563 ) ;
#4165 = LINE ( 'NONE', #1802, #81 ) ;
#4166 = VERTEX_POINT ( 'NONE', #351 ) ;
#4167 = VERTEX_POINT ( 'NONE', #4975 ) ;
#4168 = DIRECTION ( 'NONE',  ( 0.0000000000000000000, 0.0000000000000000000, 1.000000000000000000 ) ) ;
#4169 = ORIENTED_EDGE ( 'NONE', *, *, #2123, .F. ) ;
#4170 = EDGE_LOOP ( 'NONE', ( #5143, #6832, #6410, #6364 ) ) ;
#4171 = DIRECTION ( 'NONE',  ( 9.856383386231840338E-17, 0.0000000000000000000, -1.000000000000000000 ) ) ;
#4172 = DIRECTION ( 'NONE',  ( -1.000000000000000000, 0.0000000000000000000, -0.0000000000000000000 ) ) ;
#4173 = CARTESIAN_POINT ( 'NONE',  ( -3.499999999999998224, 1.000000000000000000, 2.374999999999999112 ) ) ;
#4174 = ORIENTED_EDGE ( 'NONE', *, *, #456, .T. ) ;
#4175 = VECTOR ( 'NONE', #5111, 1000.000000000000000 ) ;
#4176 = EDGE_CURVE ( 'NONE', #705, #5465, #7310, .T. ) ;
#4177 = DIRECTION ( 'NONE',  ( 0.0000000000000000000, 1.000000000000000000, 0.0000000000000000000 ) ) ;
#4178 = DIRECTION ( 'NONE',  ( 0.0000000000000000000, 0.0000000000000000000, 1.000000000000000000 ) ) ;
#4179 = AXIS2_PLACEMENT_3D ( 'NONE', #4147, #4258, #769 ) ;
#4180 = CARTESIAN_POINT ( 'NONE',  ( 0.3750000000000000000, -0.1000000000000000056, 3.225000000000000533 ) ) ;
#4181 = DIRECTION ( 'NONE',  ( 0.0000000000000000000, 0.0000000000000000000, 1.000000000000000000 ) ) ;
#4182 = ORIENTED_EDGE ( 'NONE', *, *, #981, .T. ) ;
#4183 = EDGE_CURVE ( 'NONE', #6403, #3992, #872, .T. ) ;
#4184 = EDGE_CURVE ( 'NONE', #5456, #4373, #7273, .T. ) ;
#4185 = CARTESIAN_POINT ( 'NONE',  ( -0.8749999999999973355, 0.0000000000000000000, -3.499999999999999112 ) ) ;
#4186 = VECTOR ( 'NONE', #4391, 1000.000000000000000 ) ;
#4187 = DIRECTION ( 'NONE',  ( -1.239088197126291063E-16, 0.0000000000000000000, -1.000000000000000000 ) ) ;
#4188 = CARTESIAN_POINT ( 'NONE',  ( 3.500000000000001332, 0.0000000000000000000, 0.1250000000000021094 ) ) ;
#4189 = ORIENTED_EDGE ( 'NONE', *, *, #5602, .F. ) ;
#4190 = CARTESIAN_POINT ( 'NONE',  ( 0.0000000000000000000, 0.0000000000000000000, -2.374999999999997335 ) ) ;
#4191 = AXIS2_PLACEMENT_3D ( 'NONE', #5000, #6732, #4457 ) ;
#4192 = CARTESIAN_POINT ( 'NONE',  ( -2.125000000000000000, -0.1000000000000000056, 0.0000000000000000000 ) ) ;
#4193 = VERTEX_POINT ( 'NONE', #3191 ) ;
#4194 = EDGE_CURVE ( 'NONE', #2733, #1531, #2119, .T. ) ;
#4195 = AXIS2_PLACEMENT_3D ( 'NONE', #2904, #4029, #1119 ) ;
#4196 = AXIS2_PLACEMENT_3D ( 'NONE', #6612, #143, #4227 ) ;
#4197 = CARTESIAN_POINT ( 'NONE',  ( -1.249999999999998002, 0.0000000000000000000, -3.224999999999995204 ) ) ;
#4198 = DIRECTION ( 'NONE',  ( 0.0000000000000000000, 1.000000000000000000, 0.0000000000000000000 ) ) ;
#4199 = LINE ( 'NONE', #7077, #6939 ) ;
#4200 = ORIENTED_EDGE ( 'NONE', *, *, #717, .F. ) ;
#4201 = VECTOR ( 'NONE', #4433, 1000.000000000000000 ) ;
#4202 = LINE ( 'NONE', #6972, #1166 ) ;
#4203 = VECTOR ( 'NONE', #5687, 1000.000000000000000 ) ;
#4204 = ORIENTED_EDGE ( 'NONE', *, *, #4831, .T. ) ;
#4205 = EDGE_CURVE ( 'NONE', #3184, #3311, #3823, .T. ) ;
#4206 = AXIS2_PLACEMENT_3D ( 'NONE', #6237, #3922, #448 ) ;
#4207 = ORIENTED_EDGE ( 'NONE', *, *, #3110, .F. ) ;
#4208 = CARTESIAN_POINT ( 'NONE',  ( -2.249999999999998224, 0.0000000000000000000, -3.224999999999995204 ) ) ;
#4209 = EDGE_CURVE ( 'NONE', #6057, #2719, #2701, .T. ) ;
#4210 = EDGE_LOOP ( 'NONE', ( #1878, #4686, #5382, #2631 ) ) ;
#4211 = ORIENTED_EDGE ( 'NONE', *, *, #4303, .F. ) ;
#4212 = DIRECTION ( 'NONE',  ( 0.0000000000000000000, 1.000000000000000000, -0.0000000000000000000 ) ) ;
#4213 = ORIENTED_EDGE ( 'NONE', *, *, #1616, .F. ) ;
#4214 = FACE_OUTER_BOUND ( 'NONE', #373, .T. ) ;
#4215 = EDGE_LOOP ( 'NONE', ( #5449, #2364, #4595, #4174 ) ) ;
#4216 = CARTESIAN_POINT ( 'NONE',  ( 3.225000000000001421, -0.1000000000000000056, -1.124999999999998002 ) ) ;
#4217 = PLANE ( 'NONE',  #1518 ) ;
#4218 = EDGE_CURVE ( 'NONE', #6033, #1150, #4326, .T. ) ;
#4219 = ORIENTED_EDGE ( 'NONE', *, *, #1636, .F. ) ;
#4220 = CARTESIAN_POINT ( 'NONE',  ( -2.125000000000000000, 0.0000000000000000000, 3.225000000000000533 ) ) ;
#4221 = CYLINDRICAL_SURFACE ( 'NONE', #53, 0.1250000000000001110 ) ;
#4222 = ORIENTED_EDGE ( 'NONE', *, *, #858, .F. ) ;
#4223 = AXIS2_PLACEMENT_3D ( 'NONE', #2836, #380, #2769 ) ;
#4224 = CARTESIAN_POINT ( 'NONE',  ( 8.279362044434733164E-15, -0.1000000000000000056, -2.625000000000007994 ) ) ;
#4225 = FILL_AREA_STYLE ('',( #4798 ) ) ;
#4226 = VECTOR ( 'NONE', #4956, 1000.000000000000000 ) ;
#4227 = DIRECTION ( 'NONE',  ( 0.0000000000000000000, 0.0000000000000000000, -1.000000000000000000 ) ) ;
#4228 = DIRECTION ( 'NONE',  ( 0.0000000000000000000, 0.0000000000000000000, 1.000000000000000000 ) ) ;
#4229 = ADVANCED_FACE ( 'NONE', ( #238 ), #6675, .T. ) ;
#4230 = ORIENTED_EDGE ( 'NONE', *, *, #5835, .T. ) ;
#4231 = LINE ( 'NONE', #2602, #5962 ) ;
#4232 = LINE ( 'NONE', #78, #1414 ) ;
#4233 = ORIENTED_EDGE ( 'NONE', *, *, #1202, .F. ) ;
#4234 = ORIENTED_EDGE ( 'NONE', *, *, #6188, .T. ) ;
#4235 = CARTESIAN_POINT ( 'NONE',  ( 0.0000000000000000000, -0.1000000000000000056, 0.0000000000000000000 ) ) ;
#4236 = EDGE_CURVE ( 'NONE', #6314, #1241, #3863, .T. ) ;
#4237 = LINE ( 'NONE', #713, #7410 ) ;
#4238 = VERTEX_POINT ( 'NONE', #2158 ) ;
#4239 = LINE ( 'NONE', #6411, #5436 ) ;
#4240 = ORIENTED_EDGE ( 'NONE', *, *, #2867, .T. ) ;
#4241 = ORIENTED_EDGE ( 'NONE', *, *, #1935, .F. ) ;
#4242 = ORIENTED_EDGE ( 'NONE', *, *, #4313, .T. ) ;
#4243 = AXIS2_PLACEMENT_3D ( 'NONE', #3684, #734, #3125 ) ;
#4244 = ORIENTED_EDGE ( 'NONE', *, *, #1385, .F. ) ;
#4245 = FACE_OUTER_BOUND ( 'NONE', #6749, .T. ) ;
#4246 = DIRECTION ( 'NONE',  ( -0.0000000000000000000, -1.000000000000000000, -0.0000000000000000000 ) ) ;
#4247 = ORIENTED_EDGE ( 'NONE', *, *, #4793, .F. ) ;
#4248 = VECTOR ( 'NONE', #7134, 1000.000000000000000 ) ;
#4249 = ADVANCED_FACE ( 'NONE', ( #949 ), #3745, .T. ) ;
#4250 = DIRECTION ( 'NONE',  ( -0.0000000000000000000, -1.000000000000000000, -0.0000000000000000000 ) ) ;
#4251 = ORIENTED_EDGE ( 'NONE', *, *, #4334, .T. ) ;
#4252 = LINE ( 'NONE', #6572, #6221 ) ;
#4253 = VECTOR ( 'NONE', #6060, 1000.000000000000000 ) ;
#4254 = DIRECTION ( 'NONE',  ( -0.0000000000000000000, 0.0000000000000000000, 1.000000000000000000 ) ) ;
#4255 = VERTEX_POINT ( 'NONE', #2589 ) ;
#4256 = CARTESIAN_POINT ( 'NONE',  ( 3.500000000000001332, 1.000000000000000000, -1.624999999999997558 ) ) ;
#4257 = AXIS2_PLACEMENT_3D ( 'NONE', #4079, #4584, #6892 ) ;
#4258 = DIRECTION ( 'NONE',  ( 0.0000000000000000000, 1.000000000000000000, 0.0000000000000000000 ) ) ;
#4259 = DIRECTION ( 'NONE',  ( -0.0000000000000000000, -1.000000000000000000, -0.0000000000000000000 ) ) ;
#4260 = CARTESIAN_POINT ( 'NONE',  ( 2.750000000000000000, -0.1000000000000000056, 2.500000000000000444 ) ) ;
#4261 = ORIENTED_EDGE ( 'NONE', *, *, #2974, .F. ) ;
#4262 = CARTESIAN_POINT ( 'NONE',  ( 3.500000000000001332, 1.000000000000000000, -0.3749999999999986122 ) ) ;
#4263 = CIRCLE ( 'NONE', #2575, 0.1250000000000001110 ) ;
#4264 = LINE ( 'NONE', #741, #6645 ) ;
#4265 = ORIENTED_EDGE ( 'NONE', *, *, #2528, .F. ) ;
#4266 = ADVANCED_BREP_SHAPE_REPRESENTATION ( '74EA173B-254E-4795-82BF-614890822701', ( #6152, #1975 ), #7066 ) ;
#4267 = VERTEX_POINT ( 'NONE', #4900 ) ;
#4268 = DIRECTION ( 'NONE',  ( 1.000000000000000000, 0.0000000000000000000, -0.0000000000000000000 ) ) ;
#4269 = CIRCLE ( 'NONE', #5249, 0.1249999999999996808 ) ;
#4270 = CARTESIAN_POINT ( 'NONE',  ( -3.499999999999998668, 1.000000000000000000, -0.1250000000000018319 ) ) ;
#4271 = CARTESIAN_POINT ( 'NONE',  ( 2.124999999999999556, -0.1000000000000000333, 3.500000000000000888 ) ) ;
#4272 = ORIENTED_EDGE ( 'NONE', *, *, #2151, .F. ) ;
#4273 = DIRECTION ( 'NONE',  ( 1.000000000000000000, 0.0000000000000000000, -0.0000000000000000000 ) ) ;
#4274 = ORIENTED_EDGE ( 'NONE', *, *, #5165, .F. ) ;
#4275 = CARTESIAN_POINT ( 'NONE',  ( 2.500000000000000444, -0.1000000000000000056, -2.499999999999999556 ) ) ;
#4276 = VECTOR ( 'NONE', #4770, 1000.000000000000000 ) ;
#4277 = ADVANCED_FACE ( 'NONE', ( #7196 ), #6637, .F. ) ;
#4278 = ADVANCED_FACE ( 'NONE', ( #2199 ), #1106, .T. ) ;
#4279 = ORIENTED_EDGE ( 'NONE', *, *, #2685, .F. ) ;
#4280 = AXIS2_PLACEMENT_3D ( 'NONE', #4761, #5469, #4291 ) ;
#4281 = LINE ( 'NONE', #4856, #5950 ) ;
#4282 = ORIENTED_EDGE ( 'NONE', *, *, #2858, .T. ) ;
#4283 = ORIENTED_EDGE ( 'NONE', *, *, #2181, .F. ) ;
#4284 = LINE ( 'NONE', #5534, #2396 ) ;
#4285 = VERTEX_POINT ( 'NONE', #4012 ) ;
#4286 = FACE_OUTER_BOUND ( 'NONE', #1922, .T. ) ;
#4287 = EDGE_LOOP ( 'NONE', ( #1774, #5984, #4306, #1940 ) ) ;
#4288 = EDGE_CURVE ( 'NONE', #776, #6737, #3416, .T. ) ;
#4289 = CARTESIAN_POINT ( 'NONE',  ( -3.224999999999999201, -0.1000000000000000056, -2.125000000000001776 ) ) ;
#4290 = VERTEX_POINT ( 'NONE', #1029 ) ;
#4291 = DIRECTION ( 'NONE',  ( 0.0000000000000000000, 0.0000000000000000000, 1.000000000000000000 ) ) ;
#4292 = VECTOR ( 'NONE', #260, 1000.000000000000000 ) ;
#4293 = EDGE_CURVE ( 'NONE', #1486, #6352, #4615, .T. ) ;
#4294 = EDGE_LOOP ( 'NONE', ( #7231, #6726, #4805, #3674 ) ) ;
#4295 = DIRECTION ( 'NONE',  ( 0.0000000000000000000, 1.000000000000000000, -0.0000000000000000000 ) ) ;
#4296 = VECTOR ( 'NONE', #1238, 1000.000000000000000 ) ;
#4297 = CARTESIAN_POINT ( 'NONE',  ( -3.499999999999998224, -0.1000000000000000472, 3.500000000000000888 ) ) ;
#4298 = DIRECTION ( 'NONE',  ( 0.0000000000000000000, 1.000000000000000000, -0.0000000000000000000 ) ) ;
#4299 = DIRECTION ( 'NONE',  ( 0.0000000000000000000, 0.0000000000000000000, 1.000000000000000000 ) ) ;
#4300 = ORIENTED_EDGE ( 'NONE', *, *, #1972, .F. ) ;
#4301 = LINE ( 'NONE', #4262, #7414 ) ;
#4302 = LINE ( 'NONE', #255, #3368 ) ;
#4303 = EDGE_CURVE ( 'NONE', #4027, #5617, #1768, .T. ) ;
#4304 = DIRECTION ( 'NONE',  ( 0.0000000000000000000, 0.0000000000000000000, -1.000000000000000000 ) ) ;
#4305 = AXIS2_PLACEMENT_3D ( 'NONE', #6479, #5721, #6931 ) ;
#4306 = ORIENTED_EDGE ( 'NONE', *, *, #5193, .T. ) ;
#4307 = FACE_OUTER_BOUND ( 'NONE', #5961, .T. ) ;
#4308 = VERTEX_POINT ( 'NONE', #4555 ) ;
#4309 = DIRECTION ( 'NONE',  ( 0.0000000000000000000, 1.000000000000000000, 0.0000000000000000000 ) ) ;
#4310 = MECHANICAL_DESIGN_GEOMETRIC_PRESENTATION_REPRESENTATION (  '', ( #3349 ), #1135 ) ;
#4311 = SURFACE_SIDE_STYLE ('',( #4885 ) ) ;
#4312 = DIRECTION ( 'NONE',  ( 0.0000000000000000000, 0.0000000000000000000, 1.000000000000000000 ) ) ;
#4313 = EDGE_CURVE ( 'NONE', #2516, #6213, #6867, .T. ) ;
#4314 = LINE ( 'NONE', #5524, #6409 ) ;
#4315 = AXIS2_PLACEMENT_3D ( 'NONE', #2596, #4946, #1500 ) ;
#4316 = CIRCLE ( 'NONE', #3230, 0.1249999999999992506 ) ;
#4317 = VECTOR ( 'NONE', #5463, 1000.000000000000000 ) ;
#4318 = ORIENTED_EDGE ( 'NONE', *, *, #3218, .F. ) ;
#4319 = LINE ( 'NONE', #6631, #2344 ) ;
#4320 = CARTESIAN_POINT ( 'NONE',  ( -1.874999999999997335, 0.0000000000000000000, 0.0000000000000000000 ) ) ;
#4321 = EDGE_CURVE ( 'NONE', #3385, #1914, #507, .T. ) ;
#4322 = DIRECTION ( 'NONE',  ( -1.577021341797097215E-15, 0.0000000000000000000, -1.000000000000000000 ) ) ;
#4323 = VERTEX_POINT ( 'NONE', #195 ) ;
#4324 = DIRECTION ( 'NONE',  ( 0.0000000000000000000, 0.0000000000000000000, 1.000000000000000000 ) ) ;
#4325 = ORIENTED_EDGE ( 'NONE', *, *, #7074, .F. ) ;
#4326 = LINE ( 'NONE', #3264, #7400 ) ;
#4327 = ORIENTED_EDGE ( 'NONE', *, *, #6708, .T. ) ;
#4328 = CIRCLE ( 'NONE', #5782, 0.1250000000000001110 ) ;
#4329 = DIRECTION ( 'NONE',  ( 0.0000000000000000000, 1.000000000000000000, -0.0000000000000000000 ) ) ;
#4330 = DIRECTION ( 'NONE',  ( 0.0000000000000000000, 1.000000000000000000, 0.0000000000000000000 ) ) ;
#4331 = DIRECTION ( 'NONE',  ( -1.000000000000000000, 0.0000000000000000000, -0.0000000000000000000 ) ) ;
#4332 = ORIENTED_EDGE ( 'NONE', *, *, #5747, .T. ) ;
#4333 = CARTESIAN_POINT ( 'NONE',  ( 1.750000000000001998, 0.0000000000000000000, -3.099999999999996092 ) ) ;
#4334 = EDGE_CURVE ( 'NONE', #2674, #3265, #6666, .T. ) ;
#4335 = CARTESIAN_POINT ( 'NONE',  ( -3.499999999999998668, 0.0000000000000000000, 0.0000000000000000000 ) ) ;
#4336 = PLANE ( 'NONE',  #5413 ) ;
#4337 = DIRECTION ( 'NONE',  ( 0.0000000000000000000, 0.0000000000000000000, -1.000000000000000000 ) ) ;
#4338 = CIRCLE ( 'NONE', #6639, 0.1250000000000001110 ) ;
#4339 = ORIENTED_EDGE ( 'NONE', *, *, #1290, .T. ) ;
#4340 = LINE ( 'NONE', #2567, #5256 ) ;
#4341 = DIRECTION ( 'NONE',  ( 1.000000000000000000, 0.0000000000000000000, -0.0000000000000000000 ) ) ;
#4342 = CARTESIAN_POINT ( 'NONE',  ( -0.7499999999999982236, 0.0000000000000000000, -3.224999999999995204 ) ) ;
#4343 = VERTEX_POINT ( 'NONE', #940 ) ;
#4344 = EDGE_LOOP ( 'NONE', ( #4863, #5591, #5163, #6227 ) ) ;
#4345 = AXIS2_PLACEMENT_3D ( 'NONE', #2535, #329, #3206 ) ;
#4346 = EDGE_CURVE ( 'NONE', #1452, #3633, #4889, .T. ) ;
#4347 = ADVANCED_FACE ( 'NONE', ( #6093 ), #4464, .F. ) ;
#4348 = DIRECTION ( 'NONE',  ( 0.0000000000000000000, -0.0000000000000000000, 1.000000000000000000 ) ) ;
#4349 = FACE_OUTER_BOUND ( 'NONE', #305, .T. ) ;
#4350 = CARTESIAN_POINT ( 'NONE',  ( 2.124999999999999556, -0.1000000000000000056, 3.225000000000000533 ) ) ;
#4351 = CARTESIAN_POINT ( 'NONE',  ( 0.3750000000000000000, -0.1000000000000000056, 3.225000000000000533 ) ) ;
#4352 = CARTESIAN_POINT ( 'NONE',  ( 1.749999999999999778, -0.1000000000000000056, 3.225000000000000533 ) ) ;
#4353 = EDGE_LOOP ( 'NONE', ( #709, #3839, #6529, #6656 ) ) ;
#4354 = DIRECTION ( 'NONE',  ( 0.0000000000000000000, -1.000000000000000000, -0.0000000000000000000 ) ) ;
#4355 = ORIENTED_EDGE ( 'NONE', *, *, #6318, .T. ) ;
#4356 = CARTESIAN_POINT ( 'NONE',  ( 0.0000000000000000000, -0.1000000000000000056, 1.124999999999998224 ) ) ;
#4357 = DIRECTION ( 'NONE',  ( 0.0000000000000000000, 0.0000000000000000000, -1.000000000000000000 ) ) ;
#4358 = CARTESIAN_POINT ( 'NONE',  ( 1.375000000000000222, -0.1000000000000000333, 3.500000000000000888 ) ) ;
#4359 = ORIENTED_EDGE ( 'NONE', *, *, #4155, .F. ) ;
#4360 = CARTESIAN_POINT ( 'NONE',  ( 0.3750000000000012768, -0.1000000000000000056, 0.0000000000000000000 ) ) ;
#4361 = DIRECTION ( 'NONE',  ( 0.0000000000000000000, 1.000000000000000000, -0.0000000000000000000 ) ) ;
#4362 = VERTEX_POINT ( 'NONE', #4927 ) ;
#4363 = DIRECTION ( 'NONE',  ( -0.0000000000000000000, -0.0000000000000000000, -1.000000000000000000 ) ) ;
#4364 = FACE_OUTER_BOUND ( 'NONE', #4056, .T. ) ;
#4365 = CARTESIAN_POINT ( 'NONE',  ( -3.499999999999998224, -0.1000000000000000333, 2.374999999999998668 ) ) ;
#4366 = ORIENTED_EDGE ( 'NONE', *, *, #6770, .T. ) ;
#4367 = AXIS2_PLACEMENT_3D ( 'NONE', #296, #2644, #2538 ) ;
#4368 = CARTESIAN_POINT ( 'NONE',  ( 3.225000000000001421, -0.1000000000000000056, 1.375000000000001998 ) ) ;
#4369 = EDGE_CURVE ( 'NONE', #191, #5042, #5646, .T. ) ;
#4370 = CARTESIAN_POINT ( 'NONE',  ( -3.224999999999998757, -0.1000000000000000056, -2.750000000000002220 ) ) ;
#4371 = DIRECTION ( 'NONE',  ( -1.000000000000000000, 0.0000000000000000000, -0.0000000000000000000 ) ) ;
#4372 = CARTESIAN_POINT ( 'NONE',  ( -3.499999999999999112, 0.0000000000000000000, -2.125000000000001776 ) ) ;
#4373 = VERTEX_POINT ( 'NONE', #3407 ) ;
#4374 = LINE ( 'NONE', #2216, #2716 ) ;
#4375 = CARTESIAN_POINT ( 'NONE',  ( -3.499999999999999112, -0.1000000000000000472, -3.499999999999999112 ) ) ;
#4376 = DIRECTION ( 'NONE',  ( 0.0000000000000000000, 1.000000000000000000, 0.0000000000000000000 ) ) ;
#4377 = ORIENTED_EDGE ( 'NONE', *, *, #4793, .T. ) ;
#4378 = CARTESIAN_POINT ( 'NONE',  ( -3.499999999999999112, 1.000000000000000000, -2.125000000000001776 ) ) ;
#4379 = VERTEX_POINT ( 'NONE', #2269 ) ;
#4380 = CIRCLE ( 'NONE', #3890, 0.1249999999999992506 ) ;
#4381 = ADVANCED_FACE ( 'NONE', ( #1132 ), #5718, .T. ) ;
#4382 = CARTESIAN_POINT ( 'NONE',  ( 3.225000000000001421, -0.1000000000000000056, -1.749999999999998890 ) ) ;
#4383 = DIRECTION ( 'NONE',  ( 0.0000000000000000000, 1.000000000000000000, 0.0000000000000000000 ) ) ;
#4384 = VECTOR ( 'NONE', #3634, 1000.000000000000000 ) ;
#4385 = CARTESIAN_POINT ( 'NONE',  ( -2.875000000000000444, 0.0000000000000000000, 0.0000000000000000000 ) ) ;
#4386 = DIRECTION ( 'NONE',  ( -0.0000000000000000000, 0.0000000000000000000, 1.000000000000000000 ) ) ;
#4387 = EDGE_CURVE ( 'NONE', #861, #6047, #2839, .T. ) ;
#4388 = CARTESIAN_POINT ( 'NONE',  ( 3.500000000000001332, -0.1000000000000000333, -0.3749999999999981681 ) ) ;
#4389 = ORIENTED_EDGE ( 'NONE', *, *, #5287, .T. ) ;
#4390 = AXIS2_PLACEMENT_3D ( 'NONE', #5976, #6137, #3780 ) ;
#4391 = DIRECTION ( 'NONE',  ( 0.0000000000000000000, 1.000000000000000000, 0.0000000000000000000 ) ) ;
#4392 = ORIENTED_EDGE ( 'NONE', *, *, #4658, .T. ) ;
#4393 = DIRECTION ( 'NONE',  ( 0.0000000000000000000, 0.0000000000000000000, -1.000000000000000000 ) ) ;
#4394 = DIRECTION ( 'NONE',  ( -1.000000000000000000, 0.0000000000000000000, -0.0000000000000000000 ) ) ;
#4395 = ORIENTED_EDGE ( 'NONE', *, *, #477, .F. ) ;
#4396 = ORIENTED_EDGE ( 'NONE', *, *, #5165, .T. ) ;
#4397 = AXIS2_PLACEMENT_3D ( 'NONE', #3933, #6246, #1016 ) ;
#4398 = PLANE ( 'NONE',  #6008 ) ;
#4399 = ADVANCED_FACE ( 'NONE', ( #1681 ), #6820, .T. ) ;
#4400 = EDGE_LOOP ( 'NONE', ( #6845, #1140, #6484, #2822 ) ) ;
#4401 = VECTOR ( 'NONE', #1783, 1000.000000000000000 ) ;
#4402 = CARTESIAN_POINT ( 'NONE',  ( -1.624999999999998890, -0.1000000000000000056, -3.224999999999995204 ) ) ;
#4403 = DIRECTION ( 'NONE',  ( 0.0000000000000000000, 1.000000000000000000, 0.0000000000000000000 ) ) ;
#4404 = CARTESIAN_POINT ( 'NONE',  ( -3.224999999999998757, 0.0000000000000000000, -2.875000000000001776 ) ) ;
#4405 = ADVANCED_FACE ( 'NONE', ( #2990 ), #39, .F. ) ;
#4406 = STYLED_ITEM ( 'NONE', ( #2147 ), #4266 ) ;
#4407 = LINE ( 'NONE', #4368, #468 ) ;
#4408 = DIRECTION ( 'NONE',  ( 1.000000000000000000, 0.0000000000000000000, -0.0000000000000000000 ) ) ;
#4409 = CARTESIAN_POINT ( 'NONE',  ( 0.0000000000000000000, -0.1000000000000000056, 0.0000000000000000000 ) ) ;
#4410 = VECTOR ( 'NONE', #4348, 1000.000000000000000 ) ;
#4411 = DIRECTION ( 'NONE',  ( 0.0000000000000000000, -0.0000000000000000000, -1.000000000000000000 ) ) ;
#4412 = EDGE_LOOP ( 'NONE', ( #2863, #1364, #880, #5868, #6539 ) ) ;
#4413 = DIRECTION ( 'NONE',  ( -0.0000000000000000000, -0.0000000000000000000, -1.000000000000000000 ) ) ;
#4414 = DIRECTION ( 'NONE',  ( 0.0000000000000000000, 0.0000000000000000000, 1.000000000000000000 ) ) ;
#4415 = ORIENTED_EDGE ( 'NONE', *, *, #4528, .F. ) ;
#4416 = CARTESIAN_POINT ( 'NONE',  ( -0.8749999999999973355, 0.0000000000000000000, 0.0000000000000000000 ) ) ;
#4417 = EDGE_LOOP ( 'NONE', ( #3130, #2073, #6922, #6414, #994 ) ) ;
#4418 = ORIENTED_EDGE ( 'NONE', *, *, #6536, .F. ) ;
#4419 = VECTOR ( 'NONE', #6074, 1000.000000000000000 ) ;
#4420 = LINE ( 'NONE', #6167, #7078 ) ;
#4421 =( NAMED_UNIT ( * ) SI_UNIT ( $, .STERADIAN. ) SOLID_ANGLE_UNIT ( ) );
#4422 = DIRECTION ( 'NONE',  ( 0.0000000000000000000, 0.0000000000000000000, 1.000000000000000000 ) ) ;
#4423 = EDGE_CURVE ( 'NONE', #4428, #95, #184, .T. ) ;
#4424 = CARTESIAN_POINT ( 'NONE',  ( -2.956915015869555306E-16, -0.1000000000000000056, 0.3750000000000009437 ) ) ;
#4425 = ORIENTED_EDGE ( 'NONE', *, *, #276, .F. ) ;
#4426 = CIRCLE ( 'NONE', #4680, 0.1249999999999996808 ) ;
#4427 = LINE ( 'NONE', #6741, #877 ) ;
#4428 = VERTEX_POINT ( 'NONE', #7109 ) ;
#4429 = CARTESIAN_POINT ( 'NONE',  ( 2.750000000000000444, -0.1000000000000000056, 2.500000000000000444 ) ) ;
#4430 = CARTESIAN_POINT ( 'NONE',  ( -3.224999999999998757, -0.1000000000000000056, -2.875000000000001776 ) ) ;
#4431 = EDGE_CURVE ( 'NONE', #2308, #5160, #5267, .T. ) ;
#4432 = ORIENTED_EDGE ( 'NONE', *, *, #6306, .F. ) ;
#4433 = DIRECTION ( 'NONE',  ( -0.0000000000000000000, -1.000000000000000000, -0.0000000000000000000 ) ) ;
#4434 = ORIENTED_EDGE ( 'NONE', *, *, #3811, .F. ) ;
#4435 = DIRECTION ( 'NONE',  ( 0.0000000000000000000, -1.000000000000000000, 0.0000000000000000000 ) ) ;
#4436 = VERTEX_POINT ( 'NONE', #1287 ) ;
#4437 = VECTOR ( 'NONE', #1304, 1000.000000000000000 ) ;
#4438 = CARTESIAN_POINT ( 'NONE',  ( -0.6249999999999987788, -0.1000000000000000333, -3.499999999999999112 ) ) ;
#4439 = VERTEX_POINT ( 'NONE', #7072 ) ;
#4440 = PRESENTATION_STYLE_ASSIGNMENT (( #7357 ) ) ;
#4441 = CARTESIAN_POINT ( 'NONE',  ( -2.499999999999998668, -0.1000000000000000056, 2.750000000000000888 ) ) ;
#4442 = ORIENTED_EDGE ( 'NONE', *, *, #6401, .T. ) ;
#4443 = DIRECTION ( 'NONE',  ( -0.0000000000000000000, -1.000000000000000000, 0.0000000000000000000 ) ) ;
#4444 = EDGE_CURVE ( 'NONE', #1692, #6104, #4083, .T. ) ;
#4445 = CARTESIAN_POINT ( 'NONE',  ( 3.225000000000001421, -0.1000000000000000056, 2.625000000000002665 ) ) ;
#4446 = CARTESIAN_POINT ( 'NONE',  ( -3.224999999999998757, -0.1000000000000000056, 1.624999999999998224 ) ) ;
#4447 = CIRCLE ( 'NONE', #4700, 0.1249999999999996808 ) ;
#4448 = LINE ( 'NONE', #3874, #3062 ) ;
#4449 = CARTESIAN_POINT ( 'NONE',  ( 3.500000000000001776, 1.000000000000000000, 2.375000000000002665 ) ) ;
#4450 = CARTESIAN_POINT ( 'NONE',  ( 3.500000000000000888, 0.0000000000000000000, 0.0000000000000000000 ) ) ;
#4451 = VERTEX_POINT ( 'NONE', #3065 ) ;
#4452 = ORIENTED_EDGE ( 'NONE', *, *, #4495, .T. ) ;
#4453 = CARTESIAN_POINT ( 'NONE',  ( -2.749999999999999112, 0.0000000000000000000, -2.499999999999998668 ) ) ;
#4454 = ORIENTED_EDGE ( 'NONE', *, *, #5576, .T. ) ;
#4455 = EDGE_CURVE ( 'NONE', #2618, #1358, #7004, .T. ) ;
#4456 = CARTESIAN_POINT ( 'NONE',  ( 0.0000000000000000000, -0.1000000000000000056, 2.124999999999998224 ) ) ;
#4457 = DIRECTION ( 'NONE',  ( 0.0000000000000000000, 0.0000000000000000000, 1.000000000000000000 ) ) ;
#4458 = CARTESIAN_POINT ( 'NONE',  ( 0.0000000000000000000, -0.1000000000000000056, 0.0000000000000000000 ) ) ;
#4459 = DIRECTION ( 'NONE',  ( 0.0000000000000000000, 0.0000000000000000000, 1.000000000000000000 ) ) ;
#4460 =( LENGTH_UNIT ( ) NAMED_UNIT ( * ) SI_UNIT ( .MILLI., .METRE. ) );
#4461 = DIRECTION ( 'NONE',  ( 0.0000000000000000000, 1.000000000000000000, -0.0000000000000000000 ) ) ;
#4462 = ORIENTED_EDGE ( 'NONE', *, *, #3146, .F. ) ;
#4463 = AXIS2_PLACEMENT_3D ( 'NONE', #747, #2397, #2359 ) ;
#4464 = PLANE ( 'NONE',  #7027 ) ;
#4465 = ADVANCED_FACE ( 'NONE', ( #150 ), #1905, .F. ) ;
#4466 = EDGE_CURVE ( 'NONE', #1633, #6711, #5485, .T. ) ;
#4467 = EDGE_CURVE ( 'NONE', #3606, #4609, #4126, .T. ) ;
#4468 = DIRECTION ( 'NONE',  ( 1.000000000000000000, 0.0000000000000000000, -0.0000000000000000000 ) ) ;
#4469 = ORIENTED_EDGE ( 'NONE', *, *, #1527, .T. ) ;
#4470 = FACE_OUTER_BOUND ( 'NONE', #3517, .T. ) ;
#4471 = LINE ( 'NONE', #4008, #423 ) ;
#4472 = ORIENTED_EDGE ( 'NONE', *, *, #4683, .F. ) ;
#4473 = DIRECTION ( 'NONE',  ( -0.0000000000000000000, -1.000000000000000000, -0.0000000000000000000 ) ) ;
#4474 = ORIENTED_EDGE ( 'NONE', *, *, #7445, .T. ) ;
#4475 = DIRECTION ( 'NONE',  ( 0.0000000000000000000, 0.0000000000000000000, 1.000000000000000000 ) ) ;
#4476 = EDGE_CURVE ( 'NONE', #7287, #5579, #3877, .T. ) ;
#4477 = ORIENTED_EDGE ( 'NONE', *, *, #5033, .F. ) ;
#4478 = EDGE_CURVE ( 'NONE', #54, #765, #331, .T. ) ;
#4479 = DIRECTION ( 'NONE',  ( -0.0000000000000000000, -1.000000000000000000, 0.0000000000000000000 ) ) ;
#4480 = ORIENTED_EDGE ( 'NONE', *, *, #3101, .F. ) ;
#4481 = LINE ( 'NONE', #3791, #4772 ) ;
#4482 = CARTESIAN_POINT ( 'NONE',  ( -1.625000000000000444, -0.1000000000000000056, 0.0000000000000000000 ) ) ;
#4483 = EDGE_LOOP ( 'NONE', ( #4880, #1628, #5122, #2838 ) ) ;
#4484 = EDGE_CURVE ( 'NONE', #2814, #3715, #853, .T. ) ;
#4485 = CARTESIAN_POINT ( 'NONE',  ( -1.375000000000000888, 1.000000000000000000, 3.500000000000000888 ) ) ;
#4486 = CARTESIAN_POINT ( 'NONE',  ( -3.499999999999998224, -0.1000000000000000333, 1.374999999999998446 ) ) ;
#4487 = PLANE ( 'NONE',  #5885 ) ;
#4488 = CARTESIAN_POINT ( 'NONE',  ( -2.625000000000000000, 0.0000000000000000000, 0.0000000000000000000 ) ) ;
#4489 = ORIENTED_EDGE ( 'NONE', *, *, #4853, .T. ) ;
#4490 = CARTESIAN_POINT ( 'NONE',  ( 0.0000000000000000000, -0.1000000000000000056, -0.8750000000000018874 ) ) ;
#4491 = CIRCLE ( 'NONE', #6916, 0.1249999999999992506 ) ;
#4492 = LINE ( 'NONE', #2718, #3123 ) ;
#4493 = ORIENTED_EDGE ( 'NONE', *, *, #401, .F. ) ;
#4494 = PLANE ( 'NONE',  #4836 ) ;
#4495 = EDGE_CURVE ( 'NONE', #6819, #3345, #6657, .T. ) ;
#4496 = EDGE_LOOP ( 'NONE', ( #5766, #6501, #7210, #6830 ) ) ;
#4497 = ORIENTED_EDGE ( 'NONE', *, *, #3536, .T. ) ;
#4498 = AXIS2_PLACEMENT_3D ( 'NONE', #476, #5134, #3270 ) ;
#4499 = CARTESIAN_POINT ( 'NONE',  ( -0.3750000000000002220, -0.1000000000000000056, 0.0000000000000000000 ) ) ;
#4500 = DIRECTION ( 'NONE',  ( 0.0000000000000000000, 0.0000000000000000000, 1.000000000000000000 ) ) ;
#4501 = CARTESIAN_POINT ( 'NONE',  ( -3.224999999999998757, -0.1000000000000000056, -0.6250000000000016653 ) ) ;
#4502 = CARTESIAN_POINT ( 'NONE',  ( 3.225000000000001421, 0.0000000000000000000, -1.624999999999998002 ) ) ;
#4503 = VECTOR ( 'NONE', #6625, 1000.000000000000000 ) ;
#4504 = CARTESIAN_POINT ( 'NONE',  ( 0.0000000000000000000, -0.1000000000000000056, 0.0000000000000000000 ) ) ;
#4505 = ADVANCED_FACE ( 'NONE', ( #4307 ), #3728, .T. ) ;
#4506 = ORIENTED_EDGE ( 'NONE', *, *, #813, .T. ) ;
#4507 = DIRECTION ( 'NONE',  ( -0.0000000000000000000, 0.0000000000000000000, -1.000000000000000000 ) ) ;
#4508 = AXIS2_PLACEMENT_3D ( 'NONE', #1589, #3357, #886 ) ;
#4509 = ORIENTED_EDGE ( 'NONE', *, *, #6194, .T. ) ;
#4510 = PLANE ( 'NONE',  #3905 ) ;
#4511 = CARTESIAN_POINT ( 'NONE',  ( 0.0000000000000000000, -0.1000000000000000056, -1.625000000000001554 ) ) ;
#4512 = DIRECTION ( 'NONE',  ( -0.0000000000000000000, -1.000000000000000000, -0.0000000000000000000 ) ) ;
#4513 = ORIENTED_EDGE ( 'NONE', *, *, #5357, .F. ) ;
#4514 = DIRECTION ( 'NONE',  ( 0.0000000000000000000, -0.0000000000000000000, -1.000000000000000000 ) ) ;
#4515 = ADVANCED_FACE ( 'NONE', ( #4918 ), #6083, .T. ) ;
#4516 = ORIENTED_EDGE ( 'NONE', *, *, #393, .T. ) ;
#4517 = EDGE_CURVE ( 'NONE', #6668, #2454, #6165, .T. ) ;
#4518 = DIRECTION ( 'NONE',  ( 0.0000000000000000000, 0.0000000000000000000, 1.000000000000000000 ) ) ;
#4519 = ORIENTED_EDGE ( 'NONE', *, *, #3612, .F. ) ;
#4520 = EDGE_CURVE ( 'NONE', #5654, #6644, #2056, .T. ) ;
#4521 = EDGE_LOOP ( 'NONE', ( #4760, #1495, #4516, #4888 ) ) ;
#4522 = VECTOR ( 'NONE', #669, 1000.000000000000000 ) ;
#4523 = VERTEX_POINT ( 'NONE', #6921 ) ;
#4524 = ORIENTED_EDGE ( 'NONE', *, *, #2528, .T. ) ;
#4525 = FACE_OUTER_BOUND ( 'NONE', #5391, .T. ) ;
#4526 =( NAMED_UNIT ( * ) SI_UNIT ( $, .STERADIAN. ) SOLID_ANGLE_UNIT ( ) );
#4527 = VERTEX_POINT ( 'NONE', #6241 ) ;
#4528 = EDGE_CURVE ( 'NONE', #6833, #5206, #2058, .T. ) ;
#4529 = CARTESIAN_POINT ( 'NONE',  ( -3.499999999999998224, -0.1000000000000000472, 3.500000000000000888 ) ) ;
#4530 = VECTOR ( 'NONE', #6915, 1000.000000000000000 ) ;
#4531 = CARTESIAN_POINT ( 'NONE',  ( -3.499999999999998224, 1.000000000000000000, 2.874999999999998668 ) ) ;
#4532 = CARTESIAN_POINT ( 'NONE',  ( 2.875000000000001332, -0.1000000000000000056, 0.0000000000000000000 ) ) ;
#4533 = EDGE_CURVE ( 'NONE', #6581, #1095, #4491, .T. ) ;
#4534 = ORIENTED_EDGE ( 'NONE', *, *, #5357, .T. ) ;
#4535 = VECTOR ( 'NONE', #5840, 1000.000000000000000 ) ;
#4536 = DIRECTION ( 'NONE',  ( -0.0000000000000000000, 1.000000000000000000, 0.0000000000000000000 ) ) ;
#4537 = SURFACE_STYLE_FILL_AREA ( #2941 ) ;
#4538 = VERTEX_POINT ( 'NONE', #6201 ) ;
#4539 = ORIENTED_EDGE ( 'NONE', *, *, #2805, .T. ) ;
#4540 = DIRECTION ( 'NONE',  ( 0.0000000000000000000, 0.0000000000000000000, 1.000000000000000000 ) ) ;
#4541 = VERTEX_POINT ( 'NONE', #1013 ) ;
#4542 = VECTOR ( 'NONE', #1991, 1000.000000000000000 ) ;
#4543 = DIRECTION ( 'NONE',  ( -1.000000000000000000, 0.0000000000000000000, -0.0000000000000000000 ) ) ;
#4544 = CARTESIAN_POINT ( 'NONE',  ( 0.0000000000000000000, 0.0000000000000000000, 1.625000000000002665 ) ) ;
#4545 = EDGE_CURVE ( 'NONE', #4308, #3657, #2761, .T. ) ;
#4546 = FACE_OUTER_BOUND ( 'NONE', #7155, .T. ) ;
#4547 = DIRECTION ( 'NONE',  ( -0.0000000000000000000, -1.000000000000000000, -0.0000000000000000000 ) ) ;
#4548 = ORIENTED_EDGE ( 'NONE', *, *, #7394, .F. ) ;
#4549 = DIRECTION ( 'NONE',  ( 0.0000000000000000000, 1.000000000000000000, -0.0000000000000000000 ) ) ;
#4550 = AXIS2_PLACEMENT_3D ( 'NONE', #961, #404, #25 ) ;
#4551 = ADVANCED_FACE ( 'NONE', ( #971 ), #6353, .T. ) ;
#4552 = ORIENTED_EDGE ( 'NONE', *, *, #6803, .T. ) ;
#4553 = CARTESIAN_POINT ( 'NONE',  ( -2.875000000000000444, -0.1000000000000000333, 3.500000000000000888 ) ) ;
#4554 = ORIENTED_EDGE ( 'NONE', *, *, #1483, .F. ) ;
#4555 = CARTESIAN_POINT ( 'NONE',  ( 0.8750000000000002220, -0.1000000000000000333, 3.500000000000000888 ) ) ;
#4556 = ORIENTED_EDGE ( 'NONE', *, *, #606, .F. ) ;
#4557 = VECTOR ( 'NONE', #4549, 1000.000000000000000 ) ;
#4558 = EDGE_CURVE ( 'NONE', #6748, #998, #5034, .T. ) ;
#4559 = VERTEX_POINT ( 'NONE', #4453 ) ;
#4560 = PRESENTATION_LAYER_ASSIGNMENT (  '', '', ( #3349 ) ) ;
#4561 = ORIENTED_EDGE ( 'NONE', *, *, #562, .T. ) ;
#4562 = VERTEX_POINT ( 'NONE', #5108 ) ;
#4563 = DIRECTION ( 'NONE',  ( 0.0000000000000000000, 0.0000000000000000000, 1.000000000000000000 ) ) ;
#4564 = CARTESIAN_POINT ( 'NONE',  ( -1.749999999999998002, 0.0000000000000000000, -3.224999999999995204 ) ) ;
#4565 = VERTEX_POINT ( 'NONE', #3435 ) ;
#4566 = CARTESIAN_POINT ( 'NONE',  ( -0.6249999999999987788, 0.0000000000000000000, -3.224999999999995204 ) ) ;
#4567 = AXIS2_PLACEMENT_3D ( 'NONE', #2558, #1970, #7168 ) ;
#4568 = AXIS2_PLACEMENT_3D ( 'NONE', #7135, #4259, #6579 ) ;
#4569 = DIRECTION ( 'NONE',  ( -1.000000000000000000, 0.0000000000000000000, -0.0000000000000000000 ) ) ;
#4570 = EDGE_CURVE ( 'NONE', #6636, #7284, #3325, .T. ) ;
#4571 = EDGE_CURVE ( 'NONE', #1403, #7404, #7507, .T. ) ;
#4572 = DIRECTION ( 'NONE',  ( 0.0000000000000000000, 1.000000000000000000, 0.0000000000000000000 ) ) ;
#4573 = CARTESIAN_POINT ( 'NONE',  ( -2.374999999999997780, -0.1000000000000000333, -3.499999999999999112 ) ) ;
#4574 = FILL_AREA_STYLE_COLOUR ( '', #553 ) ;
#4575 = AXIS2_PLACEMENT_3D ( 'NONE', #3789, #6642, #7237 ) ;
#4576 = ORIENTED_EDGE ( 'NONE', *, *, #5503, .F. ) ;
#4577 = EDGE_LOOP ( 'NONE', ( #5321, #4976, #5513, #5799 ) ) ;
#4578 = PLANE ( 'NONE',  #4982 ) ;
#4579 = EDGE_LOOP ( 'NONE', ( #3980, #7096, #7215, #4677 ) ) ;
#4580 = VECTOR ( 'NONE', #521, 1000.000000000000000 ) ;
#4581 = FACE_OUTER_BOUND ( 'NONE', #2887, .T. ) ;
#4582 = ADVANCED_FACE ( 'NONE', ( #6847 ), #2831, .F. ) ;
#4583 = DIRECTION ( 'NONE',  ( 0.0000000000000000000, 0.0000000000000000000, 1.000000000000000000 ) ) ;
#4584 = DIRECTION ( 'NONE',  ( -0.0000000000000000000, -1.000000000000000000, -0.0000000000000000000 ) ) ;
#4585 = DIRECTION ( 'NONE',  ( 0.0000000000000000000, 0.0000000000000000000, 1.000000000000000000 ) ) ;
#4586 = VERTEX_POINT ( 'NONE', #3883 ) ;
#4587 = ADVANCED_FACE ( 'NONE', ( #5634 ), #2796, .F. ) ;
#4588 = EDGE_CURVE ( 'NONE', #5052, #3256, #1634, .T. ) ;
#4589 = LINE ( 'NONE', #2428, #5394 ) ;
#4590 = DIRECTION ( 'NONE',  ( -1.000000000000000000, -0.0000000000000000000, 0.0000000000000000000 ) ) ;
#4591 = CARTESIAN_POINT ( 'NONE',  ( -2.625000000000000000, 1.000000000000000000, 3.500000000000000888 ) ) ;
#4592 = AXIS2_PLACEMENT_3D ( 'NONE', #4352, #1447, #2104 ) ;
#4593 = ORIENTED_EDGE ( 'NONE', *, *, #2047, .F. ) ;
#4594 = LINE ( 'NONE', #5764, #6761 ) ;
#4595 = ORIENTED_EDGE ( 'NONE', *, *, #4656, .T. ) ;
#4596 = ORIENTED_EDGE ( 'NONE', *, *, #7121, .T. ) ;
#4597 = ADVANCED_FACE ( 'NONE', ( #6278 ), #4578, .T. ) ;
#4598 = AXIS2_PLACEMENT_3D ( 'NONE', #6964, #638, #2988 ) ;
#4599 = EDGE_LOOP ( 'NONE', ( #6449, #596, #5079, #1596 ) ) ;
#4600 = VERTEX_POINT ( 'NONE', #5182 ) ;
#4601 = ORIENTED_EDGE ( 'NONE', *, *, #3620, .F. ) ;
#4602 = CARTESIAN_POINT ( 'NONE',  ( -0.3750000000000002776, 0.0000000000000000000, 3.500000000000000888 ) ) ;
#4603 = LINE ( 'NONE', #6908, #4076 ) ;
#4604 = ORIENTED_EDGE ( 'NONE', *, *, #5173, .F. ) ;
#4605 = FACE_OUTER_BOUND ( 'NONE', #4125, .T. ) ;
#4606 = CARTESIAN_POINT ( 'NONE',  ( 2.250000000000001776, -0.1000000000000000056, -3.224999999999995204 ) ) ;
#4607 = EDGE_LOOP ( 'NONE', ( #1614, #1900, #1218, #7181 ) ) ;
#4608 = ORIENTED_EDGE ( 'NONE', *, *, #2625, .F. ) ;
#4609 = VERTEX_POINT ( 'NONE', #7478 ) ;
#4610 = ADVANCED_FACE ( 'NONE', ( #2298 ), #4612, .T. ) ;
#4611 = EDGE_CURVE ( 'NONE', #4828, #6848, #5818, .T. ) ;
#4612 = PLANE ( 'NONE',  #6790 ) ;
#4613 = VERTEX_POINT ( 'NONE', #595 ) ;
#4614 = DIRECTION ( 'NONE',  ( 1.239088197126291063E-16, 0.0000000000000000000, 1.000000000000000000 ) ) ;
#4615 = CIRCLE ( 'NONE', #7042, 0.1250000000000001110 ) ;
#4616 = DIRECTION ( 'NONE',  ( -0.0000000000000000000, -1.000000000000000000, -0.0000000000000000000 ) ) ;
#4617 = CARTESIAN_POINT ( 'NONE',  ( 1.125000000000002665, 0.0000000000000000000, -3.224999999999995204 ) ) ;
#4618 = DIRECTION ( 'NONE',  ( 0.0000000000000000000, -0.0000000000000000000, -1.000000000000000000 ) ) ;
#4619 = ORIENTED_EDGE ( 'NONE', *, *, #6320, .T. ) ;
#4620 = EDGE_CURVE ( 'NONE', #2588, #1254, #1786, .T. ) ;
#4621 = DIRECTION ( 'NONE',  ( 0.0000000000000000000, 0.0000000000000000000, 1.000000000000000000 ) ) ;
#4622 = VECTOR ( 'NONE', #2338, 1000.000000000000000 ) ;
#4623 = CYLINDRICAL_SURFACE ( 'NONE', #3217, 0.1249999999999992506 ) ;
#4624 = DIRECTION ( 'NONE',  ( -1.000000000000000000, -0.0000000000000000000, 0.0000000000000000000 ) ) ;
#4625 = CARTESIAN_POINT ( 'NONE',  ( 0.0000000000000000000, -0.1000000000000000056, -2.125000000000001776 ) ) ;
#4626 = ADVANCED_FACE ( 'NONE', ( #7515 ), #4073, .F. ) ;
#4627 = CARTESIAN_POINT ( 'NONE',  ( -2.124999999999998668, 1.000000000000000000, -3.499999999999999112 ) ) ;
#4628 = CARTESIAN_POINT ( 'NONE',  ( 0.0000000000000000000, 0.0000000000000000000, 3.500000000000000888 ) ) ;
#4629 = ORIENTED_EDGE ( 'NONE', *, *, #4110, .T. ) ;
#4630 = CARTESIAN_POINT ( 'NONE',  ( -3.499999999999998224, -0.1000000000000000333, 1.124999999999998002 ) ) ;
#4631 = EDGE_LOOP ( 'NONE', ( #1842, #1198, #3124, #1597 ) ) ;
#4632 = ORIENTED_EDGE ( 'NONE', *, *, #4759, .T. ) ;
#4633 = VECTOR ( 'NONE', #5189, 1000.000000000000000 ) ;
#4634 = ORIENTED_EDGE ( 'NONE', *, *, #918, .F. ) ;
#4635 = CARTESIAN_POINT ( 'NONE',  ( 3.000000000000000888, 1.000000000000000000, 3.250000000000001332 ) ) ;
#4636 = EDGE_CURVE ( 'NONE', #4586, #1025, #4111, .T. ) ;
#4637 = ORIENTED_EDGE ( 'NONE', *, *, #562, .F. ) ;
#4638 = DIRECTION ( 'NONE',  ( 0.0000000000000000000, 1.000000000000000000, 0.0000000000000000000 ) ) ;
#4639 = AXIS2_PLACEMENT_3D ( 'NONE', #6687, #5026, #7500 ) ;
#4640 = CARTESIAN_POINT ( 'NONE',  ( 0.0000000000000000000, -0.1000000000000000056, -2.374999999999997335 ) ) ;
#4641 = VERTEX_POINT ( 'NONE', #5257 ) ;
#4642 = DIRECTION ( 'NONE',  ( 1.000000000000000000, -0.0000000000000000000, 0.0000000000000000000 ) ) ;
#4643 = VECTOR ( 'NONE', #3257, 1000.000000000000000 ) ;
#4644 = PLANE ( 'NONE',  #1621 ) ;
#4645 = FACE_OUTER_BOUND ( 'NONE', #742, .T. ) ;
#4646 = EDGE_CURVE ( 'NONE', #503, #812, #700, .T. ) ;
#4647 = ORIENTED_EDGE ( 'NONE', *, *, #5996, .F. ) ;
#4648 = CARTESIAN_POINT ( 'NONE',  ( -3.224999999999999201, -0.1000000000000000056, -0.1250000000000016376 ) ) ;
#4649 = PLANE ( 'NONE',  #4195 ) ;
#4650 = VERTEX_POINT ( 'NONE', #1237 ) ;
#4651 = VECTOR ( 'NONE', #1753, 1000.000000000000000 ) ;
#4652 = CARTESIAN_POINT ( 'NONE',  ( -3.224999999999999201, -0.1000000000000000056, -1.125000000000001554 ) ) ;
#4653 = DIRECTION ( 'NONE',  ( -0.0000000000000000000, -1.000000000000000000, -0.0000000000000000000 ) ) ;
#4654 = DIRECTION ( 'NONE',  ( -0.0000000000000000000, -0.0000000000000000000, -1.000000000000000000 ) ) ;
#4655 = VECTOR ( 'NONE', #6880, 1000.000000000000000 ) ;
#4656 = EDGE_CURVE ( 'NONE', #3260, #7386, #631, .T. ) ;
#4657 = LINE ( 'NONE', #6962, #2332 ) ;
#4658 = EDGE_CURVE ( 'NONE', #1358, #7438, #2456, .T. ) ;
#4659 = CARTESIAN_POINT ( 'NONE',  ( 0.2500000000000000000, -0.1000000000000000056, 3.225000000000000533 ) ) ;
#4660 = DIRECTION ( 'NONE',  ( 0.0000000000000000000, 1.000000000000000000, 0.0000000000000000000 ) ) ;
#4661 = ORIENTED_EDGE ( 'NONE', *, *, #1956, .T. ) ;
#4662 = DIRECTION ( 'NONE',  ( 0.0000000000000000000, 0.0000000000000000000, 1.000000000000000000 ) ) ;
#4663 = EDGE_CURVE ( 'NONE', #5941, #6417, #3580, .T. ) ;
#4664 = LINE ( 'NONE', #1759, #1257 ) ;
#4665 = DIRECTION ( 'NONE',  ( 0.0000000000000000000, 0.0000000000000000000, 1.000000000000000000 ) ) ;
#4666 = ADVANCED_FACE ( 'NONE', ( #5781 ), #559, .T. ) ;
#4667 = FILL_AREA_STYLE_COLOUR ( '', #2468 ) ;
#4668 = VECTOR ( 'NONE', #3369, 1000.000000000000000 ) ;
#4669 = LINE ( 'NONE', #6970, #6397 ) ;
#4670 = ORIENTED_EDGE ( 'NONE', *, *, #7378, .F. ) ;
#4671 = DIRECTION ( 'NONE',  ( 1.000000000000000000, 0.0000000000000000000, -0.0000000000000000000 ) ) ;
#4672 = EDGE_LOOP ( 'NONE', ( #126, #30, #4957, #1302 ) ) ;
#4673 = AXIS2_PLACEMENT_3D ( 'NONE', #1115, #6951, #3428 ) ;
#4674 = EDGE_CURVE ( 'NONE', #2621, #4778, #2493, .T. ) ;
#4675 = EDGE_CURVE ( 'NONE', #5612, #3766, #4726, .T. ) ;
#4676 = CARTESIAN_POINT ( 'NONE',  ( 3.225000000000001421, -0.1000000000000000056, -2.249999999999999112 ) ) ;
#4677 = ORIENTED_EDGE ( 'NONE', *, *, #6101, .T. ) ;
#4678 = CARTESIAN_POINT ( 'NONE',  ( -0.1250000000000002220, -0.1000000000000000056, 3.225000000000000533 ) ) ;
#4679 = DIRECTION ( 'NONE',  ( 1.000000000000000000, 0.0000000000000000000, 0.0000000000000000000 ) ) ;
#4680 = AXIS2_PLACEMENT_3D ( 'NONE', #3971, #1056, #3409 ) ;
#4681 = ORIENTED_EDGE ( 'NONE', *, *, #4588, .F. ) ;
#4682 = CARTESIAN_POINT ( 'NONE',  ( -2.500000000000000444, -0.1000000000000000056, 2.500000000000000444 ) ) ;
#4683 = EDGE_CURVE ( 'NONE', #4778, #5052, #4794, .T. ) ;
#4684 = VECTOR ( 'NONE', #1366, 1000.000000000000000 ) ;
#4685 = LINE ( 'NONE', #3575, #7087 ) ;
#4686 = ORIENTED_EDGE ( 'NONE', *, *, #2057, .F. ) ;
#4687 = FACE_OUTER_BOUND ( 'NONE', #7048, .T. ) ;
#4688 = LINE ( 'NONE', #4108, #7211 ) ;
#4689 = ORIENTED_EDGE ( 'NONE', *, *, #6941, .T. ) ;
#4690 = VECTOR ( 'NONE', #846, 1000.000000000000000 ) ;
#4691 = CARTESIAN_POINT ( 'NONE',  ( 0.0000000000000000000, -0.1000000000000000056, 1.874999999999998446 ) ) ;
#4692 = CIRCLE ( 'NONE', #7097, 0.1249999999999992506 ) ;
#4693 = DIRECTION ( 'NONE',  ( 0.0000000000000000000, 0.0000000000000000000, 1.000000000000000000 ) ) ;
#4694 = VECTOR ( 'NONE', #695, 1000.000000000000000 ) ;
#4695 = DIRECTION ( 'NONE',  ( 0.0000000000000000000, 0.0000000000000000000, 1.000000000000000000 ) ) ;
#4696 = DIRECTION ( 'NONE',  ( 0.0000000000000000000, 1.000000000000000000, 0.0000000000000000000 ) ) ;
#4697 = LINE ( 'NONE', #2501, #677 ) ;
#4698 = VERTEX_POINT ( 'NONE', #2907 ) ;
#4699 = DIRECTION ( 'NONE',  ( 0.0000000000000000000, 1.000000000000000000, 0.0000000000000000000 ) ) ;
#4700 = AXIS2_PLACEMENT_3D ( 'NONE', #7494, #5725, #2843 ) ;
#4701 = EDGE_CURVE ( 'NONE', #7303, #705, #3277, .T. ) ;
#4702 = PLANE ( 'NONE',  #4922 ) ;
#4703 = DIRECTION ( 'NONE',  ( 0.0000000000000000000, 0.0000000000000000000, 1.000000000000000000 ) ) ;
#4704 = LINE ( 'NONE', #6444, #6815 ) ;
#4705 = DIRECTION ( 'NONE',  ( 0.0000000000000000000, -1.000000000000000000, 0.0000000000000000000 ) ) ;
#4706 = ORIENTED_EDGE ( 'NONE', *, *, #839, .F. ) ;
#4707 = CARTESIAN_POINT ( 'NONE',  ( 0.0000000000000000000, 0.0000000000000000000, 1.874999999999998446 ) ) ;
#4708 = ORIENTED_EDGE ( 'NONE', *, *, #3826, .F. ) ;
#4709 = EDGE_CURVE ( 'NONE', #2621, #4089, #664, .T. ) ;
#4710 = VECTOR ( 'NONE', #3290, 1000.000000000000000 ) ;
#4711 = ORIENTED_EDGE ( 'NONE', *, *, #3138, .T. ) ;
#4712 = CARTESIAN_POINT ( 'NONE',  ( 8.279362044434733164E-15, -0.1000000000000000056, -2.625000000000007994 ) ) ;
#4713 = ORIENTED_EDGE ( 'NONE', *, *, #4978, .F. ) ;
#4714 = LINE ( 'NONE', #7015, #5621 ) ;
#4715 = CARTESIAN_POINT ( 'NONE',  ( 2.875000000000001332, -0.1000000000000000333, -3.499999999999999112 ) ) ;
#4716 = VERTEX_POINT ( 'NONE', #5331 ) ;
#4717 = DIRECTION ( 'NONE',  ( 0.0000000000000000000, 0.0000000000000000000, -1.000000000000000000 ) ) ;
#4718 = AXIS2_PLACEMENT_3D ( 'NONE', #690, #3116, #4786 ) ;
#4719 = ADVANCED_FACE ( 'NONE', ( #105 ), #4763, .T. ) ;
#4720 = DIRECTION ( 'NONE',  ( 0.0000000000000000000, -1.000000000000000000, 0.0000000000000000000 ) ) ;
#4721 = PLANE ( 'NONE',  #7463 ) ;
#4722 = VERTEX_POINT ( 'NONE', #4185 ) ;
#4723 = CARTESIAN_POINT ( 'NONE',  ( 1.625000000000002665, 1.000000000000000000, -3.499999999999999112 ) ) ;
#4724 = ADVANCED_FACE ( 'NONE', ( #140 ), #1164, .T. ) ;
#4725 = VERTEX_POINT ( 'NONE', #881 ) ;
#4726 = LINE ( 'NONE', #5886, #4622 ) ;
#4727 = FACE_OUTER_BOUND ( 'NONE', #4780, .T. ) ;
#4728 = DIRECTION ( 'NONE',  ( 0.0000000000000000000, 0.0000000000000000000, 1.000000000000000000 ) ) ;
#4729 = DIRECTION ( 'NONE',  ( 0.0000000000000000000, 0.0000000000000000000, 1.000000000000000000 ) ) ;
#4730 = ORIENTED_EDGE ( 'NONE', *, *, #1027, .F. ) ;
#4731 = CARTESIAN_POINT ( 'NONE',  ( 3.500000000000000888, 1.000000000000000000, -2.874999999999998668 ) ) ;
#4732 = CARTESIAN_POINT ( 'NONE',  ( -0.6249999999999987788, -0.1000000000000000056, -3.224999999999995204 ) ) ;
#4733 = ORIENTED_EDGE ( 'NONE', *, *, #4845, .T. ) ;
#4734 = VECTOR ( 'NONE', #4662, 1000.000000000000000 ) ;
#4735 = CARTESIAN_POINT ( 'NONE',  ( -2.749999999999998224, -0.1000000000000000056, -3.224999999999995204 ) ) ;
#4736 = CARTESIAN_POINT ( 'NONE',  ( -3.224999999999998757, -0.1000000000000000056, -0.3750000000000018319 ) ) ;
#4737 = CARTESIAN_POINT ( 'NONE',  ( 2.375000000000000000, -0.1000000000000000333, 3.500000000000000888 ) ) ;
#4738 = EDGE_CURVE ( 'NONE', #4323, #6523, #3161, .T. ) ;
#4739 = DIRECTION ( 'NONE',  ( 0.0000000000000000000, 0.0000000000000000000, 1.000000000000000000 ) ) ;
#4740 = EDGE_LOOP ( 'NONE', ( #2153, #7000, #5635, #5389 ) ) ;
#4741 = CIRCLE ( 'NONE', #1700, 0.1249999999999996808 ) ;
#4742 = CARTESIAN_POINT ( 'NONE',  ( 2.499999999999999556, -0.1000000000000000056, -2.750000000000000000 ) ) ;
#4743 = ORIENTED_EDGE ( 'NONE', *, *, #6536, .T. ) ;
#4744 = ORIENTED_EDGE ( 'NONE', *, *, #187, .T. ) ;
#4745 = AXIS2_PLACEMENT_3D ( 'NONE', #2954, #5759, #43 ) ;
#4746 = ORIENTED_EDGE ( 'NONE', *, *, #2347, .F. ) ;
#4747 = CARTESIAN_POINT ( 'NONE',  ( 3.225000000000001421, -0.1000000000000000056, 1.250000000000001110 ) ) ;
#4748 = ADVANCED_FACE ( 'NONE', ( #3795 ), #5398, .F. ) ;
#4749 = EDGE_LOOP ( 'NONE', ( #6780, #4093, #4339, #6450, #1552 ) ) ;
#4750 = LINE ( 'NONE', #6530, #2724 ) ;
#4751 = DIRECTION ( 'NONE',  ( 0.0000000000000000000, 0.0000000000000000000, 1.000000000000000000 ) ) ;
#4752 = EDGE_LOOP ( 'NONE', ( #2594, #519, #1931, #5553 ) ) ;
#4753 = PLANE ( 'NONE',  #2052 ) ;
#4754 = VERTEX_POINT ( 'NONE', #843 ) ;
#4755 = MECHANICAL_DESIGN_GEOMETRIC_PRESENTATION_REPRESENTATION (  '', ( #5714 ), #2694 ) ;
#4756 = DIRECTION ( 'NONE',  ( -1.000000000000000000, 0.0000000000000000000, -0.0000000000000000000 ) ) ;
#4757 = CYLINDRICAL_SURFACE ( 'NONE', #1646, 0.1250000000000001110 ) ;
#4758 = VECTOR ( 'NONE', #5478, 1000.000000000000000 ) ;
#4759 = EDGE_CURVE ( 'NONE', #6634, #6172, #1932, .T. ) ;
#4760 = ORIENTED_EDGE ( 'NONE', *, *, #1886, .F. ) ;
#4761 = CARTESIAN_POINT ( 'NONE',  ( 3.225000000000001421, 0.0000000000000000000, -1.249999999999998890 ) ) ;
#4762 = DIRECTION ( 'NONE',  ( -1.734723475976808080E-16, 0.0000000000000000000, 1.000000000000000000 ) ) ;
#4763 = PLANE ( 'NONE',  #1321 ) ;
#4764 = VECTOR ( 'NONE', #6291, 1000.000000000000000 ) ;
#4765 = CARTESIAN_POINT ( 'NONE',  ( -1.749999999999998002, 0.0000000000000000000, -3.099999999999996092 ) ) ;
#4766 = CARTESIAN_POINT ( 'NONE',  ( 0.0000000000000000000, 0.0000000000000000000, -3.499999999999999112 ) ) ;
#4767 = DIRECTION ( 'NONE',  ( 0.0000000000000000000, 1.000000000000000000, 0.0000000000000000000 ) ) ;
#4768 = EDGE_CURVE ( 'NONE', #2803, #2462, #2598, .T. ) ;
#4769 = ORIENTED_EDGE ( 'NONE', *, *, #7256, .F. ) ;
#4770 = DIRECTION ( 'NONE',  ( 0.0000000000000000000, 0.0000000000000000000, 1.000000000000000000 ) ) ;
#4771 = CARTESIAN_POINT ( 'NONE',  ( 0.0000000000000000000, -0.1000000000000000056, 1.374999999999998446 ) ) ;
#4772 = VECTOR ( 'NONE', #6793, 1000.000000000000000 ) ;
#4773 = EDGE_CURVE ( 'NONE', #3275, #1633, #7280, .T. ) ;
#4774 = CARTESIAN_POINT ( 'NONE',  ( 8.279362044434733164E-15, 0.0000000000000000000, -2.625000000000007994 ) ) ;
#4775 = PRESENTATION_STYLE_ASSIGNMENT (( #6519 ) ) ;
#4776 = DIRECTION ( 'NONE',  ( 1.000000000000000000, 0.0000000000000000000, -0.0000000000000000000 ) ) ;
#4777 = VERTEX_POINT ( 'NONE', #3237 ) ;
#4778 = VERTEX_POINT ( 'NONE', #6072 ) ;
#4779 = EDGE_CURVE ( 'NONE', #1583, #618, #6576, .T. ) ;
#4780 = EDGE_LOOP ( 'NONE', ( #4415, #3027, #2597, #3944 ) ) ;
#4781 = CARTESIAN_POINT ( 'NONE',  ( 0.0000000000000000000, 0.0000000000000000000, 2.125000000000002665 ) ) ;
#4782 = VERTEX_POINT ( 'NONE', #5543 ) ;
#4783 = ORIENTED_EDGE ( 'NONE', *, *, #7264, .F. ) ;
#4784 = DIRECTION ( 'NONE',  ( 0.0000000000000000000, 1.000000000000000000, -0.0000000000000000000 ) ) ;
#4785 = ORIENTED_EDGE ( 'NONE', *, *, #2400, .T. ) ;
#4786 = DIRECTION ( 'NONE',  ( 0.0000000000000000000, 0.0000000000000000000, 1.000000000000000000 ) ) ;
#4787 = ORIENTED_EDGE ( 'NONE', *, *, #7361, .T. ) ;
#4788 = LINE ( 'NONE', #4216, #7201 ) ;
#4789 = DIRECTION ( 'NONE',  ( -1.000000000000000000, -0.0000000000000000000, 0.0000000000000000000 ) ) ;
#4790 = VECTOR ( 'NONE', #7064, 1000.000000000000000 ) ;
#4791 = DIRECTION ( 'NONE',  ( 1.000000000000000000, -0.0000000000000000000, 0.0000000000000000000 ) ) ;
#4792 = CARTESIAN_POINT ( 'NONE',  ( 3.500000000000001776, -0.1000000000000000333, 2.125000000000001332 ) ) ;
#4793 = EDGE_CURVE ( 'NONE', #6104, #7303, #6683, .T. ) ;
#4794 = LINE ( 'NONE', #6957, #5580 ) ;
#4795 = AXIS2_PLACEMENT_3D ( 'NONE', #2310, #7491, #3488 ) ;
#4796 = EDGE_CURVE ( 'NONE', #3348, #4089, #4407, .T. ) ;
#4797 = EDGE_CURVE ( 'NONE', #5244, #7284, #4741, .T. ) ;
#4798 = FILL_AREA_STYLE_COLOUR ( '', #5036 ) ;
#4799 = DIRECTION ( 'NONE',  ( 0.0000000000000000000, 1.000000000000000000, 0.0000000000000000000 ) ) ;
#4800 = VERTEX_POINT ( 'NONE', #768 ) ;
#4801 = CIRCLE ( 'NONE', #1384, 0.1249999999999992506 ) ;
#4802 = DIRECTION ( 'NONE',  ( 0.0000000000000000000, 1.000000000000000000, 0.0000000000000000000 ) ) ;
#4803 = AXIS2_PLACEMENT_3D ( 'NONE', #6518, #6049, #2022 ) ;
#4804 = CARTESIAN_POINT ( 'NONE',  ( -2.374999999999997780, 1.000000000000000000, -3.499999999999999112 ) ) ;
#4805 = ORIENTED_EDGE ( 'NONE', *, *, #1242, .T. ) ;
#4806 = VERTEX_POINT ( 'NONE', #4333 ) ;
#4807 = EDGE_CURVE ( 'NONE', #7477, #2555, #4983, .T. ) ;
#4808 = AXIS2_PLACEMENT_3D ( 'NONE', #1104, #433, #4514 ) ;
#4809 = AXIS2_PLACEMENT_3D ( 'NONE', #2902, #1781, #4026 ) ;
#4810 = LINE ( 'NONE', #5414, #2122 ) ;
#4811 = DIRECTION ( 'NONE',  ( -1.000000000000000000, -0.0000000000000000000, 0.0000000000000000000 ) ) ;
#4812 = DIRECTION ( 'NONE',  ( -0.0000000000000000000, -1.000000000000000000, -0.0000000000000000000 ) ) ;
#4813 = EDGE_CURVE ( 'NONE', #1738, #3073, #5438, .T. ) ;
#4814 = CARTESIAN_POINT ( 'NONE',  ( 0.0000000000000000000, 0.0000000000000000000, 1.125000000000002665 ) ) ;
#4815 = VECTOR ( 'NONE', #1968, 1000.000000000000000 ) ;
#4816 = EDGE_CURVE ( 'NONE', #2920, #5255, #3163, .T. ) ;
#4817 = ORIENTED_EDGE ( 'NONE', *, *, #4455, .T. ) ;
#4818 = PRESENTATION_LAYER_ASSIGNMENT (  '', '', ( #6993 ) ) ;
#4819 = DIRECTION ( 'NONE',  ( 3.154042683594174709E-15, 0.0000000000000000000, -1.000000000000000000 ) ) ;
#4820 = ORIENTED_EDGE ( 'NONE', *, *, #1841, .F. ) ;
#4821 = VERTEX_POINT ( 'NONE', #3090 ) ;
#4822 = CYLINDRICAL_SURFACE ( 'NONE', #1141, 0.1249999999999992506 ) ;
#4823 = EDGE_CURVE ( 'NONE', #4128, #4439, #818, .T. ) ;
#4824 = ORIENTED_EDGE ( 'NONE', *, *, #1564, .T. ) ;
#4825 = CARTESIAN_POINT ( 'NONE',  ( 3.225000000000001421, 0.0000000000000000000, 1.375000000000001998 ) ) ;
#4826 = EDGE_LOOP ( 'NONE', ( #647, #2849, #5068, #2585 ) ) ;
#4827 = DIRECTION ( 'NONE',  ( 0.0000000000000000000, -0.0000000000000000000, -1.000000000000000000 ) ) ;
#4828 = VERTEX_POINT ( 'NONE', #4872 ) ;
#4829 = CARTESIAN_POINT ( 'NONE',  ( -3.224999999999998757, -0.1000000000000000056, 0.2499999999999982792 ) ) ;
#4830 = CARTESIAN_POINT ( 'NONE',  ( -3.224999999999998757, -0.1000000000000000056, 1.874999999999998446 ) ) ;
#4831 = EDGE_CURVE ( 'NONE', #3246, #5938, #7170, .T. ) ;
#4832 = ORIENTED_EDGE ( 'NONE', *, *, #1680, .F. ) ;
#4833 = AXIS2_PLACEMENT_3D ( 'NONE', #5690, #6865, #466 ) ;
#4834 = CARTESIAN_POINT ( 'NONE',  ( -1.374999999999997335, -0.1000000000000000056, -3.224999999999995204 ) ) ;
#4835 =( NAMED_UNIT ( * ) SI_UNIT ( $, .STERADIAN. ) SOLID_ANGLE_UNIT ( ) );
#4836 = AXIS2_PLACEMENT_3D ( 'NONE', #2897, #2720, #6948 ) ;
#4837 = CARTESIAN_POINT ( 'NONE',  ( 3.225000000000001421, 0.0000000000000000000, -0.6249999999999978906 ) ) ;
#4838 = SURFACE_STYLE_USAGE ( .BOTH. , #5888 ) ;
#4839 = ORIENTED_EDGE ( 'NONE', *, *, #294, .T. ) ;
#4840 = CARTESIAN_POINT ( 'NONE',  ( 0.0000000000000000000, -0.1000000000000000056, 1.625000000000002665 ) ) ;
#4841 = EDGE_CURVE ( 'NONE', #765, #1440, #805, .T. ) ;
#4842 = DIRECTION ( 'NONE',  ( -1.000000000000000000, 0.0000000000000000000, 0.0000000000000000000 ) ) ;
#4843 = ORIENTED_EDGE ( 'NONE', *, *, #222, .T. ) ;
#4844 = ORIENTED_EDGE ( 'NONE', *, *, #2915, .F. ) ;
#4845 = EDGE_CURVE ( 'NONE', #2034, #2383, #2009, .T. ) ;
#4846 = LINE ( 'NONE', #6011, #1504 ) ;
#4847 = PLANE ( 'NONE',  #5115 ) ;
#4848 = CARTESIAN_POINT ( 'NONE',  ( -3.499999999999998668, 0.0000000000000000000, -0.3750000000000017208 ) ) ;
#4849 = ADVANCED_FACE ( 'NONE', ( #1429 ), #3199, .T. ) ;
#4850 = ORIENTED_EDGE ( 'NONE', *, *, #1211, .F. ) ;
#4851 = DIRECTION ( 'NONE',  ( 0.0000000000000000000, 1.000000000000000000, 0.0000000000000000000 ) ) ;
#4852 = ORIENTED_EDGE ( 'NONE', *, *, #2347, .T. ) ;
#4853 = EDGE_CURVE ( 'NONE', #7107, #2708, #2709, .T. ) ;
#4854 = ORIENTED_EDGE ( 'NONE', *, *, #2899, .F. ) ;
#4855 = VECTOR ( 'NONE', #6694, 1000.000000000000000 ) ;
#4856 = CARTESIAN_POINT ( 'NONE',  ( 1.125000000000002665, -0.1000000000000000056, 0.0000000000000000000 ) ) ;
#4857 = CARTESIAN_POINT ( 'NONE',  ( -1.874999999999997335, 0.0000000000000000000, -3.499999999999999112 ) ) ;
#4858 = VERTEX_POINT ( 'NONE', #2249 ) ;
#4859 = VERTEX_POINT ( 'NONE', #2128 ) ;
#4860 = DIRECTION ( 'NONE',  ( 0.0000000000000000000, 0.0000000000000000000, 1.000000000000000000 ) ) ;
#4861 = ORIENTED_EDGE ( 'NONE', *, *, #3472, .T. ) ;
#4862 = CARTESIAN_POINT ( 'NONE',  ( 3.225000000000001421, -0.1000000000000000056, 0.8750000000000022204 ) ) ;
#4863 = ORIENTED_EDGE ( 'NONE', *, *, #5324, .F. ) ;
#4864 = AXIS2_PLACEMENT_3D ( 'NONE', #5507, #3648, #1466 ) ;
#4865 = EDGE_CURVE ( 'NONE', #7270, #4538, #5064, .T. ) ;
#4866 = DIRECTION ( 'NONE',  ( -0.0000000000000000000, -1.000000000000000000, -0.0000000000000000000 ) ) ;
#4867 = ORIENTED_EDGE ( 'NONE', *, *, #4620, .F. ) ;
#4868 = CARTESIAN_POINT ( 'NONE',  ( -1.625000000000000444, -0.1000000000000000056, 0.0000000000000000000 ) ) ;
#4869 = VECTOR ( 'NONE', #4811, 1000.000000000000000 ) ;
#4870 = CYLINDRICAL_SURFACE ( 'NONE', #4567, 0.1249999999999992506 ) ;
#4871 = VERTEX_POINT ( 'NONE', #4566 ) ;
#4872 = CARTESIAN_POINT ( 'NONE',  ( 3.500000000000001332, -0.1000000000000000333, 1.125000000000001776 ) ) ;
#4873 = CIRCLE ( 'NONE', #960, 0.1250000000000001110 ) ;
#4874 = LINE ( 'NONE', #7172, #176 ) ;
#4875 = ORIENTED_EDGE ( 'NONE', *, *, #146, .T. ) ;
#4876 = DIRECTION ( 'NONE',  ( -1.000000000000000000, -0.0000000000000000000, 0.0000000000000000000 ) ) ;
#4877 = DIRECTION ( 'NONE',  ( 1.239088197126291063E-16, 0.0000000000000000000, 1.000000000000000000 ) ) ;
#4878 = VECTOR ( 'NONE', #4812, 1000.000000000000000 ) ;
#4879 = CYLINDRICAL_SURFACE ( 'NONE', #86, 0.1249999999999992506 ) ;
#4880 = ORIENTED_EDGE ( 'NONE', *, *, #4779, .F. ) ;
#4881 = CARTESIAN_POINT ( 'NONE',  ( 3.225000000000001421, -0.1000000000000000056, -1.749999999999998890 ) ) ;
#4882 = ORIENTED_EDGE ( 'NONE', *, *, #2250, .F. ) ;
#4883 = CARTESIAN_POINT ( 'NONE',  ( 0.0000000000000000000, 0.0000000000000000000, -2.125000000000001776 ) ) ;
#4884 = AXIS2_PLACEMENT_3D ( 'NONE', #1206, #4696, #601 ) ;
#4885 = SURFACE_STYLE_FILL_AREA ( #5489 ) ;
#4886 = CARTESIAN_POINT ( 'NONE',  ( -2.374999999999997335, 0.0000000000000000000, -3.224999999999995204 ) ) ;
#4887 = DIRECTION ( 'NONE',  ( 0.0000000000000000000, -0.0000000000000000000, -1.000000000000000000 ) ) ;
#4888 = ORIENTED_EDGE ( 'NONE', *, *, #2910, .T. ) ;
#4889 = LINE ( 'NONE', #5043, #2315 ) ;
#4890 = CIRCLE ( 'NONE', #3913, 0.1249999999999992506 ) ;
#4891 = EDGE_CURVE ( 'NONE', #618, #7477, #2191, .T. ) ;
#4892 = ORIENTED_EDGE ( 'NONE', *, *, #4176, .T. ) ;
#4893 = COLOUR_RGB ( '',0.1019607843137254888, 0.1019607843137254888, 0.1019607843137254888 ) ;
#4894 = DIRECTION ( 'NONE',  ( -0.0000000000000000000, -1.000000000000000000, -0.0000000000000000000 ) ) ;
#4895 = PLANE ( 'NONE',  #474 ) ;
#4896 = DIRECTION ( 'NONE',  ( -1.000000000000000000, 0.0000000000000000000, -3.154042683594174709E-15 ) ) ;
#4897 = ORIENTED_EDGE ( 'NONE', *, *, #2450, .T. ) ;
#4898 = CARTESIAN_POINT ( 'NONE',  ( 2.375000000000001332, -0.1000000000000000056, -3.224999999999995204 ) ) ;
#4899 = ORIENTED_EDGE ( 'NONE', *, *, #3447, .T. ) ;
#4900 = CARTESIAN_POINT ( 'NONE',  ( -3.499999999999998224, 0.0000000000000000000, 2.624999999999998668 ) ) ;
#4901 = EDGE_LOOP ( 'NONE', ( #49, #1669, #7003, #2743 ) ) ;
#4902 = EDGE_CURVE ( 'NONE', #4600, #2019, #6877, .T. ) ;
#4903 = DIRECTION ( 'NONE',  ( 1.000000000000000000, 0.0000000000000000000, -0.0000000000000000000 ) ) ;
#4904 = ORIENTED_EDGE ( 'NONE', *, *, #3457, .F. ) ;
#4905 = FACE_OUTER_BOUND ( 'NONE', #589, .T. ) ;
#4906 = LINE ( 'NONE', #4482, #888 ) ;
#4907 = VECTOR ( 'NONE', #6244, 1000.000000000000000 ) ;
#4908 = EDGE_LOOP ( 'NONE', ( #388, #5706, #3143, #1411 ) ) ;
#4909 = EDGE_CURVE ( 'NONE', #2462, #7386, #7396, .T. ) ;
#4910 = CARTESIAN_POINT ( 'NONE',  ( 1.124999999999999778, -0.1000000000000000056, 0.0000000000000000000 ) ) ;
#4911 = LINE ( 'NONE', #922, #4419 ) ;
#4912 = ORIENTED_EDGE ( 'NONE', *, *, #5370, .F. ) ;
#4913 = DIRECTION ( 'NONE',  ( -0.0000000000000000000, -1.000000000000000000, 0.0000000000000000000 ) ) ;
#4914 = FACE_OUTER_BOUND ( 'NONE', #2566, .T. ) ;
#4915 = CARTESIAN_POINT ( 'NONE',  ( -1.375000000000000666, -0.1000000000000000056, 3.225000000000000533 ) ) ;
#4916 = EDGE_CURVE ( 'NONE', #6806, #7498, #2786, .T. ) ;
#4917 = EDGE_LOOP ( 'NONE', ( #2797, #5734, #5223, #359 ) ) ;
#4918 = FACE_OUTER_BOUND ( 'NONE', #4752, .T. ) ;
#4919 = ORIENTED_EDGE ( 'NONE', *, *, #5193, .F. ) ;
#4920 = CARTESIAN_POINT ( 'NONE',  ( 1.750000000000001998, -0.1000000000000000056, -3.099999999999996092 ) ) ;
#4921 = CARTESIAN_POINT ( 'NONE',  ( 3.500000000000001332, 0.0000000000000000000, 0.8750000000000021094 ) ) ;
#4922 = AXIS2_PLACEMENT_3D ( 'NONE', #3629, #1870, #4268 ) ;
#4923 = DIRECTION ( 'NONE',  ( 0.0000000000000000000, 0.0000000000000000000, -1.000000000000000000 ) ) ;
#4924 = DIRECTION ( 'NONE',  ( 0.0000000000000000000, 0.0000000000000000000, 1.000000000000000000 ) ) ;
#4925 = CARTESIAN_POINT ( 'NONE',  ( 3.225000000000001421, 0.0000000000000000000, 2.750000000000001776 ) ) ;
#4926 = ORIENTED_EDGE ( 'NONE', *, *, #981, .F. ) ;
#4927 = CARTESIAN_POINT ( 'NONE',  ( -2.125000000000000000, 0.0000000000000000000, 3.500000000000000888 ) ) ;
#4928 = VECTOR ( 'NONE', #6301, 1000.000000000000000 ) ;
#4929 = CARTESIAN_POINT ( 'NONE',  ( 0.0000000000000000000, -0.1000000000000000056, -1.125000000000001554 ) ) ;
#4930 = AXIS2_PLACEMENT_3D ( 'NONE', #6564, #1847, #4172 ) ;
#4931 = ORIENTED_EDGE ( 'NONE', *, *, #6232, .T. ) ;
#4932 = DIRECTION ( 'NONE',  ( 0.0000000000000000000, -0.0000000000000000000, -1.000000000000000000 ) ) ;
#4933 = VECTOR ( 'NONE', #6109, 1000.000000000000000 ) ;
#4934 = PLANE ( 'NONE',  #6066 ) ;
#4935 = DIRECTION ( 'NONE',  ( 1.000000000000000000, 0.0000000000000000000, -0.0000000000000000000 ) ) ;
#4936 = ORIENTED_EDGE ( 'NONE', *, *, #2013, .T. ) ;
#4937 = CARTESIAN_POINT ( 'NONE',  ( -0.7499999999999982236, -0.1000000000000000056, -3.224999999999995204 ) ) ;
#4938 = EDGE_CURVE ( 'NONE', #1513, #6546, #7430, .T. ) ;
#4939 = ORIENTED_EDGE ( 'NONE', *, *, #1497, .T. ) ;
#4940 = CARTESIAN_POINT ( 'NONE',  ( 0.0000000000000000000, 0.0000000000000000000, 3.500000000000000888 ) ) ;
#4941 = ORIENTED_EDGE ( 'NONE', *, *, #6789, .F. ) ;
#4942 = VECTOR ( 'NONE', #1473, 1000.000000000000000 ) ;
#4943 = EDGE_CURVE ( 'NONE', #5160, #2259, #3411, .T. ) ;
#4944 = LINE ( 'NONE', #2704, #3958 ) ;
#4945 = DIRECTION ( 'NONE',  ( 0.0000000000000000000, -0.0000000000000000000, 1.000000000000000000 ) ) ;
#4946 = DIRECTION ( 'NONE',  ( 0.0000000000000000000, 1.000000000000000000, 0.0000000000000000000 ) ) ;
#4947 = ORIENTED_EDGE ( 'NONE', *, *, #1816, .F. ) ;
#4948 = EDGE_CURVE ( 'NONE', #163, #5982, #3989, .T. ) ;
#4949 = PLANE ( 'NONE',  #1866 ) ;
#4950 = CARTESIAN_POINT ( 'NONE',  ( 0.0000000000000000000, 0.0000000000000000000, 2.875000000000002220 ) ) ;
#4951 = CARTESIAN_POINT ( 'NONE',  ( 3.225000000000001421, -0.1000000000000000056, 1.625000000000002665 ) ) ;
#4952 = CIRCLE ( 'NONE', #788, 0.1250000000000001110 ) ;
#4953 = ORIENTED_EDGE ( 'NONE', *, *, #5954, .F. ) ;
#4954 = CARTESIAN_POINT ( 'NONE',  ( 3.548298019043471889E-15, -0.1000000000000000056, -1.125000000000008216 ) ) ;
#4955 = LINE ( 'NONE', #966, #7224 ) ;
#4956 = DIRECTION ( 'NONE',  ( 0.0000000000000000000, 1.000000000000000000, 0.0000000000000000000 ) ) ;
#4957 = ORIENTED_EDGE ( 'NONE', *, *, #1732, .T. ) ;
#4958 = EDGE_LOOP ( 'NONE', ( #3690, #6906, #1926, #5359 ) ) ;
#4959 = VECTOR ( 'NONE', #5672, 1000.000000000000000 ) ;
#4960 = LINE ( 'NONE', #1598, #3450 ) ;
#4961 = SURFACE_SIDE_STYLE ('',( #2766 ) ) ;
#4962 = EDGE_CURVE ( 'NONE', #5035, #400, #5466, .T. ) ;
#4963 = CARTESIAN_POINT ( 'NONE',  ( 0.0000000000000000000, 0.0000000000000000000, 2.874999999999998224 ) ) ;
#4964 = CARTESIAN_POINT ( 'NONE',  ( -2.500000000000000444, -0.1000000000000000056, 2.500000000000000444 ) ) ;
#4965 = CYLINDRICAL_SURFACE ( 'NONE', #2162, 0.1250000000000001110 ) ;
#4966 = ORIENTED_EDGE ( 'NONE', *, *, #193, .T. ) ;
#4967 = CARTESIAN_POINT ( 'NONE',  ( 2.750000000000000000, 0.0000000000000000000, 2.500000000000000444 ) ) ;
#4968 = EDGE_CURVE ( 'NONE', #2027, #3955, #6797, .T. ) ;
#4969 = ORIENTED_EDGE ( 'NONE', *, *, #875, .T. ) ;
#4970 = CARTESIAN_POINT ( 'NONE',  ( -3.499999999999998668, 0.0000000000000000000, 0.0000000000000000000 ) ) ;
#4971 = DIRECTION ( 'NONE',  ( 0.0000000000000000000, -0.0000000000000000000, -1.000000000000000000 ) ) ;
#4972 = VERTEX_POINT ( 'NONE', #5099 ) ;
#4973 = ORIENTED_EDGE ( 'NONE', *, *, #606, .T. ) ;
#4974 = FACE_OUTER_BOUND ( 'NONE', #3106, .T. ) ;
#4975 = CARTESIAN_POINT ( 'NONE',  ( -3.224999999999998757, 0.0000000000000000000, -2.375000000000002220 ) ) ;
#4976 = ORIENTED_EDGE ( 'NONE', *, *, #6048, .F. ) ;
#4977 = VECTOR ( 'NONE', #3903, 1000.000000000000000 ) ;
#4978 = EDGE_CURVE ( 'NONE', #1144, #4255, #999, .T. ) ;
#4979 = CARTESIAN_POINT ( 'NONE',  ( -3.499999999999998668, 0.0000000000000000000, -1.375000000000001554 ) ) ;
#4980 = DIRECTION ( 'NONE',  ( 0.0000000000000000000, 1.000000000000000000, 0.0000000000000000000 ) ) ;
#4981 = PLANE ( 'NONE',  #6126 ) ;
#4982 = AXIS2_PLACEMENT_3D ( 'NONE', #3994, #6313, #523 ) ;
#4983 = LINE ( 'NONE', #1973, #4248 ) ;
#4984 = EDGE_CURVE ( 'NONE', #3496, #1225, #2210, .T. ) ;
#4985 = CARTESIAN_POINT ( 'NONE',  ( 0.0000000000000000000, -0.1000000000000000056, -0.3750000000000018319 ) ) ;
#4986 = ADVANCED_FACE ( 'NONE', ( #6839 ), #6153, .T. ) ;
#4987 = DIRECTION ( 'NONE',  ( 0.0000000000000000000, -0.0000000000000000000, 1.000000000000000000 ) ) ;
#4988 = EDGE_LOOP ( 'NONE', ( #3803, #7254, #4966, #5535 ) ) ;
#4989 = LINE ( 'NONE', #5028, #7295 ) ;
#4990 = DIRECTION ( 'NONE',  ( 1.000000000000000000, 0.0000000000000000000, -0.0000000000000000000 ) ) ;
#4991 = ORIENTED_EDGE ( 'NONE', *, *, #6903, .F. ) ;
#4992 = LINE ( 'NONE', #7290, #1173 ) ;
#4993 = ORIENTED_EDGE ( 'NONE', *, *, #6778, .F. ) ;
#4994 = EDGE_LOOP ( 'NONE', ( #1881, #7013, #1748, #4462 ) ) ;
#4995 = VECTOR ( 'NONE', #1760, 1000.000000000000000 ) ;
#4996 = EDGE_CURVE ( 'NONE', #2203, #5088, #6315, .T. ) ;
#4997 = AXIS2_PLACEMENT_3D ( 'NONE', #3012, #1925, #5983 ) ;
#4998 = CARTESIAN_POINT ( 'NONE',  ( 2.625000000000000000, 1.000000000000000000, 3.500000000000000888 ) ) ;
#4999 = EDGE_CURVE ( 'NONE', #95, #5335, #5581, .T. ) ;
#5000 = CARTESIAN_POINT ( 'NONE',  ( -3.224999999999998757, -0.1000000000000000056, -1.750000000000001776 ) ) ;
#5001 = FACE_OUTER_BOUND ( 'NONE', #2999, .T. ) ;
#5002 = DIRECTION ( 'NONE',  ( 1.000000000000000000, -0.0000000000000000000, 0.0000000000000000000 ) ) ;
#5003 = LINE ( 'NONE', #6171, #1661 ) ;
#5004 = EDGE_CURVE ( 'NONE', #4439, #4725, #7517, .T. ) ;
#5005 = AXIS2_PLACEMENT_3D ( 'NONE', #5831, #7007, #6520 ) ;
#5006 = DIRECTION ( 'NONE',  ( 0.0000000000000000000, 0.0000000000000000000, 1.000000000000000000 ) ) ;
#5007 = ORIENTED_EDGE ( 'NONE', *, *, #515, .F. ) ;
#5008 = CARTESIAN_POINT ( 'NONE',  ( 3.225000000000001421, -0.1000000000000000056, 2.375000000000002220 ) ) ;
#5009 = CARTESIAN_POINT ( 'NONE',  ( 1.624999999999999556, -0.1000000000000000333, 3.500000000000000888 ) ) ;
#5010 = CARTESIAN_POINT ( 'NONE',  ( 3.225000000000001421, -0.1000000000000000056, 0.2500000000000009992 ) ) ;
#5011 = VECTOR ( 'NONE', #1550, 1000.000000000000000 ) ;
#5012 = LINE ( 'NONE', #3709, #895 ) ;
#5013 = ORIENTED_EDGE ( 'NONE', *, *, #3041, .T. ) ;
#5014 = DIRECTION ( 'NONE',  ( -0.0000000000000000000, 1.000000000000000000, 0.0000000000000000000 ) ) ;
#5015 = ORIENTED_EDGE ( 'NONE', *, *, #4476, .F. ) ;
#5016 = AXIS2_PLACEMENT_3D ( 'NONE', #5217, #3578, #7511 ) ;
#5017 = DIRECTION ( 'NONE',  ( 0.0000000000000000000, 1.000000000000000000, 0.0000000000000000000 ) ) ;
#5018 = FILL_AREA_STYLE_COLOUR ( '', #4893 ) ;
#5019 = LINE ( 'NONE', #1541, #4928 ) ;
#5020 = ORIENTED_EDGE ( 'NONE', *, *, #1792, .T. ) ;
#5021 = VECTOR ( 'NONE', #5562, 1000.000000000000000 ) ;
#5022 = ADVANCED_FACE ( 'NONE', ( #3113 ), #4895, .T. ) ;
#5023 = DIRECTION ( 'NONE',  ( 0.0000000000000000000, -0.0000000000000000000, 1.000000000000000000 ) ) ;
#5024 = FACE_OUTER_BOUND ( 'NONE', #2964, .T. ) ;
#5025 = VECTOR ( 'NONE', #3477, 1000.000000000000000 ) ;
#5026 = DIRECTION ( 'NONE',  ( -0.0000000000000000000, -1.000000000000000000, -0.0000000000000000000 ) ) ;
#5027 = VERTEX_POINT ( 'NONE', #4857 ) ;
#5028 = CARTESIAN_POINT ( 'NONE',  ( -3.499999999999999112, -0.1000000000000000472, -3.499999999999999112 ) ) ;
#5029 = LINE ( 'NONE', #7324, #5185 ) ;
#5030 = ORIENTED_EDGE ( 'NONE', *, *, #6477, .F. ) ;
#5031 = CARTESIAN_POINT ( 'NONE',  ( 0.0000000000000000000, -0.1000000000000000056, 1.125000000000002665 ) ) ;
#5032 = ORIENTED_EDGE ( 'NONE', *, *, #2773, .T. ) ;
#5033 = EDGE_CURVE ( 'NONE', #2516, #2443, #1376, .T. ) ;
#5034 = LINE ( 'NONE', #1556, #1442 ) ;
#5035 = VERTEX_POINT ( 'NONE', #3258 ) ;
#5036 = COLOUR_RGB ( '',0.1019607843137254888, 0.1019607843137254888, 0.1019607843137254888 ) ;
#5037 = CARTESIAN_POINT ( 'NONE',  ( 0.0000000000000000000, 0.0000000000000000000, -1.625000000000001554 ) ) ;
#5038 = CARTESIAN_POINT ( 'NONE',  ( 3.500000000000000888, 1.000000000000000000, -3.499999999999999112 ) ) ;
#5039 = DIRECTION ( 'NONE',  ( 0.0000000000000000000, 0.0000000000000000000, -1.000000000000000000 ) ) ;
#5040 = VECTOR ( 'NONE', #823, 1000.000000000000000 ) ;
#5041 = PLANE ( 'NONE',  #6157 ) ;
#5042 = VERTEX_POINT ( 'NONE', #6099 ) ;
#5043 = CARTESIAN_POINT ( 'NONE',  ( -0.8749999999999973355, -0.1000000000000000056, -3.224999999999995204 ) ) ;
#5044 = LINE ( 'NONE', #6250, #2616 ) ;
#5045 = ORIENTED_EDGE ( 'NONE', *, *, #4909, .T. ) ;
#5046 = EDGE_CURVE ( 'NONE', #1418, #3551, #5460, .T. ) ;
#5047 = PLANE ( 'NONE',  #3964 ) ;
#5048 = CARTESIAN_POINT ( 'NONE',  ( -0.6249999999999987788, -0.1000000000000000056, 0.0000000000000000000 ) ) ;
#5049 = AXIS2_PLACEMENT_3D ( 'NONE', #6955, #7402, #5816 ) ;
#5050 = DIRECTION ( 'NONE',  ( -1.000000000000000000, 0.0000000000000000000, 0.0000000000000000000 ) ) ;
#5051 = VECTOR ( 'NONE', #1937, 1000.000000000000000 ) ;
#5052 = VERTEX_POINT ( 'NONE', #234 ) ;
#5053 = LINE ( 'NONE', #4940, #5717 ) ;
#5054 = ORIENTED_EDGE ( 'NONE', *, *, #4533, .F. ) ;
#5055 = VECTOR ( 'NONE', #3784, 1000.000000000000000 ) ;
#5056 = CIRCLE ( 'NONE', #64, 0.2500000000000002220 ) ;
#5057 = LINE ( 'NONE', #2002, #1270 ) ;
#5058 = VERTEX_POINT ( 'NONE', #2583 ) ;
#5059 =( NAMED_UNIT ( * ) PLANE_ANGLE_UNIT ( ) SI_UNIT ( $, .RADIAN. ) );
#5060 = DIRECTION ( 'NONE',  ( 0.0000000000000000000, 0.0000000000000000000, 1.000000000000000000 ) ) ;
#5061 = ORIENTED_EDGE ( 'NONE', *, *, #7506, .T. ) ;
#5062 = VECTOR ( 'NONE', #6934, 1000.000000000000000 ) ;
#5063 = UNCERTAINTY_MEASURE_WITH_UNIT (LENGTH_MEASURE( 1.000000000000000082E-05 ), #1177, 'distance_accuracy_value', 'NONE');
#5064 = LINE ( 'NONE', #2169, #227 ) ;
#5065 = CARTESIAN_POINT ( 'NONE',  ( -1.124999999999998890, -0.1000000000000000056, 0.0000000000000000000 ) ) ;
#5066 = EDGE_CURVE ( 'NONE', #4166, #5027, #7191, .T. ) ;
#5067 = LINE ( 'NONE', #1470, #2820 ) ;
#5068 = ORIENTED_EDGE ( 'NONE', *, *, #231, .T. ) ;
#5069 = PLANE ( 'NONE',  #5853 ) ;
#5070 = FACE_OUTER_BOUND ( 'NONE', #4908, .T. ) ;
#5071 = ORIENTED_EDGE ( 'NONE', *, *, #1987, .F. ) ;
#5072 = DIRECTION ( 'NONE',  ( -1.000000000000000000, 0.0000000000000000000, -0.0000000000000000000 ) ) ;
#5073 = ORIENTED_EDGE ( 'NONE', *, *, #4674, .T. ) ;
#5074 = CARTESIAN_POINT ( 'NONE',  ( 3.500000000000000888, -0.1000000000000000333, -1.874999999999998224 ) ) ;
#5075 = VECTOR ( 'NONE', #577, 1000.000000000000000 ) ;
#5076 = ADVANCED_FACE ( 'NONE', ( #3740 ), #198, .T. ) ;
#5077 = ADVANCED_FACE ( 'NONE', ( #5566 ), #4934, .T. ) ;
#5078 = PLANE ( 'NONE',  #5547 ) ;
#5079 = ORIENTED_EDGE ( 'NONE', *, *, #5812, .T. ) ;
#5080 = VECTOR ( 'NONE', #3215, 1000.000000000000000 ) ;
#5081 = DIRECTION ( 'NONE',  ( 0.0000000000000000000, -1.000000000000000000, 0.0000000000000000000 ) ) ;
#5082 = EDGE_CURVE ( 'NONE', #6381, #4238, #6139, .T. ) ;
#5083 = DIRECTION ( 'NONE',  ( 0.0000000000000000000, 0.0000000000000000000, 1.000000000000000000 ) ) ;
#5084 = VECTOR ( 'NONE', #3501, 1000.000000000000000 ) ;
#5085 = ORIENTED_EDGE ( 'NONE', *, *, #7255, .F. ) ;
#5086 = CARTESIAN_POINT ( 'NONE',  ( -0.3749999999999972800, -0.1000000000000000056, -3.224999999999995204 ) ) ;
#5087 = LINE ( 'NONE', #6292, #1148 ) ;
#5088 = VERTEX_POINT ( 'NONE', #867 ) ;
#5089 = CARTESIAN_POINT ( 'NONE',  ( -0.7499999999999982236, -0.1000000000000000056, -3.099999999999996092 ) ) ;
#5090 = EDGE_LOOP ( 'NONE', ( #2757, #671, #236, #6447 ) ) ;
#5091 = VERTEX_POINT ( 'NONE', #346 ) ;
#5092 = EDGE_CURVE ( 'NONE', #1452, #3385, #3221, .T. ) ;
#5093 = ORIENTED_EDGE ( 'NONE', *, *, #6569, .T. ) ;
#5094 = ORIENTED_EDGE ( 'NONE', *, *, #5149, .F. ) ;
#5095 = VERTEX_POINT ( 'NONE', #6709 ) ;
#5096 = DIRECTION ( 'NONE',  ( 0.0000000000000000000, 0.0000000000000000000, -1.000000000000000000 ) ) ;
#5097 = FACE_OUTER_BOUND ( 'NONE', #3664, .T. ) ;
#5098 = ORIENTED_EDGE ( 'NONE', *, *, #3076, .T. ) ;
#5099 = CARTESIAN_POINT ( 'NONE',  ( 3.225000000000001421, -0.1000000000000000056, 1.125000000000002665 ) ) ;
#5100 = CARTESIAN_POINT ( 'NONE',  ( 0.0000000000000000000, 0.0000000000000000000, 2.124999999999998224 ) ) ;
#5101 = LINE ( 'NONE', #517, #3118 ) ;
#5102 = LINE ( 'NONE', #5512, #6073 ) ;
#5103 = CARTESIAN_POINT ( 'NONE',  ( 3.500000000000001332, -0.1000000000000000333, 1.375000000000001776 ) ) ;
#5104 = AXIS2_PLACEMENT_3D ( 'NONE', #3619, #5222, #5473 ) ;
#5105 = CARTESIAN_POINT ( 'NONE',  ( 3.225000000000001421, 0.0000000000000000000, 2.875000000000002220 ) ) ;
#5106 = ORIENTED_EDGE ( 'NONE', *, *, #2723, .F. ) ;
#5107 = ORIENTED_EDGE ( 'NONE', *, *, #3997, .T. ) ;
#5108 = CARTESIAN_POINT ( 'NONE',  ( 2.124999999999999556, 0.0000000000000000000, 3.225000000000000533 ) ) ;
#5109 = ORIENTED_EDGE ( 'NONE', *, *, #3347, .F. ) ;
#5110 = VECTOR ( 'NONE', #6757, 1000.000000000000000 ) ;
#5111 = DIRECTION ( 'NONE',  ( -1.000000000000000000, 0.0000000000000000000, -0.0000000000000000000 ) ) ;
#5112 = DIRECTION ( 'NONE',  ( 0.0000000000000000000, 0.0000000000000000000, 1.000000000000000000 ) ) ;
#5113 = CYLINDRICAL_SURFACE ( 'NONE', #2457, 0.1249999999999992506 ) ;
#5114 = DIRECTION ( 'NONE',  ( 0.0000000000000000000, -0.0000000000000000000, 1.000000000000000000 ) ) ;
#5115 = AXIS2_PLACEMENT_3D ( 'NONE', #154, #5415, #2542 ) ;
#5116 = CARTESIAN_POINT ( 'NONE',  ( 2.250000000000001776, 0.0000000000000000000, -3.099999999999996092 ) ) ;
#5117 = ORIENTED_EDGE ( 'NONE', *, *, #1719, .T. ) ;
#5118 = VECTOR ( 'NONE', #2075, 1000.000000000000000 ) ;
#5119 = DIRECTION ( 'NONE',  ( 1.239088197126291063E-16, 0.0000000000000000000, 1.000000000000000000 ) ) ;
#5120 = ORIENTED_EDGE ( 'NONE', *, *, #4558, .F. ) ;
#5121 = CARTESIAN_POINT ( 'NONE',  ( -2.124999999999998668, -0.1000000000000000056, 0.0000000000000000000 ) ) ;
#5122 = ORIENTED_EDGE ( 'NONE', *, *, #2581, .T. ) ;
#5123 = DIRECTION ( 'NONE',  ( 0.0000000000000000000, 0.0000000000000000000, 1.000000000000000000 ) ) ;
#5124 = VERTEX_POINT ( 'NONE', #5009 ) ;
#5125 = CARTESIAN_POINT ( 'NONE',  ( 1.624999999999999778, -0.1000000000000000056, 0.0000000000000000000 ) ) ;
#5126 = AXIS2_PLACEMENT_3D ( 'NONE', #817, #2611, #4924 ) ;
#5127 = EDGE_CURVE ( 'NONE', #5130, #5410, #2696, .T. ) ;
#5128 = ORIENTED_EDGE ( 'NONE', *, *, #3178, .F. ) ;
#5129 = AXIS2_PLACEMENT_3D ( 'NONE', #2103, #2767, #419 ) ;
#5130 = VERTEX_POINT ( 'NONE', #3858 ) ;
#5131 = DIRECTION ( 'NONE',  ( 0.0000000000000000000, 1.000000000000000000, 0.0000000000000000000 ) ) ;
#5132 = DIRECTION ( 'NONE',  ( -1.000000000000000000, -0.0000000000000000000, 0.0000000000000000000 ) ) ;
#5133 = ORIENTED_EDGE ( 'NONE', *, *, #3764, .F. ) ;
#5134 = DIRECTION ( 'NONE',  ( -0.0000000000000000000, -1.000000000000000000, -0.0000000000000000000 ) ) ;
#5135 = CIRCLE ( 'NONE', #6094, 0.1250000000000001110 ) ;
#5136 = LINE ( 'NONE', #3915, #3938 ) ;
#5137 = ORIENTED_EDGE ( 'NONE', *, *, #6230, .F. ) ;
#5138 = AXIS2_PLACEMENT_3D ( 'NONE', #2481, #7085, #6563 ) ;
#5139 = PLANE ( 'NONE',  #5377 ) ;
#5140 = CARTESIAN_POINT ( 'NONE',  ( 0.6250000000000001110, 1.000000000000000000, 3.500000000000000888 ) ) ;
#5141 = EDGE_CURVE ( 'NONE', #3311, #5255, #752, .T. ) ;
#5142 = VERTEX_POINT ( 'NONE', #5195 ) ;
#5143 = ORIENTED_EDGE ( 'NONE', *, *, #6584, .F. ) ;
#5144 = ORIENTED_EDGE ( 'NONE', *, *, #3865, .F. ) ;
#5145 = CARTESIAN_POINT ( 'NONE',  ( 0.0000000000000000000, -0.1000000000000000056, 0.8750000000000022204 ) ) ;
#5146 = FACE_OUTER_BOUND ( 'NONE', #6341, .T. ) ;
#5147 = CARTESIAN_POINT ( 'NONE',  ( 1.750000000000001998, -0.1000000000000000056, -3.224999999999995204 ) ) ;
#5148 = CARTESIAN_POINT ( 'NONE',  ( 3.225000000000001421, -0.1000000000000000056, 0.7500000000000009992 ) ) ;
#5149 = EDGE_CURVE ( 'NONE', #6344, #5633, #537, .T. ) ;
#5150 = PLANE ( 'NONE',  #7371 ) ;
#5151 = VECTOR ( 'NONE', #5157, 1000.000000000000000 ) ;
#5152 = ORIENTED_EDGE ( 'NONE', *, *, #649, .F. ) ;
#5153 = CARTESIAN_POINT ( 'NONE',  ( 2.750000000000000444, -0.1000000000000000056, 2.500000000000000444 ) ) ;
#5154 = FACE_OUTER_BOUND ( 'NONE', #7376, .T. ) ;
#5155 = VECTOR ( 'NONE', #3162, 1000.000000000000000 ) ;
#5156 = LINE ( 'NONE', #7454, #780 ) ;
#5157 = DIRECTION ( 'NONE',  ( -1.000000000000000000, -0.0000000000000000000, 0.0000000000000000000 ) ) ;
#5158 = ORIENTED_EDGE ( 'NONE', *, *, #6986, .T. ) ;
#5159 = DIRECTION ( 'NONE',  ( 0.0000000000000000000, 1.000000000000000000, -0.0000000000000000000 ) ) ;
#5160 = VERTEX_POINT ( 'NONE', #3595 ) ;
#5161 = ORIENTED_EDGE ( 'NONE', *, *, #2389, .T. ) ;
#5162 = CIRCLE ( 'NONE', #2274, 0.1249999999999992506 ) ;
#5163 = ORIENTED_EDGE ( 'NONE', *, *, #4902, .T. ) ;
#5164 = AXIS2_PLACEMENT_3D ( 'NONE', #4197, #5930, #1291 ) ;
#5165 = EDGE_CURVE ( 'NONE', #1440, #3729, #117, .T. ) ;
#5166 = ORIENTED_EDGE ( 'NONE', *, *, #323, .T. ) ;
#5167 = ORIENTED_EDGE ( 'NONE', *, *, #5845, .F. ) ;
#5168 = CARTESIAN_POINT ( 'NONE',  ( -3.224999999999999201, -0.1000000000000000056, -0.6250000000000016653 ) ) ;
#5169 = DIRECTION ( 'NONE',  ( 0.0000000000000000000, -0.0000000000000000000, 1.000000000000000000 ) ) ;
#5170 = ORIENTED_EDGE ( 'NONE', *, *, #3655, .T. ) ;
#5171 = VECTOR ( 'NONE', #2630, 1000.000000000000000 ) ;
#5172 = VECTOR ( 'NONE', #807, 1000.000000000000000 ) ;
#5173 = EDGE_CURVE ( 'NONE', #2803, #7287, #3032, .T. ) ;
#5174 = DIRECTION ( 'NONE',  ( 0.0000000000000000000, -1.000000000000000000, -0.0000000000000000000 ) ) ;
#5175 = LINE ( 'NONE', #7398, #2522 ) ;
#5176 = AXIS2_PLACEMENT_3D ( 'NONE', #4360, #5050, #7350 ) ;
#5177 = CARTESIAN_POINT ( 'NONE',  ( -3.224999999999998757, -0.1000000000000000056, 0.2499999999999982792 ) ) ;
#5178 = CARTESIAN_POINT ( 'NONE',  ( -3.224999999999998757, 0.0000000000000000000, 1.874999999999998446 ) ) ;
#5179 = VECTOR ( 'NONE', #837, 1000.000000000000000 ) ;
#5180 = ORIENTED_EDGE ( 'NONE', *, *, #3847, .T. ) ;
#5181 = ORIENTED_EDGE ( 'NONE', *, *, #2078, .F. ) ;
#5182 = CARTESIAN_POINT ( 'NONE',  ( -1.375000000000000666, -0.1000000000000000333, 3.500000000000000888 ) ) ;
#5183 = ORIENTED_EDGE ( 'NONE', *, *, #2773, .F. ) ;
#5184 = EDGE_CURVE ( 'NONE', #5142, #4698, #3885, .T. ) ;
#5185 = VECTOR ( 'NONE', #6764, 1000.000000000000000 ) ;
#5186 = ADVANCED_FACE ( 'NONE', ( #7006 ), #1250, .T. ) ;
#5187 = CARTESIAN_POINT ( 'NONE',  ( -3.499999999999998224, 0.0000000000000000000, 2.874999999999998224 ) ) ;
#5188 = CARTESIAN_POINT ( 'NONE',  ( -2.750000000000001332, -0.1000000000000000056, 2.499999999999998224 ) ) ;
#5189 = DIRECTION ( 'NONE',  ( 0.0000000000000000000, 0.0000000000000000000, -1.000000000000000000 ) ) ;
#5190 = CARTESIAN_POINT ( 'NONE',  ( 1.125000000000002442, 0.0000000000000000000, -3.499999999999999112 ) ) ;
#5191 = LINE ( 'NONE', #6929, #5677 ) ;
#5192 = ORIENTED_EDGE ( 'NONE', *, *, #5411, .F. ) ;
#5193 = EDGE_CURVE ( 'NONE', #1025, #3900, #6899, .T. ) ;
#5194 = LINE ( 'NONE', #4121, #5517 ) ;
#5195 = CARTESIAN_POINT ( 'NONE',  ( -1.375000000000000666, 0.0000000000000000000, 3.225000000000000533 ) ) ;
#5196 = DIRECTION ( 'NONE',  ( 0.0000000000000000000, 0.0000000000000000000, 1.000000000000000000 ) ) ;
#5197 = LINE ( 'NONE', #6782, #3712 ) ;
#5198 = CIRCLE ( 'NONE', #1907, 0.1249999999999996808 ) ;
#5199 = ORIENTED_EDGE ( 'NONE', *, *, #5785, .F. ) ;
#5200 = CARTESIAN_POINT ( 'NONE',  ( -0.1249999999999988065, 1.000000000000000000, -3.499999999999999112 ) ) ;
#5201 = ORIENTED_EDGE ( 'NONE', *, *, #3083, .T. ) ;
#5202 = ORIENTED_EDGE ( 'NONE', *, *, #4738, .T. ) ;
#5203 = EDGE_CURVE ( 'NONE', #683, #5537, #7274, .T. ) ;
#5204 = VECTOR ( 'NONE', #1755, 1000.000000000000000 ) ;
#5205 = ORIENTED_EDGE ( 'NONE', *, *, #6977, .T. ) ;
#5206 = VERTEX_POINT ( 'NONE', #1722 ) ;
#5207 = ORIENTED_EDGE ( 'NONE', *, *, #3447, .F. ) ;
#5208 = DIRECTION ( 'NONE',  ( -0.0000000000000000000, -1.000000000000000000, -0.0000000000000000000 ) ) ;
#5209 = FILL_AREA_STYLE ('',( #1112 ) ) ;
#5210 = ORIENTED_EDGE ( 'NONE', *, *, #1220, .F. ) ;
#5211 = CYLINDRICAL_SURFACE ( 'NONE', #7127, 0.1250000000000001110 ) ;
#5212 = EDGE_CURVE ( 'NONE', #6240, #5410, #7040, .T. ) ;
#5213 = EDGE_CURVE ( 'NONE', #1216, #5938, #4043, .T. ) ;
#5214 = DIRECTION ( 'NONE',  ( -1.000000000000000000, 0.0000000000000000000, -3.154042683594169187E-15 ) ) ;
#5215 = DIRECTION ( 'NONE',  ( -0.0000000000000000000, 1.000000000000000000, 0.0000000000000000000 ) ) ;
#5216 = ORIENTED_EDGE ( 'NONE', *, *, #6151, .F. ) ;
#5217 = CARTESIAN_POINT ( 'NONE',  ( 3.225000000000001421, -0.1000000000000000056, -0.2499999999999990286 ) ) ;
#5218 = FACE_OUTER_BOUND ( 'NONE', #1288, .T. ) ;
#5219 = ORIENTED_EDGE ( 'NONE', *, *, #5989, .T. ) ;
#5220 = ADVANCED_FACE ( 'NONE', ( #2917 ), #6968, .F. ) ;
#5221 = VERTEX_POINT ( 'NONE', #8 ) ;
#5222 = DIRECTION ( 'NONE',  ( 0.0000000000000000000, -1.000000000000000000, 0.0000000000000000000 ) ) ;
#5223 = ORIENTED_EDGE ( 'NONE', *, *, #6888, .T. ) ;
#5224 = ADVANCED_FACE ( 'NONE', ( #3489 ), #1683, .T. ) ;
#5225 = DIRECTION ( 'NONE',  ( 0.0000000000000000000, 1.000000000000000000, 0.0000000000000000000 ) ) ;
#5226 = FACE_OUTER_BOUND ( 'NONE', #3188, .T. ) ;
#5227 = AXIS2_PLACEMENT_3D ( 'NONE', #3398, #2871, #5749 ) ;
#5228 = CARTESIAN_POINT ( 'NONE',  ( 2.624999999999999556, 0.0000000000000000000, 3.500000000000000888 ) ) ;
#5229 = CARTESIAN_POINT ( 'NONE',  ( -1.125000000000000666, -0.1000000000000000333, 3.500000000000000888 ) ) ;
#5230 = CARTESIAN_POINT ( 'NONE',  ( 1.375000000000000000, 0.0000000000000000000, 0.0000000000000000000 ) ) ;
#5231 = ORIENTED_EDGE ( 'NONE', *, *, #1782, .T. ) ;
#5232 = PLANE ( 'NONE',  #409 ) ;
#5233 = CARTESIAN_POINT ( 'NONE',  ( 5.125319360840550566E-15, -0.1000000000000000056, -1.625000000000008216 ) ) ;
#5234 = AXIS2_PLACEMENT_3D ( 'NONE', #3584, #1169, #3514 ) ;
#5235 = CARTESIAN_POINT ( 'NONE',  ( -1.125000000000000444, -0.1000000000000000056, 0.0000000000000000000 ) ) ;
#5236 = FACE_OUTER_BOUND ( 'NONE', #3044, .T. ) ;
#5237 = VERTEX_POINT ( 'NONE', #2429 ) ;
#5238 = LINE ( 'NONE', #6372, #3976 ) ;
#5239 = EDGE_CURVE ( 'NONE', #5338, #7467, #6442, .T. ) ;
#5240 = ORIENTED_EDGE ( 'NONE', *, *, #5661, .T. ) ;
#5241 = VECTOR ( 'NONE', #3140, 1000.000000000000000 ) ;
#5242 = ORIENTED_EDGE ( 'NONE', *, *, #5895, .T. ) ;
#5243 = DIRECTION ( 'NONE',  ( 0.0000000000000000000, -1.000000000000000000, 0.0000000000000000000 ) ) ;
#5244 = VERTEX_POINT ( 'NONE', #5864 ) ;
#5245 = CARTESIAN_POINT ( 'NONE',  ( 0.0000000000000000000, -0.1000000000000000056, 0.1250000000000028311 ) ) ;
#5246 = CIRCLE ( 'NONE', #1087, 0.1249999999999992506 ) ;
#5247 = DIRECTION ( 'NONE',  ( 0.0000000000000000000, 0.0000000000000000000, -1.000000000000000000 ) ) ;
#5248 = DIRECTION ( 'NONE',  ( 1.000000000000000000, 0.0000000000000000000, -0.0000000000000000000 ) ) ;
#5249 = AXIS2_PLACEMENT_3D ( 'NONE', #745, #2061, #4312 ) ;
#5250 = DIRECTION ( 'NONE',  ( 0.0000000000000000000, 0.0000000000000000000, -1.000000000000000000 ) ) ;
#5251 = CARTESIAN_POINT ( 'NONE',  ( 3.500000000000001332, 1.000000000000000000, -3.499999999999999112 ) ) ;
#5252 = ORIENTED_EDGE ( 'NONE', *, *, #7247, .F. ) ;
#5253 = LINE ( 'NONE', #2864, #1103 ) ;
#5254 = CARTESIAN_POINT ( 'NONE',  ( 2.624999999999999556, 0.0000000000000000000, 3.500000000000000888 ) ) ;
#5255 = VERTEX_POINT ( 'NONE', #1213 ) ;
#5256 = VECTOR ( 'NONE', #3760, 1000.000000000000000 ) ;
#5257 = CARTESIAN_POINT ( 'NONE',  ( 3.500000000000001776, -0.1000000000000000333, 2.375000000000002220 ) ) ;
#5258 = CARTESIAN_POINT ( 'NONE',  ( 2.875000000000001332, 1.000000000000000000, -3.499999999999999112 ) ) ;
#5259 = CARTESIAN_POINT ( 'NONE',  ( 0.3750000000000012768, 0.0000000000000000000, -3.224999999999995204 ) ) ;
#5260 = AXIS2_PLACEMENT_3D ( 'NONE', #3679, #244, #730 ) ;
#5261 = DIRECTION ( 'NONE',  ( -0.0000000000000000000, -1.000000000000000000, -0.0000000000000000000 ) ) ;
#5262 = EDGE_LOOP ( 'NONE', ( #3252, #5098, #3906, #3926 ) ) ;
#5263 = LINE ( 'NONE', #4731, #4651 ) ;
#5264 = EDGE_CURVE ( 'NONE', #4373, #3415, #6800, .T. ) ;
#5265 = DIRECTION ( 'NONE',  ( 1.000000000000000000, 0.0000000000000000000, -0.0000000000000000000 ) ) ;
#5266 = ORIENTED_EDGE ( 'NONE', *, *, #6079, .F. ) ;
#5267 = LINE ( 'NONE', #2466, #4734 ) ;
#5268 = VECTOR ( 'NONE', #5319, 1000.000000000000000 ) ;
#5269 = EDGE_CURVE ( 'NONE', #4089, #7422, #3535, .T. ) ;
#5270 = DIRECTION ( 'NONE',  ( 0.0000000000000000000, 1.000000000000000000, 0.0000000000000000000 ) ) ;
#5271 = DIRECTION ( 'NONE',  ( 0.0000000000000000000, 1.000000000000000000, 0.0000000000000000000 ) ) ;
#5272 = FACE_OUTER_BOUND ( 'NONE', #2409, .T. ) ;
#5273 = DIRECTION ( 'NONE',  ( 0.0000000000000000000, 0.0000000000000000000, 1.000000000000000000 ) ) ;
#5274 = EDGE_CURVE ( 'NONE', #2462, #6373, #573, .T. ) ;
#5275 = ORIENTED_EDGE ( 'NONE', *, *, #4072, .F. ) ;
#5276 = DIRECTION ( 'NONE',  ( 1.000000000000000000, 0.0000000000000000000, -0.0000000000000000000 ) ) ;
#5277 = ORIENTED_EDGE ( 'NONE', *, *, #91, .F. ) ;
#5278 = VECTOR ( 'NONE', #5665, 1000.000000000000000 ) ;
#5279 = EDGE_CURVE ( 'NONE', #5338, #3078, #7277, .T. ) ;
#5280 = ORIENTED_EDGE ( 'NONE', *, *, #6967, .F. ) ;
#5281 = FACE_OUTER_BOUND ( 'NONE', #3617, .T. ) ;
#5282 = EDGE_LOOP ( 'NONE', ( #1729, #773, #1465, #750 ) ) ;
#5283 = CARTESIAN_POINT ( 'NONE',  ( 0.0000000000000000000, -0.1000000000000000056, 0.6249999999999982236 ) ) ;
#5284 = CARTESIAN_POINT ( 'NONE',  ( 0.0000000000000000000, 0.0000000000000000000, -0.3749999999999971689 ) ) ;
#5285 = DIRECTION ( 'NONE',  ( 3.942553354492736135E-16, 0.0000000000000000000, -1.000000000000000000 ) ) ;
#5286 = VECTOR ( 'NONE', #5298, 1000.000000000000000 ) ;
#5287 = EDGE_CURVE ( 'NONE', #1254, #6819, #5307, .T. ) ;
#5288 = DIRECTION ( 'NONE',  ( 0.0000000000000000000, 0.0000000000000000000, -1.000000000000000000 ) ) ;
#5289 = LINE ( 'NONE', #6462, #1393 ) ;
#5290 = ORIENTED_EDGE ( 'NONE', *, *, #594, .T. ) ;
#5291 = CARTESIAN_POINT ( 'NONE',  ( 3.225000000000001421, -0.1000000000000000056, 1.875000000000001998 ) ) ;
#5292 = CARTESIAN_POINT ( 'NONE',  ( 1.625000000000002665, -0.1000000000000000056, -3.224999999999995204 ) ) ;
#5293 = AXIS2_PLACEMENT_3D ( 'NONE', #2744, #3792, #5060 ) ;
#5294 = DIRECTION ( 'NONE',  ( 0.0000000000000000000, 0.0000000000000000000, 1.000000000000000000 ) ) ;
#5295 = EDGE_CURVE ( 'NONE', #6668, #2857, #3104, .T. ) ;
#5296 = LINE ( 'NONE', #701, #3463 ) ;
#5297 = VECTOR ( 'NONE', #237, 1000.000000000000000 ) ;
#5298 = DIRECTION ( 'NONE',  ( 1.239088197126291063E-16, 0.0000000000000000000, 1.000000000000000000 ) ) ;
#5299 = CIRCLE ( 'NONE', #2141, 0.1250000000000001110 ) ;
#5300 = DIRECTION ( 'NONE',  ( 0.0000000000000000000, 1.000000000000000000, 0.0000000000000000000 ) ) ;
#5301 = ORIENTED_EDGE ( 'NONE', *, *, #6584, .T. ) ;
#5302 = CARTESIAN_POINT ( 'NONE',  ( 3.225000000000001421, -0.1000000000000000056, -0.7499999999999990008 ) ) ;
#5303 = LINE ( 'NONE', #4732, #7487 ) ;
#5304 = ORIENTED_EDGE ( 'NONE', *, *, #2305, .F. ) ;
#5305 = ADVANCED_FACE ( 'NONE', ( #6050 ), #2024, .F. ) ;
#5306 = CYLINDRICAL_SURFACE ( 'NONE', #1128, 0.1249999999999992506 ) ;
#5307 = LINE ( 'NONE', #4270, #6928 ) ;
#5308 = DIRECTION ( 'NONE',  ( 1.000000000000000000, 0.0000000000000000000, -0.0000000000000000000 ) ) ;
#5309 = CARTESIAN_POINT ( 'NONE',  ( 0.0000000000000000000, 0.0000000000000000000, 1.124999999999998224 ) ) ;
#5310 = ORIENTED_EDGE ( 'NONE', *, *, #4072, .T. ) ;
#5311 = DIRECTION ( 'NONE',  ( 0.0000000000000000000, 0.0000000000000000000, 1.000000000000000000 ) ) ;
#5312 = ORIENTED_EDGE ( 'NONE', *, *, #3753, .F. ) ;
#5313 = VERTEX_POINT ( 'NONE', #3175 ) ;
#5314 = EDGE_CURVE ( 'NONE', #1419, #6307, #7113, .T. ) ;
#5315 = VECTOR ( 'NONE', #7116, 1000.000000000000000 ) ;
#5316 = ORIENTED_EDGE ( 'NONE', *, *, #3528, .T. ) ;
#5317 = CARTESIAN_POINT ( 'NONE',  ( -2.499999999999997335, -0.1000000000000000056, -2.749999999999999556 ) ) ;
#5318 = VERTEX_POINT ( 'NONE', #4350 ) ;
#5319 = DIRECTION ( 'NONE',  ( 1.239088197126291063E-16, 0.0000000000000000000, 1.000000000000000000 ) ) ;
#5320 = CARTESIAN_POINT ( 'NONE',  ( 0.2500000000000019429, -0.1000000000000000056, -3.224999999999995204 ) ) ;
#5321 = ORIENTED_EDGE ( 'NONE', *, *, #3200, .F. ) ;
#5322 = CARTESIAN_POINT ( 'NONE',  ( 3.225000000000001421, -0.1000000000000000056, 2.125000000000002665 ) ) ;
#5323 = EDGE_CURVE ( 'NONE', #3227, #2736, #1576, .T. ) ;
#5324 = EDGE_CURVE ( 'NONE', #3723, #5142, #783, .T. ) ;
#5325 = AXIS2_PLACEMENT_3D ( 'NONE', #4771, #3516, #2425 ) ;
#5326 = DIRECTION ( 'NONE',  ( 0.0000000000000000000, 0.0000000000000000000, 1.000000000000000000 ) ) ;
#5327 = LINE ( 'NONE', #3644, #5494 ) ;
#5328 = DIRECTION ( 'NONE',  ( -0.0000000000000000000, -1.000000000000000000, -0.0000000000000000000 ) ) ;
#5329 = ORIENTED_EDGE ( 'NONE', *, *, #4773, .T. ) ;
#5330 = EDGE_CURVE ( 'NONE', #7270, #6381, #6088, .T. ) ;
#5331 = CARTESIAN_POINT ( 'NONE',  ( -2.124999999999998668, -0.1000000000000000333, -3.499999999999999112 ) ) ;
#5332 = DIRECTION ( 'NONE',  ( -0.0000000000000000000, 1.000000000000000000, 0.0000000000000000000 ) ) ;
#5333 = CARTESIAN_POINT ( 'NONE',  ( -0.1250000000000002220, 0.0000000000000000000, 3.225000000000000533 ) ) ;
#5334 = CARTESIAN_POINT ( 'NONE',  ( -3.499999999999999112, 1.000000000000000000, -1.875000000000001776 ) ) ;
#5335 = VERTEX_POINT ( 'NONE', #1983 ) ;
#5336 = CARTESIAN_POINT ( 'NONE',  ( -3.224999999999998757, 0.0000000000000000000, -1.375000000000001776 ) ) ;
#5337 = DIRECTION ( 'NONE',  ( 1.000000000000000000, -0.0000000000000000000, 0.0000000000000000000 ) ) ;
#5338 = VERTEX_POINT ( 'NONE', #3660 ) ;
#5339 = VECTOR ( 'NONE', #1888, 1000.000000000000000 ) ;
#5340 = CARTESIAN_POINT ( 'NONE',  ( 0.8750000000000012212, -0.1000000000000000056, -3.224999999999995204 ) ) ;
#5341 = DIRECTION ( 'NONE',  ( 0.0000000000000000000, 0.0000000000000000000, 1.000000000000000000 ) ) ;
#5342 = DIRECTION ( 'NONE',  ( 0.0000000000000000000, -0.0000000000000000000, -1.000000000000000000 ) ) ;
#5343 = ORIENTED_EDGE ( 'NONE', *, *, #5585, .T. ) ;
#5344 = VECTOR ( 'NONE', #5072, 1000.000000000000000 ) ;
#5345 = CARTESIAN_POINT ( 'NONE',  ( -3.499999999999999112, -0.1000000000000000472, -3.499999999999999112 ) ) ;
#5346 = ORIENTED_EDGE ( 'NONE', *, *, #5239, .F. ) ;
#5347 = EDGE_CURVE ( 'NONE', #5974, #339, #1445, .T. ) ;
#5348 = AXIS2_PLACEMENT_3D ( 'NONE', #1137, #2469, #609 ) ;
#5349 = ADVANCED_FACE ( 'NONE', ( #2504 ), #4847, .T. ) ;
#5350 = EDGE_LOOP ( 'NONE', ( #5739, #2552, #3882, #3456 ) ) ;
#5351 = DIRECTION ( 'NONE',  ( -0.0000000000000000000, -1.000000000000000000, -0.0000000000000000000 ) ) ;
#5352 = ORIENTED_EDGE ( 'NONE', *, *, #594, .F. ) ;
#5353 = CARTESIAN_POINT ( 'NONE',  ( 0.6250000000000028866, 0.0000000000000000000, -3.224999999999995204 ) ) ;
#5354 = DIRECTION ( 'NONE',  ( 1.000000000000000000, 0.0000000000000000000, 0.0000000000000000000 ) ) ;
#5355 = ADVANCED_FACE ( 'NONE', ( #3771 ), #1292, .T. ) ;
#5356 = ORIENTED_EDGE ( 'NONE', *, *, #4466, .T. ) ;
#5357 = EDGE_CURVE ( 'NONE', #6187, #1403, #7144, .T. ) ;
#5358 = DIRECTION ( 'NONE',  ( 1.000000000000000000, -0.0000000000000000000, 0.0000000000000000000 ) ) ;
#5359 = ORIENTED_EDGE ( 'NONE', *, *, #1299, .T. ) ;
#5360 = VECTOR ( 'NONE', #5858, 1000.000000000000000 ) ;
#5361 = AXIS2_PLACEMENT_3D ( 'NONE', #6651, #4767, #7067 ) ;
#5362 = DIRECTION ( 'NONE',  ( 1.000000000000000000, 0.0000000000000000000, -0.0000000000000000000 ) ) ;
#5363 = CARTESIAN_POINT ( 'NONE',  ( -2.125000000000000000, -0.1000000000000000333, 3.500000000000000888 ) ) ;
#5364 = EDGE_LOOP ( 'NONE', ( #4207, #2959, #6102, #678 ) ) ;
#5365 = ADVANCED_FACE ( 'NONE', ( #224 ), #2574, .T. ) ;
#5366 = DIRECTION ( 'NONE',  ( 1.239088197126291063E-16, 0.0000000000000000000, 1.000000000000000000 ) ) ;
#5367 = VECTOR ( 'NONE', #7260, 1000.000000000000000 ) ;
#5368 = CARTESIAN_POINT ( 'NONE',  ( 2.750000000000002665, -0.1000000000000000056, -3.224999999999995204 ) ) ;
#5369 = DIRECTION ( 'NONE',  ( 0.0000000000000000000, 1.000000000000000000, 0.0000000000000000000 ) ) ;
#5370 = EDGE_CURVE ( 'NONE', #7204, #350, #5596, .T. ) ;
#5371 = ORIENTED_EDGE ( 'NONE', *, *, #548, .T. ) ;
#5372 = VECTOR ( 'NONE', #4876, 1000.000000000000000 ) ;
#5373 = CARTESIAN_POINT ( 'NONE',  ( 1.375000000000000000, -0.1000000000000000056, 3.225000000000000533 ) ) ;
#5374 = DIRECTION ( 'NONE',  ( 0.0000000000000000000, 0.0000000000000000000, 1.000000000000000000 ) ) ;
#5375 = ORIENTED_EDGE ( 'NONE', *, *, #6101, .F. ) ;
#5376 = CARTESIAN_POINT ( 'NONE',  ( -3.499999999999998224, 1.000000000000000000, 1.874999999999998668 ) ) ;
#5377 = AXIS2_PLACEMENT_3D ( 'NONE', #6390, #1817, #4107 ) ;
#5378 = LINE ( 'NONE', #4883, #5769 ) ;
#5379 = EDGE_CURVE ( 'NONE', #6263, #2090, #1015, .T. ) ;
#5380 = CARTESIAN_POINT ( 'NONE',  ( -3.224999999999998757, -0.1000000000000000056, 0.8749999999999984457 ) ) ;
#5381 = DIRECTION ( 'NONE',  ( 0.0000000000000000000, 1.000000000000000000, 0.0000000000000000000 ) ) ;
#5382 = ORIENTED_EDGE ( 'NONE', *, *, #5685, .T. ) ;
#5383 = LINE ( 'NONE', #158, #1536 ) ;
#5384 = ORIENTED_EDGE ( 'NONE', *, *, #6708, .F. ) ;
#5385 = CARTESIAN_POINT ( 'NONE',  ( 3.500000000000001332, 1.000000000000000000, -0.1249999999999975020 ) ) ;
#5386 = VERTEX_POINT ( 'NONE', #6853 ) ;
#5387 = CARTESIAN_POINT ( 'NONE',  ( 0.1250000000000000555, 0.0000000000000000000, 3.500000000000000888 ) ) ;
#5388 = PLANE ( 'NONE',  #2270 ) ;
#5389 = ORIENTED_EDGE ( 'NONE', *, *, #4184, .T. ) ;
#5390 = CARTESIAN_POINT ( 'NONE',  ( 0.0000000000000000000, 1.000000000000000000, 3.500000000000000888 ) ) ;
#5391 = EDGE_LOOP ( 'NONE', ( #5106, #3943, #6706, #2110 ) ) ;
#5392 = AXIS2_PLACEMENT_3D ( 'NONE', #554, #2900, #7508 ) ;
#5393 = EDGE_CURVE ( 'NONE', #6565, #4285, #1200, .T. ) ;
#5394 = VECTOR ( 'NONE', #5270, 1000.000000000000000 ) ;
#5395 = CARTESIAN_POINT ( 'NONE',  ( -3.499999999999999112, -0.1000000000000000472, -3.499999999999999112 ) ) ;
#5396 = DIRECTION ( 'NONE',  ( 0.0000000000000000000, 1.000000000000000000, 0.0000000000000000000 ) ) ;
#5397 = ORIENTED_EDGE ( 'NONE', *, *, #3245, .T. ) ;
#5398 = PLANE ( 'NONE',  #4243 ) ;
#5399 = EDGE_CURVE ( 'NONE', #2736, #7150, #6814, .T. ) ;
#5400 = AXIS2_PLACEMENT_3D ( 'NONE', #1982, #7075, #3732 ) ;
#5401 = LINE ( 'NONE', #4297, #4790 ) ;
#5402 = ADVANCED_FACE ( 'NONE', ( #1052 ), #5113, .T. ) ;
#5403 = LINE ( 'NONE', #178, #5051 ) ;
#5404 = EDGE_LOOP ( 'NONE', ( #1343, #6567, #3744, #4477 ) ) ;
#5405 = VECTOR ( 'NONE', #4762, 1000.000000000000000 ) ;
#5406 = LINE ( 'NONE', #6653, #5372 ) ;
#5407 = VECTOR ( 'NONE', #1203, 1000.000000000000000 ) ;
#5408 = FACE_OUTER_BOUND ( 'NONE', #7427, .T. ) ;
#5409 = ORIENTED_EDGE ( 'NONE', *, *, #3446, .F. ) ;
#5410 = VERTEX_POINT ( 'NONE', #7296 ) ;
#5411 = EDGE_CURVE ( 'NONE', #5883, #5456, #6699, .T. ) ;
#5412 = VECTOR ( 'NONE', #2442, 1000.000000000000000 ) ;
#5413 = AXIS2_PLACEMENT_3D ( 'NONE', #5065, #1547, #1469 ) ;
#5414 = CARTESIAN_POINT ( 'NONE',  ( 0.0000000000000000000, 0.0000000000000000000, 0.8750000000000022204 ) ) ;
#5415 = DIRECTION ( 'NONE',  ( 0.0000000000000000000, -1.000000000000000000, 0.0000000000000000000 ) ) ;
#5416 = CARTESIAN_POINT ( 'NONE',  ( 3.225000000000001421, 0.0000000000000000000, 0.6250000000000028866 ) ) ;
#5417 = ORIENTED_EDGE ( 'NONE', *, *, #5066, .T. ) ;
#5418 = LINE ( 'NONE', #7185, #2417 ) ;
#5419 = ORIENTED_EDGE ( 'NONE', *, *, #2996, .F. ) ;
#5420 = EDGE_CURVE ( 'NONE', #4267, #7479, #2184, .T. ) ;
#5421 = VECTOR ( 'NONE', #7043, 1000.000000000000000 ) ;
#5422 = ORIENTED_EDGE ( 'NONE', *, *, #7472, .F. ) ;
#5423 = DIRECTION ( 'NONE',  ( 0.0000000000000000000, 0.0000000000000000000, 1.000000000000000000 ) ) ;
#5424 = DIRECTION ( 'NONE',  ( -0.0000000000000000000, -1.000000000000000000, -0.0000000000000000000 ) ) ;
#5425 = ORIENTED_EDGE ( 'NONE', *, *, #4656, .F. ) ;
#5426 = DIRECTION ( 'NONE',  ( 0.0000000000000000000, 0.0000000000000000000, 1.000000000000000000 ) ) ;
#5427 = ORIENTED_EDGE ( 'NONE', *, *, #6941, .F. ) ;
#5428 = CYLINDRICAL_SURFACE ( 'NONE', #4997, 0.1249999999999992506 ) ;
#5429 = ORIENTED_EDGE ( 'NONE', *, *, #2006, .T. ) ;
#5430 = ADVANCED_FACE ( 'NONE', ( #2102 ), #2145, .T. ) ;
#5431 = CARTESIAN_POINT ( 'NONE',  ( 3.500000000000001776, 1.000000000000000000, 1.875000000000001998 ) ) ;
#5432 = ORIENTED_EDGE ( 'NONE', *, *, #6194, .F. ) ;
#5433 = CARTESIAN_POINT ( 'NONE',  ( 2.750000000000002665, -0.1000000000000000056, -3.099999999999996092 ) ) ;
#5434 = DIRECTION ( 'NONE',  ( -0.0000000000000000000, -1.000000000000000000, -0.0000000000000000000 ) ) ;
#5435 = VERTEX_POINT ( 'NONE', #4501 ) ;
#5436 = VECTOR ( 'NONE', #1523, 1000.000000000000000 ) ;
#5437 = ADVANCED_FACE ( 'NONE', ( #417 ), #3932, .T. ) ;
#5438 = LINE ( 'NONE', #2044, #2329 ) ;
#5439 = CARTESIAN_POINT ( 'NONE',  ( -2.499999999999999556, -0.1000000000000000056, 2.750000000000000888 ) ) ;
#5440 = FILL_AREA_STYLE ('',( #5998 ) ) ;
#5441 = ORIENTED_EDGE ( 'NONE', *, *, #4184, .F. ) ;
#5442 = EDGE_CURVE ( 'NONE', #4565, #1221, #3173, .T. ) ;
#5443 = DIRECTION ( 'NONE',  ( 1.000000000000000000, 0.0000000000000000000, -0.0000000000000000000 ) ) ;
#5444 = LINE ( 'NONE', #6617, #5539 ) ;
#5445 = DIRECTION ( 'NONE',  ( 0.0000000000000000000, 0.0000000000000000000, 1.000000000000000000 ) ) ;
#5446 = ORIENTED_EDGE ( 'NONE', *, *, #2805, .F. ) ;
#5447 = EDGE_CURVE ( 'NONE', #2019, #5142, #528, .T. ) ;
#5448 = DIRECTION ( 'NONE',  ( -1.239088197126291063E-16, 0.0000000000000000000, -1.000000000000000000 ) ) ;
#5449 = ORIENTED_EDGE ( 'NONE', *, *, #7145, .F. ) ;
#5450 = LINE ( 'NONE', #3066, #2130 ) ;
#5451 = CARTESIAN_POINT ( 'NONE',  ( 0.3750000000000012768, 0.0000000000000000000, 0.0000000000000000000 ) ) ;
#5452 = CARTESIAN_POINT ( 'NONE',  ( 0.6249999999999997780, -0.1000000000000000056, 3.225000000000000533 ) ) ;
#5453 = VERTEX_POINT ( 'NONE', #3481 ) ;
#5454 = CARTESIAN_POINT ( 'NONE',  ( -3.224999999999998757, 0.0000000000000000000, 1.374999999999998446 ) ) ;
#5455 = EDGE_CURVE ( 'NONE', #1726, #2762, #6359, .T. ) ;
#5456 = VERTEX_POINT ( 'NONE', #1126 ) ;
#5457 = EDGE_CURVE ( 'NONE', #4806, #4777, #4135, .T. ) ;
#5458 = VECTOR ( 'NONE', #2086, 1000.000000000000000 ) ;
#5459 = CARTESIAN_POINT ( 'NONE',  ( -2.250000000000000888, 0.0000000000000000000, 3.225000000000000533 ) ) ;
#5460 = LINE ( 'NONE', #271, #951 ) ;
#5461 = ORIENTED_EDGE ( 'NONE', *, *, #1193, .T. ) ;
#5462 = EDGE_LOOP ( 'NONE', ( #2607, #3197, #7186, #6965 ) ) ;
#5463 = DIRECTION ( 'NONE',  ( 0.0000000000000000000, 1.000000000000000000, 0.0000000000000000000 ) ) ;
#5464 = DIRECTION ( 'NONE',  ( -0.0000000000000000000, 1.000000000000000000, 0.0000000000000000000 ) ) ;
#5465 = VERTEX_POINT ( 'NONE', #2912 ) ;
#5466 = CIRCLE ( 'NONE', #115, 0.1249999999999992506 ) ;
#5467 = DIRECTION ( 'NONE',  ( -1.734723475976808080E-16, 0.0000000000000000000, 1.000000000000000000 ) ) ;
#5468 = EDGE_CURVE ( 'NONE', #1095, #400, #1240, .T. ) ;
#5469 = DIRECTION ( 'NONE',  ( -0.0000000000000000000, -1.000000000000000000, -0.0000000000000000000 ) ) ;
#5470 = VECTOR ( 'NONE', #6283, 1000.000000000000000 ) ;
#5471 = DIRECTION ( 'NONE',  ( -0.0000000000000000000, -1.000000000000000000, -0.0000000000000000000 ) ) ;
#5472 = ORIENTED_EDGE ( 'NONE', *, *, #6223, .F. ) ;
#5473 = DIRECTION ( 'NONE',  ( 0.0000000000000000000, -0.0000000000000000000, -1.000000000000000000 ) ) ;
#5474 = COLOUR_RGB ( '',0.7647058823529411242, 0.7647058823529411242, 0.7647058823529411242 ) ;
#5475 = CARTESIAN_POINT ( 'NONE',  ( -3.499999999999998668, 1.000000000000000000, -0.3750000000000016098 ) ) ;
#5476 = CARTESIAN_POINT ( 'NONE',  ( -0.8749999999999973355, -0.1000000000000000056, -3.224999999999995204 ) ) ;
#5477 = EDGE_CURVE ( 'NONE', #239, #2471, #4380, .T. ) ;
#5478 = DIRECTION ( 'NONE',  ( 0.0000000000000000000, 1.000000000000000000, 0.0000000000000000000 ) ) ;
#5479 = EDGE_LOOP ( 'NONE', ( #6064, #7359, #3665, #3350 ) ) ;
#5480 = LINE ( 'NONE', #4840, #615 ) ;
#5481 = CARTESIAN_POINT ( 'NONE',  ( -1.249999999999998002, 0.0000000000000000000, -3.099999999999996092 ) ) ;
#5482 = VECTOR ( 'NONE', #3816, 1000.000000000000000 ) ;
#5483 = CARTESIAN_POINT ( 'NONE',  ( 3.500000000000001332, 1.000000000000000000, -1.124999999999997558 ) ) ;
#5484 = ORIENTED_EDGE ( 'NONE', *, *, #4431, .F. ) ;
#5485 = LINE ( 'NONE', #1943, #5933 ) ;
#5486 = ORIENTED_EDGE ( 'NONE', *, *, #862, .F. ) ;
#5487 = LINE ( 'NONE', #1519, #6356 ) ;
#5488 = AXIS2_PLACEMENT_3D ( 'NONE', #6400, #4152, #529 ) ;
#5489 = FILL_AREA_STYLE ('',( #2610 ) ) ;
#5490 = ADVANCED_FACE ( 'NONE', ( #1714 ), #1789, .T. ) ;
#5491 = CARTESIAN_POINT ( 'NONE',  ( -1.625000000000000444, 1.000000000000000000, 3.500000000000000888 ) ) ;
#5492 = DIRECTION ( 'NONE',  ( -1.000000000000000000, 0.0000000000000000000, -0.0000000000000000000 ) ) ;
#5493 = ORIENTED_EDGE ( 'NONE', *, *, #6613, .T. ) ;
#5494 = VECTOR ( 'NONE', #171, 1000.000000000000000 ) ;
#5495 = PLANE ( 'NONE',  #7448 ) ;
#5496 = EDGE_CURVE ( 'NONE', #2413, #3846, #2983, .T. ) ;
#5497 = ORIENTED_EDGE ( 'NONE', *, *, #4938, .T. ) ;
#5498 = DIRECTION ( 'NONE',  ( 0.0000000000000000000, 0.0000000000000000000, 1.000000000000000000 ) ) ;
#5499 = LINE ( 'NONE', #6176, #6838 ) ;
#5500 = ORIENTED_EDGE ( 'NONE', *, *, #4768, .F. ) ;
#5501 = CARTESIAN_POINT ( 'NONE',  ( -3.224999999999998757, -0.1000000000000000056, 0.1249999999999981543 ) ) ;
#5502 = LINE ( 'NONE', #5536, #5118 ) ;
#5503 = EDGE_CURVE ( 'NONE', #7159, #6351, #1330, .T. ) ;
#5504 = EDGE_CURVE ( 'NONE', #5579, #2427, #4657, .T. ) ;
#5505 = CARTESIAN_POINT ( 'NONE',  ( 3.225000000000001421, -0.1000000000000000056, -2.874999999999997335 ) ) ;
#5506 = LINE ( 'NONE', #2042, #6731 ) ;
#5507 = CARTESIAN_POINT ( 'NONE',  ( -2.499999999999999112, -0.1000000000000000056, -2.499999999999999556 ) ) ;
#5508 = EDGE_CURVE ( 'NONE', #1583, #1312, #4014, .T. ) ;
#5509 = AXIS2_PLACEMENT_3D ( 'NONE', #6270, #1587, #6912 ) ;
#5510 = DIRECTION ( 'NONE',  ( -3.942553354492736135E-16, -0.0000000000000000000, 1.000000000000000000 ) ) ;
#5511 = DIRECTION ( 'NONE',  ( 0.0000000000000000000, 0.0000000000000000000, 1.000000000000000000 ) ) ;
#5512 = CARTESIAN_POINT ( 'NONE',  ( 0.3749999999999998890, 1.000000000000000000, 3.500000000000000888 ) ) ;
#5513 = ORIENTED_EDGE ( 'NONE', *, *, #3228, .T. ) ;
#5514 = CARTESIAN_POINT ( 'NONE',  ( -3.499999999999999112, -0.1000000000000000472, -3.499999999999999112 ) ) ;
#5515 = LINE ( 'NONE', #3360, #2012 ) ;
#5516 = FACE_OUTER_BOUND ( 'NONE', #616, .T. ) ;
#5517 = VECTOR ( 'NONE', #1796, 1000.000000000000000 ) ;
#5518 = ORIENTED_EDGE ( 'NONE', *, *, #6995, .F. ) ;
#5519 = ORIENTED_EDGE ( 'NONE', *, *, #646, .F. ) ;
#5520 = DIRECTION ( 'NONE',  ( 1.000000000000000000, 0.0000000000000000000, -0.0000000000000000000 ) ) ;
#5521 = PLANE ( 'NONE',  #168 ) ;
#5522 = AXIS2_PLACEMENT_3D ( 'NONE', #7444, #5752, #4583 ) ;
#5523 = FACE_OUTER_BOUND ( 'NONE', #533, .T. ) ;
#5524 = CARTESIAN_POINT ( 'NONE',  ( 1.875000000000001554, -0.1000000000000000056, -3.224999999999995204 ) ) ;
#5525 = ORIENTED_EDGE ( 'NONE', *, *, #2850, .T. ) ;
#5526 = ADVANCED_FACE ( 'NONE', ( #6399 ), #6319, .F. ) ;
#5527 = PLANE ( 'NONE',  #2980 ) ;
#5528 = AXIS2_PLACEMENT_3D ( 'NONE', #128, #2482, #7086 ) ;
#5529 = ORIENTED_EDGE ( 'NONE', *, *, #2317, .F. ) ;
#5530 = LINE ( 'NONE', #3112, #2705 ) ;
#5531 = VECTOR ( 'NONE', #1569, 1000.000000000000000 ) ;
#5532 = ORIENTED_EDGE ( 'NONE', *, *, #1913, .T. ) ;
#5533 = ADVANCED_FACE ( 'NONE', ( #4115 ), #6473, .F. ) ;
#5534 = CARTESIAN_POINT ( 'NONE',  ( 2.875000000000000444, 1.000000000000000000, 3.500000000000000888 ) ) ;
#5535 = ORIENTED_EDGE ( 'NONE', *, *, #5442, .T. ) ;
#5536 = CARTESIAN_POINT ( 'NONE',  ( -3.499999999999999112, -0.1000000000000000472, -3.499999999999999112 ) ) ;
#5537 = VERTEX_POINT ( 'NONE', #5823 ) ;
#5538 = EDGE_CURVE ( 'NONE', #4255, #7022, #7151, .T. ) ;
#5539 = VECTOR ( 'NONE', #1401, 1000.000000000000000 ) ;
#5540 = DIRECTION ( 'NONE',  ( -0.0000000000000000000, -0.0000000000000000000, 1.000000000000000000 ) ) ;
#5541 = DIRECTION ( 'NONE',  ( 0.0000000000000000000, 0.0000000000000000000, 1.000000000000000000 ) ) ;
#5542 = CARTESIAN_POINT ( 'NONE',  ( 2.874999999999999556, 0.0000000000000000000, 3.225000000000000533 ) ) ;
#5543 = CARTESIAN_POINT ( 'NONE',  ( -1.625000000000000444, -0.1000000000000000333, 3.500000000000000888 ) ) ;
#5544 = CARTESIAN_POINT ( 'NONE',  ( 1.625000000000002442, -0.1000000000000000333, -3.499999999999999112 ) ) ;
#5545 = CARTESIAN_POINT ( 'NONE',  ( -3.499999999999998224, -0.1000000000000000472, 3.500000000000000888 ) ) ;
#5546 = DIRECTION ( 'NONE',  ( 0.0000000000000000000, 1.000000000000000000, 0.0000000000000000000 ) ) ;
#5547 = AXIS2_PLACEMENT_3D ( 'NONE', #6361, #5715, #532 ) ;
#5548 = ORIENTED_EDGE ( 'NONE', *, *, #323, .F. ) ;
#5549 = PLANE ( 'NONE',  #6949 ) ;
#5550 = CARTESIAN_POINT ( 'NONE',  ( 3.225000000000001421, -0.1000000000000000056, -2.749999999999999112 ) ) ;
#5551 = ADVANCED_FACE ( 'NONE', ( #6434 ), #2422, .F. ) ;
#5552 = FACE_OUTER_BOUND ( 'NONE', #993, .T. ) ;
#5553 = ORIENTED_EDGE ( 'NONE', *, *, #3753, .T. ) ;
#5554 = CARTESIAN_POINT ( 'NONE',  ( 3.225000000000001421, 0.0000000000000000000, 1.750000000000001110 ) ) ;
#5555 = VERTEX_POINT ( 'NONE', #6614 ) ;
#5556 = AXIS2_PLACEMENT_3D ( 'NONE', #6583, #4842, #2018 ) ;
#5557 = DIRECTION ( 'NONE',  ( 0.0000000000000000000, 1.000000000000000000, 0.0000000000000000000 ) ) ;
#5558 = DIRECTION ( 'NONE',  ( 0.0000000000000000000, 0.0000000000000000000, 1.000000000000000000 ) ) ;
#5559 = CARTESIAN_POINT ( 'NONE',  ( 0.8749999999999997780, -0.1000000000000000056, 3.225000000000000533 ) ) ;
#5560 = PLANE ( 'NONE',  #4146 ) ;
#5561 = ADVANCED_FACE ( 'NONE', ( #704 ), #3059, .F. ) ;
#5562 = DIRECTION ( 'NONE',  ( -0.0000000000000000000, 1.000000000000000000, 0.0000000000000000000 ) ) ;
#5563 = FACE_OUTER_BOUND ( 'NONE', #5819, .T. ) ;
#5564 = DIRECTION ( 'NONE',  ( 0.0000000000000000000, 0.0000000000000000000, 1.000000000000000000 ) ) ;
#5565 = CARTESIAN_POINT ( 'NONE',  ( -1.875000000000000666, 0.0000000000000000000, 0.0000000000000000000 ) ) ;
#5566 = FACE_OUTER_BOUND ( 'NONE', #942, .T. ) ;
#5567 = CYLINDRICAL_SURFACE ( 'NONE', #5626, 0.1249999999999996808 ) ;
#5568 = ORIENTED_EDGE ( 'NONE', *, *, #2511, .T. ) ;
#5569 = CARTESIAN_POINT ( 'NONE',  ( 3.225000000000001421, -0.1000000000000000056, 0.6250000000000028866 ) ) ;
#5570 = ORIENTED_EDGE ( 'NONE', *, *, #135, .T. ) ;
#5571 = CARTESIAN_POINT ( 'NONE',  ( -2.750000000000001332, -0.1000000000000000056, 2.499999999999998224 ) ) ;
#5572 = APPLICATION_CONTEXT ( 'automotive_design' ) ;
#5573 = VECTOR ( 'NONE', #2279, 1000.000000000000000 ) ;
#5574 = CARTESIAN_POINT ( 'NONE',  ( 3.500000000000001332, 1.000000000000000000, 0.8750000000000021094 ) ) ;
#5575 = ADVANCED_FACE ( 'NONE', ( #2532 ), #3164, .T. ) ;
#5576 = EDGE_CURVE ( 'NONE', #194, #3326, #5246, .T. ) ;
#5577 = LINE ( 'NONE', #7391, #1352 ) ;
#5578 = DIRECTION ( 'NONE',  ( 0.0000000000000000000, 0.0000000000000000000, 1.000000000000000000 ) ) ;
#5579 = VERTEX_POINT ( 'NONE', #7209 ) ;
#5580 = VECTOR ( 'NONE', #6395, 1000.000000000000000 ) ;
#5581 = LINE ( 'NONE', #6632, #3756 ) ;
#5582 = FACE_OUTER_BOUND ( 'NONE', #3822, .T. ) ;
#5583 = FACE_OUTER_BOUND ( 'NONE', #506, .T. ) ;
#5584 = VECTOR ( 'NONE', #5898, 1000.000000000000000 ) ;
#5585 = EDGE_CURVE ( 'NONE', #3591, #170, #3689, .T. ) ;
#5586 = ORIENTED_EDGE ( 'NONE', *, *, #5963, .F. ) ;
#5587 = CARTESIAN_POINT ( 'NONE',  ( -3.499999999999998668, 1.000000000000000000, 0.3749999999999981681 ) ) ;
#5588 = DIRECTION ( 'NONE',  ( 0.0000000000000000000, 1.000000000000000000, 0.0000000000000000000 ) ) ;
#5589 = DIRECTION ( 'NONE',  ( 1.000000000000000000, -0.0000000000000000000, 3.942553354492736135E-16 ) ) ;
#5590 = ORIENTED_EDGE ( 'NONE', *, *, #586, .F. ) ;
#5591 = ORIENTED_EDGE ( 'NONE', *, *, #490, .F. ) ;
#5592 = VECTOR ( 'NONE', #3630, 1000.000000000000000 ) ;
#5593 = EDGE_CURVE ( 'NONE', #3585, #614, #212, .T. ) ;
#5594 = CARTESIAN_POINT ( 'NONE',  ( -2.624999999999998668, -0.1000000000000000056, 0.0000000000000000000 ) ) ;
#5595 = FACE_OUTER_BOUND ( 'NONE', #6765, .T. ) ;
#5596 = LINE ( 'NONE', #4963, #5470 ) ;
#5597 = CIRCLE ( 'NONE', #4508, 0.1250000000000001110 ) ;
#5598 = DIRECTION ( 'NONE',  ( -1.000000000000000000, 0.0000000000000000000, 0.0000000000000000000 ) ) ;
#5599 = DIRECTION ( 'NONE',  ( 0.0000000000000000000, 1.000000000000000000, 0.0000000000000000000 ) ) ;
#5600 = ORIENTED_EDGE ( 'NONE', *, *, #5496, .F. ) ;
#5601 = AXIS2_PLACEMENT_3D ( 'NONE', #6332, #5605, #385 ) ;
#5602 = EDGE_CURVE ( 'NONE', #1150, #5940, #1459, .T. ) ;
#5603 = LINE ( 'NONE', #2189, #278 ) ;
#5604 = ORIENTED_EDGE ( 'NONE', *, *, #1424, .F. ) ;
#5605 = DIRECTION ( 'NONE',  ( -0.0000000000000000000, -1.000000000000000000, -0.0000000000000000000 ) ) ;
#5606 = CARTESIAN_POINT ( 'NONE',  ( 3.225000000000001421, 0.0000000000000000000, 2.250000000000001776 ) ) ;
#5607 = EDGE_LOOP ( 'NONE', ( #1746, #3422, #6302, #5205 ) ) ;
#5608 = VECTOR ( 'NONE', #899, 1000.000000000000000 ) ;
#5609 = DIRECTION ( 'NONE',  ( 0.0000000000000000000, 1.000000000000000000, 0.0000000000000000000 ) ) ;
#5610 = ORIENTED_EDGE ( 'NONE', *, *, #7378, .T. ) ;
#5611 = DIRECTION ( 'NONE',  ( 0.0000000000000000000, 1.000000000000000000, 0.0000000000000000000 ) ) ;
#5612 = VERTEX_POINT ( 'NONE', #7136 ) ;
#5613 = EDGE_CURVE ( 'NONE', #2287, #4613, #4140, .T. ) ;
#5614 = VECTOR ( 'NONE', #1619, 1000.000000000000000 ) ;
#5615 = CLOSED_SHELL ( 'NONE', ( #4062, #1770, #2665, #335, #1018, #3960, #4092, #3721, #2201, #6430, #5402, #1695, #455, #422, #5305, #2765, #2437, #1261, #7222, #7288, #4016, #5349, #1156, #4587, #6243, #3628, #637, #3730, #7099, #2787, #1902, #6133, #3183, #4719, #4505, #248, #429, #1210, #4626, #4986, #1464, #6027, #5811, #3879, #3013, #3537, #3914, #4277, #733, #7464, #6777, #7029, #571, #52, #2133, #2683, #1858, #2435, #1108, #6425, #2390, #6840, #883, #4229, #2066, #1050, #4551, #736, #6895, #2455, #1069, #7115, #2144, #894, #6163, #6108, #3403, #5220, #5365, #3683, #1584, #4724, #3673, #6850, #4515, #4666, #63, #3133, #4597, #7021, #6909, #4610, #1757, #3498, #4399, #1282, #1168, #4278, #3759, #3571, #5914, #5551, #3437, #7238, #1236, #1823, #6355, #3085, #6935, #3698, #5533, #1814, #5653, #693, #2281, #928, #1537, #5430, #5897, #4582, #3376, #2300, #1175, #936, #6327, #3497, #7073, #5186, #673, #2963, #3775, #4748, #3518, #7129, #3502, #3929, #1731, #4465, #1554, #3946, #797, #314, #3304, #3927, #5022, #1407, #2728, #2361, #5077, #6090, #4381, #2901, #6647, #5644, #6036, #5526, #2161, #5076, #4347, #2084, #7243, #5854, #692, #6377, #5575, #3152, #3458, #7325, #2537, #6469, #3483, #2296, #103, #6466, #3737, #3004, #3366, #1832, #2426, #5642, #5437, #7163, #1388, #5490, #3897, #6346, #2557, #2496, #1009, #2935, #6459, #2411, #3006, #3127, #2494, #201, #1120, #5889, #7355, #4849, #7348, #3234, #261, #3047, #1309, #5224, #73, #6386, #1605, #561, #5355, #1035, #4249, #3779, #613, #6785, #1308, #6277, #2592, #4405, #5561, #2608 ) ) ;
#5616 = LINE ( 'NONE', #3866, #3235 ) ;
#5617 = VERTEX_POINT ( 'NONE', #7173 ) ;
#5618 =( LENGTH_UNIT ( ) NAMED_UNIT ( * ) SI_UNIT ( .MILLI., .METRE. ) );
#5619 = FACE_OUTER_BOUND ( 'NONE', #6982, .T. ) ;
#5620 = EDGE_LOOP ( 'NONE', ( #958, #6272, #5417, #4230 ) ) ;
#5621 = VECTOR ( 'NONE', #5131, 1000.000000000000000 ) ;
#5622 = DIRECTION ( 'NONE',  ( 0.0000000000000000000, 1.000000000000000000, 0.0000000000000000000 ) ) ;
#5623 = EDGE_CURVE ( 'NONE', #6290, #6263, #4873, .T. ) ;
#5624 = DIRECTION ( 'NONE',  ( 1.000000000000000000, -0.0000000000000000000, 0.0000000000000000000 ) ) ;
#5625 = CARTESIAN_POINT ( 'NONE',  ( -2.499999999999998668, -0.1000000000000000056, 2.750000000000000888 ) ) ;
#5626 = AXIS2_PLACEMENT_3D ( 'NONE', #5010, #7305, #2115 ) ;
#5627 = LINE ( 'NONE', #2714, #6684 ) ;
#5628 = VERTEX_POINT ( 'NONE', #6041 ) ;
#5629 = DIRECTION ( 'NONE',  ( 0.0000000000000000000, 0.0000000000000000000, 1.000000000000000000 ) ) ;
#5630 = CARTESIAN_POINT ( 'NONE',  ( 2.875000000000001332, 0.0000000000000000000, -3.224999999999995204 ) ) ;
#5631 = ORIENTED_EDGE ( 'NONE', *, *, #5623, .F. ) ;
#5632 = PLANE ( 'NONE',  #7009 ) ;
#5633 = VERTEX_POINT ( 'NONE', #4188 ) ;
#5634 = FACE_OUTER_BOUND ( 'NONE', #6920, .T. ) ;
#5635 = ORIENTED_EDGE ( 'NONE', *, *, #5411, .T. ) ;
#5636 = CIRCLE ( 'NONE', #4550, 0.2500000000000002220 ) ;
#5637 = LINE ( 'NONE', #4456, #518 ) ;
#5638 = FILL_AREA_STYLE_COLOUR ( '', #3697 ) ;
#5639 = DIRECTION ( 'NONE',  ( 0.0000000000000000000, -0.0000000000000000000, -1.000000000000000000 ) ) ;
#5640 = DIRECTION ( 'NONE',  ( -0.0000000000000000000, -1.000000000000000000, -0.0000000000000000000 ) ) ;
#5641 = CIRCLE ( 'NONE', #2379, 0.1250000000000001110 ) ;
#5642 = ADVANCED_FACE ( 'NONE', ( #3026 ), #6511, .T. ) ;
#5643 = FACE_OUTER_BOUND ( 'NONE', #5282, .T. ) ;
#5644 = ADVANCED_FACE ( 'NONE', ( #1862 ), #1281, .T. ) ;
#5645 = ORIENTED_EDGE ( 'NONE', *, *, #5149, .T. ) ;
#5646 = LINE ( 'NONE', #2771, #3419 ) ;
#5647 = VECTOR ( 'NONE', #4383, 1000.000000000000000 ) ;
#5648 = LINE ( 'NONE', #2772, #1249 ) ;
#5649 = VERTEX_POINT ( 'NONE', #4635 ) ;
#5650 = FACE_OUTER_BOUND ( 'NONE', #4826, .T. ) ;
#5651 = PRESENTATION_LAYER_ASSIGNMENT (  '', '', ( #1877 ) ) ;
#5652 = CARTESIAN_POINT ( 'NONE',  ( 2.250000000000000444, -0.1000000000000000056, 3.225000000000000533 ) ) ;
#5653 = ADVANCED_FACE ( 'NONE', ( #3240 ), #1508, .T. ) ;
#5654 = VERTEX_POINT ( 'NONE', #4372 ) ;
#5655 = DIRECTION ( 'NONE',  ( 1.000000000000000000, -0.0000000000000000000, 0.0000000000000000000 ) ) ;
#5656 = ORIENTED_EDGE ( 'NONE', *, *, #4845, .F. ) ;
#5657 = VECTOR ( 'NONE', #6598, 1000.000000000000000 ) ;
#5658 = ORIENTED_EDGE ( 'NONE', *, *, #5127, .T. ) ;
#5659 = ORIENTED_EDGE ( 'NONE', *, *, #4387, .T. ) ;
#5660 = PLANE ( 'NONE',  #3354 ) ;
#5661 = EDGE_CURVE ( 'NONE', #339, #3100, #4448, .T. ) ;
#5662 = ORIENTED_EDGE ( 'NONE', *, *, #4823, .F. ) ;
#5663 = UNCERTAINTY_MEASURE_WITH_UNIT (LENGTH_MEASURE( 1.000000000000000082E-05 ), #3957, 'distance_accuracy_value', 'NONE');
#5664 = DIRECTION ( 'NONE',  ( -0.0000000000000000000, -1.000000000000000000, 0.0000000000000000000 ) ) ;
#5665 = DIRECTION ( 'NONE',  ( -0.0000000000000000000, -1.000000000000000000, -0.0000000000000000000 ) ) ;
#5666 = DIRECTION ( 'NONE',  ( 0.0000000000000000000, -1.000000000000000000, 0.0000000000000000000 ) ) ;
#5667 = CARTESIAN_POINT ( 'NONE',  ( 1.124999999999999778, 0.0000000000000000000, 0.0000000000000000000 ) ) ;
#5668 = ORIENTED_EDGE ( 'NONE', *, *, #3790, .F. ) ;
#5669 = DIRECTION ( 'NONE',  ( 0.0000000000000000000, -0.0000000000000000000, -1.000000000000000000 ) ) ;
#5670 = PLANE ( 'NONE',  #1649 ) ;
#5671 = VERTEX_POINT ( 'NONE', #7321 ) ;
#5672 = DIRECTION ( 'NONE',  ( 0.0000000000000000000, -0.0000000000000000000, -1.000000000000000000 ) ) ;
#5673 = VERTEX_POINT ( 'NONE', #6760 ) ;
#5674 = DIRECTION ( 'NONE',  ( -0.0000000000000000000, -1.000000000000000000, -0.0000000000000000000 ) ) ;
#5675 = ORIENTED_EDGE ( 'NONE', *, *, #4773, .F. ) ;
#5676 = CARTESIAN_POINT ( 'NONE',  ( 3.225000000000001421, -0.1000000000000000056, 1.125000000000002665 ) ) ;
#5677 = VECTOR ( 'NONE', #7375, 1000.000000000000000 ) ;
#5678 = CARTESIAN_POINT ( 'NONE',  ( 3.500000000000001332, -0.1000000000000000333, -0.8749999999999982236 ) ) ;
#5679 = CARTESIAN_POINT ( 'NONE',  ( 0.1250000000000027200, -0.1000000000000000056, -3.224999999999995204 ) ) ;
#5680 = EDGE_CURVE ( 'NONE', #7498, #7159, #365, .T. ) ;
#5681 = DIRECTION ( 'NONE',  ( 0.0000000000000000000, -0.0000000000000000000, -1.000000000000000000 ) ) ;
#5682 = ORIENTED_EDGE ( 'NONE', *, *, #2837, .T. ) ;
#5683 = AXIS2_PLACEMENT_3D ( 'NONE', #2230, #4547, #6855 ) ;
#5684 = DIRECTION ( 'NONE',  ( 1.000000000000000000, 0.0000000000000000000, -0.0000000000000000000 ) ) ;
#5685 = EDGE_CURVE ( 'NONE', #4858, #2308, #3317, .T. ) ;
#5686 = ORIENTED_EDGE ( 'NONE', *, *, #1544, .T. ) ;
#5687 = DIRECTION ( 'NONE',  ( 0.0000000000000000000, 0.0000000000000000000, 1.000000000000000000 ) ) ;
#5688 = CARTESIAN_POINT ( 'NONE',  ( 3.500000000000001332, -0.1000000000000000333, 0.3750000000000029976 ) ) ;
#5689 = ORIENTED_EDGE ( 'NONE', *, *, #6415, .T. ) ;
#5690 = CARTESIAN_POINT ( 'NONE',  ( -0.8750000000000002220, -0.1000000000000000056, 0.0000000000000000000 ) ) ;
#5691 = VERTEX_POINT ( 'NONE', #4951 ) ;
#5692 = DIRECTION ( 'NONE',  ( -0.0000000000000000000, -0.0000000000000000000, -1.000000000000000000 ) ) ;
#5693 = ORIENTED_EDGE ( 'NONE', *, *, #5033, .T. ) ;
#5694 = ORIENTED_EDGE ( 'NONE', *, *, #2341, .T. ) ;
#5695 = ORIENTED_EDGE ( 'NONE', *, *, #5740, .T. ) ;
#5696 = LINE ( 'NONE', #5283, #5744 ) ;
#5697 = DIRECTION ( 'NONE',  ( 1.000000000000000000, -0.0000000000000000000, 0.0000000000000000000 ) ) ;
#5698 = ORIENTED_EDGE ( 'NONE', *, *, #2060, .F. ) ;
#5699 = DIRECTION ( 'NONE',  ( 0.0000000000000000000, -1.000000000000000000, 0.0000000000000000000 ) ) ;
#5700 = VECTOR ( 'NONE', #4699, 1000.000000000000000 ) ;
#5701 = LINE ( 'NONE', #2860, #1985 ) ;
#5702 = CARTESIAN_POINT ( 'NONE',  ( 2.624999999999999112, -0.1000000000000000056, 3.225000000000000533 ) ) ;
#5703 = ORIENTED_EDGE ( 'NONE', *, *, #216, .F. ) ;
#5704 = DIRECTION ( 'NONE',  ( 1.000000000000000000, 0.0000000000000000000, -0.0000000000000000000 ) ) ;
#5705 = DIRECTION ( 'NONE',  ( 0.0000000000000000000, 0.0000000000000000000, 1.000000000000000000 ) ) ;
#5706 = ORIENTED_EDGE ( 'NONE', *, *, #5379, .T. ) ;
#5707 = EDGE_LOOP ( 'NONE', ( #1205, #3787, #1622, #432 ) ) ;
#5708 = DIRECTION ( 'NONE',  ( -0.0000000000000000000, 1.000000000000000000, 0.0000000000000000000 ) ) ;
#5709 = ORIENTED_EDGE ( 'NONE', *, *, #620, .F. ) ;
#5710 = VECTOR ( 'NONE', #6035, 1000.000000000000000 ) ;
#5711 = LINE ( 'NONE', #2261, #7189 ) ;
#5712 = LINE ( 'NONE', #6317, #7206 ) ;
#5713 = DIRECTION ( 'NONE',  ( 0.0000000000000000000, 1.000000000000000000, 0.0000000000000000000 ) ) ;
#5714 = STYLED_ITEM ( 'NONE', ( #4775 ), #5305 ) ;
#5715 = DIRECTION ( 'NONE',  ( 0.0000000000000000000, 0.0000000000000000000, -1.000000000000000000 ) ) ;
#5716 = ORIENTED_EDGE ( 'NONE', *, *, #4978, .T. ) ;
#5717 = VECTOR ( 'NONE', #834, 1000.000000000000000 ) ;
#5718 = PLANE ( 'NONE',  #1079 ) ;
#5719 = EDGE_CURVE ( 'NONE', #581, #3729, #1004, .T. ) ;
#5720 = EDGE_CURVE ( 'NONE', #2555, #5974, #5067, .T. ) ;
#5721 = DIRECTION ( 'NONE',  ( 0.0000000000000000000, 1.000000000000000000, 0.0000000000000000000 ) ) ;
#5722 = VECTOR ( 'NONE', #6722, 1000.000000000000000 ) ;
#5723 = ORIENTED_EDGE ( 'NONE', *, *, #5508, .F. ) ;
#5724 = DIRECTION ( 'NONE',  ( 0.0000000000000000000, 1.000000000000000000, 0.0000000000000000000 ) ) ;
#5725 = DIRECTION ( 'NONE',  ( -0.0000000000000000000, -1.000000000000000000, -0.0000000000000000000 ) ) ;
#5726 = CARTESIAN_POINT ( 'NONE',  ( -1.250000000000000222, -0.1000000000000000056, 3.225000000000000533 ) ) ;
#5727 = VERTEX_POINT ( 'NONE', #2089 ) ;
#5728 = CARTESIAN_POINT ( 'NONE',  ( -2.499999999999998224, 0.0000000000000000000, -2.749999999999999556 ) ) ;
#5729 = ORIENTED_EDGE ( 'NONE', *, *, #1684, .T. ) ;
#5730 = EDGE_CURVE ( 'NONE', #6352, #865, #5627, .T. ) ;
#5731 = ORIENTED_EDGE ( 'NONE', *, *, #4218, .T. ) ;
#5732 = MECHANICAL_DESIGN_GEOMETRIC_PRESENTATION_REPRESENTATION (  '', ( #3659 ), #2080 ) ;
#5733 = EDGE_CURVE ( 'NONE', #3992, #5649, #3424, .T. ) ;
#5734 = ORIENTED_EDGE ( 'NONE', *, *, #2450, .F. ) ;
#5735 = CIRCLE ( 'NONE', #377, 0.1249999999999992506 ) ;
#5736 = ORIENTED_EDGE ( 'NONE', *, *, #4114, .T. ) ;
#5737 = LINE ( 'NONE', #58, #2232 ) ;
#5738 = LINE ( 'NONE', #7469, #7340 ) ;
#5739 = ORIENTED_EDGE ( 'NONE', *, *, #7332, .F. ) ;
#5740 = EDGE_CURVE ( 'NONE', #6454, #865, #5597, .T. ) ;
#5741 =( GEOMETRIC_REPRESENTATION_CONTEXT ( 3 ) GLOBAL_UNCERTAINTY_ASSIGNED_CONTEXT ( ( #5956 ) ) GLOBAL_UNIT_ASSIGNED_CONTEXT ( ( #5618, #5059, #1580 ) ) REPRESENTATION_CONTEXT ( 'NONE', 'WORKASPACE' ) );
#5742 = CARTESIAN_POINT ( 'NONE',  ( 0.0000000000000000000, -0.1000000000000000056, 0.0000000000000000000 ) ) ;
#5743 = CARTESIAN_POINT ( 'NONE',  ( 0.0000000000000000000, -0.1000000000000000056, -0.6250000000000016653 ) ) ;
#5744 = VECTOR ( 'NONE', #2819, 1000.000000000000000 ) ;
#5745 = CARTESIAN_POINT ( 'NONE',  ( 0.0000000000000000000, -0.1000000000000000056, -0.8750000000000018874 ) ) ;
#5746 = CARTESIAN_POINT ( 'NONE',  ( 0.0000000000000000000, 0.0000000000000000000, 3.500000000000000888 ) ) ;
#5747 = EDGE_CURVE ( 'NONE', #1998, #1418, #2134, .T. ) ;
#5748 = ORIENTED_EDGE ( 'NONE', *, *, #943, .F. ) ;
#5749 = DIRECTION ( 'NONE',  ( 0.0000000000000000000, 0.0000000000000000000, 1.000000000000000000 ) ) ;
#5750 = EDGE_LOOP ( 'NONE', ( #2620, #2180, #1075, #2190 ) ) ;
#5751 = DIRECTION ( 'NONE',  ( 0.0000000000000000000, -1.000000000000000000, 0.0000000000000000000 ) ) ;
#5752 = DIRECTION ( 'NONE',  ( -1.000000000000000000, 0.0000000000000000000, 0.0000000000000000000 ) ) ;
#5753 = DIRECTION ( 'NONE',  ( 0.0000000000000000000, 0.0000000000000000000, 1.000000000000000000 ) ) ;
#5754 = CARTESIAN_POINT ( 'NONE',  ( -2.374999999999997335, 0.0000000000000000000, 0.0000000000000000000 ) ) ;
#5755 = FACE_OUTER_BOUND ( 'NONE', #1837, .T. ) ;
#5756 = EDGE_CURVE ( 'NONE', #743, #4828, #6943, .T. ) ;
#5757 = LINE ( 'NONE', #4004, #2251 ) ;
#5758 = AXIS2_PLACEMENT_3D ( 'NONE', #5742, #2290, #516 ) ;
#5759 = DIRECTION ( 'NONE',  ( -1.000000000000000000, 0.0000000000000000000, 0.0000000000000000000 ) ) ;
#5760 = CARTESIAN_POINT ( 'NONE',  ( 3.500000000000001332, 0.0000000000000000000, 0.3750000000000030531 ) ) ;
#5761 = CARTESIAN_POINT ( 'NONE',  ( 3.225000000000001421, -0.1000000000000000056, 2.875000000000002220 ) ) ;
#5762 = CARTESIAN_POINT ( 'NONE',  ( 3.500000000000000888, 0.0000000000000000000, 0.0000000000000000000 ) ) ;
#5763 = VERTEX_POINT ( 'NONE', #6076 ) ;
#5764 = CARTESIAN_POINT ( 'NONE',  ( 2.874999999999999556, -0.1000000000000000056, 3.225000000000000977 ) ) ;
#5765 = VERTEX_POINT ( 'NONE', #6195 ) ;
#5766 = ORIENTED_EDGE ( 'NONE', *, *, #4369, .F. ) ;
#5767 = CIRCLE ( 'NONE', #5875, 0.1250000000000001110 ) ;
#5768 = ORIENTED_EDGE ( 'NONE', *, *, #1145, .F. ) ;
#5769 = VECTOR ( 'NONE', #3658, 1000.000000000000000 ) ;
#5770 = ORIENTED_EDGE ( 'NONE', *, *, #1616, .T. ) ;
#5771 = FACE_OUTER_BOUND ( 'NONE', #635, .T. ) ;
#5772 = CARTESIAN_POINT ( 'NONE',  ( -3.499999999999999112, 1.000000000000000000, -3.499999999999999112 ) ) ;
#5773 = ORIENTED_EDGE ( 'NONE', *, *, #2013, .F. ) ;
#5774 = EDGE_CURVE ( 'NONE', #2733, #6767, #963, .T. ) ;
#5775 = LINE ( 'NONE', #4531, #5278 ) ;
#5776 = ORIENTED_EDGE ( 'NONE', *, *, #4145, .T. ) ;
#5777 = LINE ( 'NONE', #5745, #139 ) ;
#5778 = DIRECTION ( 'NONE',  ( -1.000000000000000000, -0.0000000000000000000, 0.0000000000000000000 ) ) ;
#5779 = ORIENTED_EDGE ( 'NONE', *, *, #6649, .T. ) ;
#5780 = ORIENTED_EDGE ( 'NONE', *, *, #2215, .F. ) ;
#5781 = FACE_OUTER_BOUND ( 'NONE', #2096, .T. ) ;
#5782 = AXIS2_PLACEMENT_3D ( 'NONE', #5866, #5832, #774 ) ;
#5783 = CARTESIAN_POINT ( 'NONE',  ( -3.224999999999998757, -0.1000000000000000056, 0.3749999999999983902 ) ) ;
#5784 = DIRECTION ( 'NONE',  ( 0.0000000000000000000, 0.0000000000000000000, 1.000000000000000000 ) ) ;
#5785 = EDGE_CURVE ( 'NONE', #71, #4428, #2751, .T. ) ;
#5786 = DIRECTION ( 'NONE',  ( 0.0000000000000000000, 0.0000000000000000000, 1.000000000000000000 ) ) ;
#5787 = CARTESIAN_POINT ( 'NONE',  ( 3.500000000000001332, -0.1000000000000000333, -1.374999999999998446 ) ) ;
#5788 = APPLICATION_PROTOCOL_DEFINITION ( 'draft international standard', 'automotive_design', 1998, #6887 ) ;
#5789 = DIRECTION ( 'NONE',  ( -0.0000000000000000000, 1.000000000000000000, 0.0000000000000000000 ) ) ;
#5790 = EDGE_LOOP ( 'NONE', ( #3670, #2545, #2770, #4708 ) ) ;
#5791 = CARTESIAN_POINT ( 'NONE',  ( -3.224999999999998757, 0.0000000000000000000, 0.7499999999999983347 ) ) ;
#5792 = EDGE_CURVE ( 'NONE', #865, #5091, #2172, .T. ) ;
#5793 = DIRECTION ( 'NONE',  ( 0.0000000000000000000, 0.0000000000000000000, 1.000000000000000000 ) ) ;
#5794 = CARTESIAN_POINT ( 'NONE',  ( 0.0000000000000000000, 0.0000000000000000000, -0.8750000000000018874 ) ) ;
#5795 = CARTESIAN_POINT ( 'NONE',  ( 0.7500000000000019984, -0.1000000000000000056, -3.224999999999995204 ) ) ;
#5796 = CIRCLE ( 'NONE', #4101, 0.1249999999999996808 ) ;
#5797 = ORIENTED_EDGE ( 'NONE', *, *, #65, .F. ) ;
#5798 = DIRECTION ( 'NONE',  ( 0.0000000000000000000, -0.0000000000000000000, -1.000000000000000000 ) ) ;
#5799 = ORIENTED_EDGE ( 'NONE', *, *, #2673, .T. ) ;
#5800 = DIRECTION ( 'NONE',  ( 0.0000000000000000000, -1.000000000000000000, -0.0000000000000000000 ) ) ;
#5801 = ORIENTED_EDGE ( 'NONE', *, *, #2992, .F. ) ;
#5802 = CIRCLE ( 'NONE', #3255, 0.2500000000000002220 ) ;
#5803 = ORIENTED_EDGE ( 'NONE', *, *, #5, .T. ) ;
#5804 = ORIENTED_EDGE ( 'NONE', *, *, #1624, .F. ) ;
#5805 = ORIENTED_EDGE ( 'NONE', *, *, #2326, .F. ) ;
#5806 = CARTESIAN_POINT ( 'NONE',  ( -3.224999999999998757, 0.0000000000000000000, 0.1249999999999981543 ) ) ;
#5807 = LINE ( 'NONE', #438, #650 ) ;
#5808 = PLANE ( 'NONE',  #2654 ) ;
#5809 = EDGE_CURVE ( 'NONE', #2614, #6806, #5102, .T. ) ;
#5810 = DIRECTION ( 'NONE',  ( 1.000000000000000000, 0.0000000000000000000, -0.0000000000000000000 ) ) ;
#5811 = ADVANCED_FACE ( 'NONE', ( #2638 ), #2928, .T. ) ;
#5812 = EDGE_CURVE ( 'NONE', #7179, #6342, #7047, .T. ) ;
#5813 = DIRECTION ( 'NONE',  ( -1.000000000000000000, -0.0000000000000000000, -0.0000000000000000000 ) ) ;
#5814 = ORIENTED_EDGE ( 'NONE', *, *, #3987, .T. ) ;
#5815 = DIRECTION ( 'NONE',  ( -0.0000000000000000000, -1.000000000000000000, -0.0000000000000000000 ) ) ;
#5816 = DIRECTION ( 'NONE',  ( 0.0000000000000000000, -0.0000000000000000000, -1.000000000000000000 ) ) ;
#5817 = ORIENTED_EDGE ( 'NONE', *, *, #5269, .T. ) ;
#5818 = LINE ( 'NONE', #6507, #3524 ) ;
#5819 = EDGE_LOOP ( 'NONE', ( #4519, #5107, #180, #343 ) ) ;
#5820 = CARTESIAN_POINT ( 'NONE',  ( 3.225000000000001421, 0.0000000000000000000, -0.8749999999999972244 ) ) ;
#5821 = DIRECTION ( 'NONE',  ( 1.000000000000000000, 0.0000000000000000000, -0.0000000000000000000 ) ) ;
#5822 = AXIS2_PLACEMENT_3D ( 'NONE', #5554, #3845, #3694 ) ;
#5823 = CARTESIAN_POINT ( 'NONE',  ( -3.224999999999998757, -0.1000000000000000056, 1.374999999999998446 ) ) ;
#5824 = CARTESIAN_POINT ( 'NONE',  ( 2.624999999999999556, -0.1000000000000000056, 3.500000000000000888 ) ) ;
#5825 = LINE ( 'NONE', #36, #3731 ) ;
#5826 = EDGE_LOOP ( 'NONE', ( #1736, #7367, #330, #3939 ) ) ;
#5827 = VECTOR ( 'NONE', #6646, 1000.000000000000000 ) ;
#5828 = EDGE_CURVE ( 'NONE', #3348, #4972, #7407, .T. ) ;
#5829 = CARTESIAN_POINT ( 'NONE',  ( 0.0000000000000000000, 0.0000000000000000000, -1.125000000000001554 ) ) ;
#5830 = AXIS2_PLACEMENT_3D ( 'NONE', #643, #3449, #5793 ) ;
#5831 = CARTESIAN_POINT ( 'NONE',  ( -0.2499999999999980571, 0.0000000000000000000, -3.224999999999995204 ) ) ;
#5832 = DIRECTION ( 'NONE',  ( -0.0000000000000000000, -1.000000000000000000, -0.0000000000000000000 ) ) ;
#5833 = ORIENTED_EDGE ( 'NONE', *, *, #5828, .T. ) ;
#5834 = CARTESIAN_POINT ( 'NONE',  ( -0.2500000000000002220, 0.0000000000000000000, 3.225000000000000533 ) ) ;
#5835 = EDGE_CURVE ( 'NONE', #5027, #2965, #1844, .T. ) ;
#5836 = VECTOR ( 'NONE', #4055, 1000.000000000000000 ) ;
#5837 = ORIENTED_EDGE ( 'NONE', *, *, #1956, .F. ) ;
#5838 = DIRECTION ( 'NONE',  ( -0.0000000000000000000, -1.000000000000000000, -0.0000000000000000000 ) ) ;
#5839 = VERTEX_POINT ( 'NONE', #3008 ) ;
#5840 = DIRECTION ( 'NONE',  ( 0.0000000000000000000, 1.000000000000000000, 0.0000000000000000000 ) ) ;
#5841 = AXIS2_PLACEMENT_3D ( 'NONE', #1252, #6626, #3661 ) ;
#5842 = PLANE ( 'NONE',  #4930 ) ;
#5843 = ORIENTED_EDGE ( 'NONE', *, *, #630, .T. ) ;
#5844 = CARTESIAN_POINT ( 'NONE',  ( -3.224999999999998757, -0.1000000000000000056, 2.874999999999998224 ) ) ;
#5845 = EDGE_CURVE ( 'NONE', #6465, #1919, #5939, .T. ) ;
#5846 = AXIS2_PLACEMENT_3D ( 'NONE', #3096, #809, #1864 ) ;
#5847 = LINE ( 'NONE', #7226, #3346 ) ;
#5848 = CARTESIAN_POINT ( 'NONE',  ( -3.224999999999998757, 0.0000000000000000000, 1.249999999999998224 ) ) ;
#5849 = ORIENTED_EDGE ( 'NONE', *, *, #6751, .T. ) ;
#5850 = LINE ( 'NONE', #4648, #3319 ) ;
#5851 = DIRECTION ( 'NONE',  ( -1.000000000000000000, 0.0000000000000000000, -0.0000000000000000000 ) ) ;
#5852 = EDGE_LOOP ( 'NONE', ( #720, #6606, #309, #2436 ) ) ;
#5853 = AXIS2_PLACEMENT_3D ( 'NONE', #4490, #6804, #2792 ) ;
#5854 = ADVANCED_FACE ( 'NONE', ( #5281 ), #2365, .F. ) ;
#5855 = CARTESIAN_POINT ( 'NONE',  ( -3.499999999999999112, 1.000000000000000000, -3.499999999999999112 ) ) ;
#5856 = DIRECTION ( 'NONE',  ( -0.0000000000000000000, -1.000000000000000000, -0.0000000000000000000 ) ) ;
#5857 = PRESENTATION_LAYER_ASSIGNMENT (  '', '', ( #6467 ) ) ;
#5858 = DIRECTION ( 'NONE',  ( -1.577021341797097215E-15, 0.0000000000000000000, -1.000000000000000000 ) ) ;
#5859 = ORIENTED_EDGE ( 'NONE', *, *, #2098, .T. ) ;
#5860 = CARTESIAN_POINT ( 'NONE',  ( 0.0000000000000000000, 0.0000000000000000000, -3.499999999999999112 ) ) ;
#5861 = LINE ( 'NONE', #148, #570 ) ;
#5862 = ORIENTED_EDGE ( 'NONE', *, *, #1457, .T. ) ;
#5863 = FACE_OUTER_BOUND ( 'NONE', #3569, .T. ) ;
#5864 = CARTESIAN_POINT ( 'NONE',  ( 3.225000000000001421, 0.0000000000000000000, -0.1249999999999978351 ) ) ;
#5865 = CARTESIAN_POINT ( 'NONE',  ( -3.499999999999999112, 1.000000000000000000, -2.625000000000001332 ) ) ;
#5866 = CARTESIAN_POINT ( 'NONE',  ( -3.224999999999998757, 0.0000000000000000000, -0.2500000000000017208 ) ) ;
#5867 = ORIENTED_EDGE ( 'NONE', *, *, #1130, .F. ) ;
#5868 = ORIENTED_EDGE ( 'NONE', *, *, #4533, .T. ) ;
#5869 = AXIS2_PLACEMENT_3D ( 'NONE', #5368, #2458, #1860 ) ;
#5870 = ORIENTED_EDGE ( 'NONE', *, *, #1954, .F. ) ;
#5871 = DIRECTION ( 'NONE',  ( -1.000000000000000000, 0.0000000000000000000, 0.0000000000000000000 ) ) ;
#5872 = EDGE_CURVE ( 'NONE', #3037, #2027, #7282, .T. ) ;
#5873 = ORIENTED_EDGE ( 'NONE', *, *, #5457, .T. ) ;
#5874 = LINE ( 'NONE', #6456, #6260 ) ;
#5875 = AXIS2_PLACEMENT_3D ( 'NONE', #6173, #7379, #5006 ) ;
#5876 = ORIENTED_EDGE ( 'NONE', *, *, #6485, .T. ) ;
#5877 = DIRECTION ( 'NONE',  ( 0.0000000000000000000, -1.000000000000000000, -0.0000000000000000000 ) ) ;
#5878 = VECTOR ( 'NONE', #3770, 1000.000000000000000 ) ;
#5879 = CARTESIAN_POINT ( 'NONE',  ( -3.224999999999998757, 0.0000000000000000000, 1.624999999999998224 ) ) ;
#5880 = FACE_OUTER_BOUND ( 'NONE', #435, .T. ) ;
#5881 = CARTESIAN_POINT ( 'NONE',  ( -0.6250000000000002220, -0.1000000000000000056, 3.225000000000000533 ) ) ;
#5882 = LINE ( 'NONE', #1275, #5405 ) ;
#5883 = VERTEX_POINT ( 'NONE', #1223 ) ;
#5884 = AXIS2_PLACEMENT_3D ( 'NONE', #6874, #5697, #5247 ) ;
#5885 = AXIS2_PLACEMENT_3D ( 'NONE', #6155, #1432, #923 ) ;
#5886 = CARTESIAN_POINT ( 'NONE',  ( 3.548298019043471889E-15, 0.0000000000000000000, -1.125000000000008216 ) ) ;
#5887 = CARTESIAN_POINT ( 'NONE',  ( -2.875000000000000444, -0.1000000000000000056, 3.225000000000000533 ) ) ;
#5888 = SURFACE_SIDE_STYLE ('',( #109 ) ) ;
#5889 = ADVANCED_FACE ( 'NONE', ( #1806 ), #3568, .T. ) ;
#5890 = ORIENTED_EDGE ( 'NONE', *, *, #6659, .F. ) ;
#5891 = CARTESIAN_POINT ( 'NONE',  ( -1.875000000000000666, -0.1000000000000000056, 3.225000000000000533 ) ) ;
#5892 = CARTESIAN_POINT ( 'NONE',  ( -0.8749999999999973355, 0.0000000000000000000, -3.224999999999995204 ) ) ;
#5893 = ORIENTED_EDGE ( 'NONE', *, *, #374, .F. ) ;
#5894 = DIRECTION ( 'NONE',  ( -0.7071067811865482389, 0.0000000000000000000, 0.7071067811865469066 ) ) ;
#5895 = EDGE_CURVE ( 'NONE', #3165, #2920, #1734, .T. ) ;
#5896 = CARTESIAN_POINT ( 'NONE',  ( -1.875000000000000666, 0.0000000000000000000, 3.225000000000000533 ) ) ;
#5897 = ADVANCED_FACE ( 'NONE', ( #6380 ), #6980, .T. ) ;
#5898 = DIRECTION ( 'NONE',  ( 0.0000000000000000000, 0.0000000000000000000, 1.000000000000000000 ) ) ;
#5899 = EDGE_CURVE ( 'NONE', #1573, #605, #1259, .T. ) ;
#5900 = SURFACE_STYLE_USAGE ( .BOTH. , #3033 ) ;
#5901 = CARTESIAN_POINT ( 'NONE',  ( 0.0000000000000000000, -0.1000000000000000056, -2.375000000000002220 ) ) ;
#5902 = CARTESIAN_POINT ( 'NONE',  ( -3.499999999999999112, -0.1000000000000000333, -2.625000000000000888 ) ) ;
#5903 = ORIENTED_EDGE ( 'NONE', *, *, #1807, .F. ) ;
#5904 = ORIENTED_EDGE ( 'NONE', *, *, #2550, .F. ) ;
#5905 = EDGE_CURVE ( 'NONE', #1066, #522, #2478, .T. ) ;
#5906 = VECTOR ( 'NONE', #6627, 1000.000000000000000 ) ;
#5907 = ORIENTED_EDGE ( 'NONE', *, *, #1335, .T. ) ;
#5908 = DIRECTION ( 'NONE',  ( -0.0000000000000000000, -1.000000000000000000, -0.0000000000000000000 ) ) ;
#5909 = CARTESIAN_POINT ( 'NONE',  ( 0.0000000000000000000, -0.1000000000000000056, -2.874999999999997335 ) ) ;
#5910 = DIRECTION ( 'NONE',  ( 0.0000000000000000000, 1.000000000000000000, -0.0000000000000000000 ) ) ;
#5911 = ORIENTED_EDGE ( 'NONE', *, *, #5719, .T. ) ;
#5912 = VECTOR ( 'NONE', #2969, 1000.000000000000000 ) ;
#5913 = EDGE_CURVE ( 'NONE', #2164, #4379, #4281, .T. ) ;
#5914 = ADVANCED_FACE ( 'NONE', ( #233 ), #2656, .T. ) ;
#5915 = CARTESIAN_POINT ( 'NONE',  ( -2.125000000000000000, 0.0000000000000000000, 0.0000000000000000000 ) ) ;
#5916 = DIRECTION ( 'NONE',  ( 0.0000000000000000000, 0.0000000000000000000, 1.000000000000000000 ) ) ;
#5917 = FACE_OUTER_BOUND ( 'NONE', #3638, .T. ) ;
#5918 = CARTESIAN_POINT ( 'NONE',  ( 1.250000000000001998, -0.1000000000000000056, -3.224999999999995204 ) ) ;
#5919 = ORIENTED_EDGE ( 'NONE', *, *, #1954, .T. ) ;
#5920 = DIRECTION ( 'NONE',  ( -1.000000000000000000, -0.0000000000000000000, 0.0000000000000000000 ) ) ;
#5921 = EDGE_CURVE ( 'NONE', #3399, #5673, #3176, .T. ) ;
#5922 = DIRECTION ( 'NONE',  ( 0.0000000000000000000, -0.0000000000000000000, -1.000000000000000000 ) ) ;
#5923 = LINE ( 'NONE', #4766, #1260 ) ;
#5924 = DIRECTION ( 'NONE',  ( 0.0000000000000000000, 1.000000000000000000, 0.0000000000000000000 ) ) ;
#5925 = EDGE_LOOP ( 'NONE', ( #6904, #138, #3563, #3468, #5032, #6958, #569, #162, #754, #7012, #6496, #7122, #7516, #7416, #4272, #5801, #89, #4647, #173, #1887, #4785, #2968, #6938, #114, #6100, #5280, #6145, #2257, #3318, #6979, #1055, #6718, #5532, #2956, #6363, #2791, #462, #6868, #3892, #34, #2268, #2243, #2866, #5472, #5570, #5610, #4912, #4850, #3247, #6863, #2698, #5384, #3701, #7068, #3793, #4480, #5207, #1988, #1708, #252, #2906, #1286, #6665, #4926, #5427, #6005, #1611, #2159, #4247, #6742, #4867, #4882, #3656, #1794, #3225, #4189, #7262, #1529, #4919, #2578, #6143, #4332, #3984, #3003, #3269, #1030, #2795, #2020, #3506, #6871, #7389, #5152, #2070, #5201, #2283, #4211, #6453, #3219, #2076, #2812, #1656, #1571, #1224, #3738, #2624, #3995, #1325, #4002, #7403, #847, #5773, #6762, #1904, #5484, #2416, #5144, #5668, #5797, #1696, #3862, #2241, #4854, #5375, #232, #2893, #2214, #2116, #1449, #4513, #787, #549, #2239, #1405, #3959, #7079, #5133, #6312, #6882, #5441, #7049, #6875, #1694, #185, #5698, #5945, #4941, #4018, #3473, #5352, #2198, #6046, #1086, #6384, #4222, #4506, #653, #4953, #485, #5768, #2318, #3977, #4095, #5709, #3341, #2247, #2870, #6054, #5045, #5425, #7266, #557, #6866, #3241, #446, #1307, #7504, #2590, #6971, #467, #5694, #5094, #2295, #6620, #576, #6158, #5128, #2440, #6896, #5109, #6174, #1668, #5073, #5210, #552, #5518, #5729, #2832, #4169, #1590, #4048, #1617, #950, #3054, #1301, #1046, #459, #7497, #5600 ) ) ;
#5926 = FACE_OUTER_BOUND ( 'NONE', #1381, .T. ) ;
#5927 = CARTESIAN_POINT ( 'NONE',  ( 0.6250000000000000000, -0.1000000000000000333, 3.500000000000000888 ) ) ;
#5928 = ORIENTED_EDGE ( 'NONE', *, *, #7108, .F. ) ;
#5929 = ORIENTED_EDGE ( 'NONE', *, *, #6079, .T. ) ;
#5930 = DIRECTION ( 'NONE',  ( -0.0000000000000000000, -1.000000000000000000, -0.0000000000000000000 ) ) ;
#5931 = DIRECTION ( 'NONE',  ( 0.0000000000000000000, 0.0000000000000000000, -1.000000000000000000 ) ) ;
#5932 = ORIENTED_EDGE ( 'NONE', *, *, #1385, .T. ) ;
#5933 = VECTOR ( 'NONE', #7180, 1000.000000000000000 ) ;
#5934 = EDGE_LOOP ( 'NONE', ( #19, #2038, #4011, #1960 ) ) ;
#5935 = ORIENTED_EDGE ( 'NONE', *, *, #4369, .T. ) ;
#5936 = EDGE_CURVE ( 'NONE', #6532, #6905, #836, .T. ) ;
#5937 = AXIS2_PLACEMENT_3D ( 'NONE', #177, #284, #2560 ) ;
#5938 = VERTEX_POINT ( 'NONE', #1490 ) ;
#5939 = LINE ( 'NONE', #5385, #2944 ) ;
#5940 = VERTEX_POINT ( 'NONE', #2032 ) ;
#5941 = VERTEX_POINT ( 'NONE', #3706 ) ;
#5942 = EDGE_CURVE ( 'NONE', #199, #4238, #2549, .T. ) ;
#5943 = LINE ( 'NONE', #619, #62 ) ;
#5944 = CARTESIAN_POINT ( 'NONE',  ( -2.874999999999997335, 0.0000000000000000000, -3.224999999999995204 ) ) ;
#5945 = ORIENTED_EDGE ( 'NONE', *, *, #7026, .T. ) ;
#5946 = AXIS2_PLACEMENT_3D ( 'NONE', #4458, #3331, #5639 ) ;
#5947 = EDGE_CURVE ( 'NONE', #2762, #4069, #4263, .T. ) ;
#5948 = LINE ( 'NONE', #1271, #5040 ) ;
#5949 = CARTESIAN_POINT ( 'NONE',  ( -3.224999999999998757, -0.1000000000000000056, 2.249999999999998668 ) ) ;
#5950 = VECTOR ( 'NONE', #4932, 1000.000000000000000 ) ;
#5951 = ORIENTED_EDGE ( 'NONE', *, *, #374, .T. ) ;
#5952 = FACE_OUTER_BOUND ( 'NONE', #2658, .T. ) ;
#5953 = DIRECTION ( 'NONE',  ( 0.0000000000000000000, 0.0000000000000000000, 1.000000000000000000 ) ) ;
#5954 = EDGE_CURVE ( 'NONE', #6629, #3875, #1375, .T. ) ;
#5955 = ORIENTED_EDGE ( 'NONE', *, *, #4948, .F. ) ;
#5956 = UNCERTAINTY_MEASURE_WITH_UNIT (LENGTH_MEASURE( 1.000000000000000082E-05 ), #5618, 'distance_accuracy_value', 'NONE');
#5957 = CARTESIAN_POINT ( 'NONE',  ( 3.225000000000001421, 0.0000000000000000000, -0.2499999999999990286 ) ) ;
#5958 = AXIS2_PLACEMENT_3D ( 'NONE', #5459, #4894, #2619 ) ;
#5959 = LINE ( 'NONE', #737, #759 ) ;
#5960 =( NAMED_UNIT ( * ) PLANE_ANGLE_UNIT ( ) SI_UNIT ( $, .RADIAN. ) );
#5961 = EDGE_LOOP ( 'NONE', ( #439, #6324, #3046, #465 ) ) ;
#5962 = VECTOR ( 'NONE', #6547, 1000.000000000000000 ) ;
#5963 = EDGE_CURVE ( 'NONE', #6240, #5027, #1990, .T. ) ;
#5964 = DIRECTION ( 'NONE',  ( -0.0000000000000000000, -0.0000000000000000000, -1.000000000000000000 ) ) ;
#5965 = ORIENTED_EDGE ( 'NONE', *, *, #717, .T. ) ;
#5966 = ORIENTED_EDGE ( 'NONE', *, *, #354, .F. ) ;
#5967 = VECTOR ( 'NONE', #5362, 1000.000000000000000 ) ;
#5968 = FACE_OUTER_BOUND ( 'NONE', #4631, .T. ) ;
#5969 = CARTESIAN_POINT ( 'NONE',  ( 3.225000000000001421, -0.1000000000000000056, 2.250000000000001776 ) ) ;
#5970 = EDGE_CURVE ( 'NONE', #614, #7150, #1212, .T. ) ;
#5971 = ORIENTED_EDGE ( 'NONE', *, *, #2400, .F. ) ;
#5972 = PRESENTATION_LAYER_ASSIGNMENT (  '', '', ( #4406 ) ) ;
#5973 = DIRECTION ( 'NONE',  ( 0.0000000000000000000, 1.000000000000000000, 0.0000000000000000000 ) ) ;
#5974 = VERTEX_POINT ( 'NONE', #7190 ) ;
#5975 = ORIENTED_EDGE ( 'NONE', *, *, #2057, .T. ) ;
#5976 = CARTESIAN_POINT ( 'NONE',  ( 1.750000000000001998, 0.0000000000000000000, -3.224999999999995204 ) ) ;
#5977 = EDGE_CURVE ( 'NONE', #793, #1131, #751, .T. ) ;
#5978 = EDGE_CURVE ( 'NONE', #3100, #987, #4319, .T. ) ;
#5979 = EDGE_LOOP ( 'NONE', ( #4832, #906, #3902, #4689 ) ) ;
#5980 =( LENGTH_UNIT ( ) NAMED_UNIT ( * ) SI_UNIT ( .MILLI., .METRE. ) );
#5981 = FACE_OUTER_BOUND ( 'NONE', #6379, .T. ) ;
#5982 = VERTEX_POINT ( 'NONE', #1920 ) ;
#5983 = DIRECTION ( 'NONE',  ( 0.0000000000000000000, 0.0000000000000000000, 1.000000000000000000 ) ) ;
#5984 = ORIENTED_EDGE ( 'NONE', *, *, #4636, .T. ) ;
#5985 = VECTOR ( 'NONE', #2635, 1000.000000000000000 ) ;
#5986 = EDGE_CURVE ( 'NONE', #4523, #4806, #6455, .T. ) ;
#5987 = DIRECTION ( 'NONE',  ( 0.0000000000000000000, 0.0000000000000000000, 1.000000000000000000 ) ) ;
#5988 = AXIS2_PLACEMENT_3D ( 'NONE', #2882, #3448, #3519 ) ;
#5989 = EDGE_CURVE ( 'NONE', #312, #7270, #493, .T. ) ;
#5990 = ORIENTED_EDGE ( 'NONE', *, *, #2996, .T. ) ;
#5991 = LINE ( 'NONE', #5433, #848 ) ;
#5992 = CARTESIAN_POINT ( 'NONE',  ( 0.0000000000000000000, -0.1000000000000000056, 0.3749999999999983902 ) ) ;
#5993 = ORIENTED_EDGE ( 'NONE', *, *, #4588, .T. ) ;
#5994 = CARTESIAN_POINT ( 'NONE',  ( -1.249999999999998002, -0.1000000000000000056, -3.224999999999995204 ) ) ;
#5995 = CIRCLE ( 'NONE', #1754, 0.1250000000000001110 ) ;
#5996 = EDGE_CURVE ( 'NONE', #6042, #2614, #866, .T. ) ;
#5997 = CARTESIAN_POINT ( 'NONE',  ( -1.125000000000000666, 1.000000000000000000, 3.500000000000000888 ) ) ;
#5998 = FILL_AREA_STYLE_COLOUR ( '', #5474 ) ;
#5999 = EDGE_CURVE ( 'NONE', #3117, #683, #827, .T. ) ;
#6000 = VERTEX_POINT ( 'NONE', #3185 ) ;
#6001 = VECTOR ( 'NONE', #841, 1000.000000000000000 ) ;
#6002 = CARTESIAN_POINT ( 'NONE',  ( 2.250000000000001776, 0.0000000000000000000, -3.224999999999995204 ) ) ;
#6003 = VECTOR ( 'NONE', #7245, 1000.000000000000000 ) ;
#6004 = DIRECTION ( 'NONE',  ( -1.000000000000000000, 0.0000000000000000000, -0.0000000000000000000 ) ) ;
#6005 = ORIENTED_EDGE ( 'NONE', *, *, #460, .T. ) ;
#6006 = CARTESIAN_POINT ( 'NONE',  ( -3.499999999999999112, -0.1000000000000000472, -3.499999999999999112 ) ) ;
#6007 = ORIENTED_EDGE ( 'NONE', *, *, #6179, .F. ) ;
#6008 = AXIS2_PLACEMENT_3D ( 'NONE', #6177, #310, #3151 ) ;
#6009 = CIRCLE ( 'NONE', #767, 0.1250000000000001110 ) ;
#6010 = EDGE_CURVE ( 'NONE', #2879, #3099, #5530, .T. ) ;
#6011 = CARTESIAN_POINT ( 'NONE',  ( 2.874999999999999556, -0.1000000000000000056, 3.225000000000000533 ) ) ;
#6012 = CARTESIAN_POINT ( 'NONE',  ( -3.499999999999998224, 1.000000000000000000, 3.500000000000000888 ) ) ;
#6013 = LINE ( 'NONE', #2025, #5367 ) ;
#6014 = VERTEX_POINT ( 'NONE', #5760 ) ;
#6015 = CARTESIAN_POINT ( 'NONE',  ( 1.250000000000001998, 0.0000000000000000000, -3.099999999999996092 ) ) ;
#6016 = VECTOR ( 'NONE', #29, 1000.000000000000000 ) ;
#6017 = VERTEX_POINT ( 'NONE', #2273 ) ;
#6018 = EDGE_CURVE ( 'NONE', #4120, #1531, #1685, .T. ) ;
#6019 = ORIENTED_EDGE ( 'NONE', *, *, #7188, .T. ) ;
#6020 = CARTESIAN_POINT ( 'NONE',  ( 0.0000000000000000000, 0.0000000000000000000, -3.499999999999999112 ) ) ;
#6021 = DIRECTION ( 'NONE',  ( -0.0000000000000000000, -1.000000000000000000, -0.0000000000000000000 ) ) ;
#6022 = ORIENTED_EDGE ( 'NONE', *, *, #324, .F. ) ;
#6023 = ORIENTED_EDGE ( 'NONE', *, *, #2336, .T. ) ;
#6024 = CARTESIAN_POINT ( 'NONE',  ( 3.225000000000001421, -0.1000000000000000056, -1.249999999999998890 ) ) ;
#6025 = LINE ( 'NONE', #2554, #5339 ) ;
#6026 = ORIENTED_EDGE ( 'NONE', *, *, #1740, .F. ) ;
#6027 = ADVANCED_FACE ( 'NONE', ( #4470 ), #2112, .F. ) ;
#6028 = VECTOR ( 'NONE', #6486, 1000.000000000000000 ) ;
#6029 = DIRECTION ( 'NONE',  ( -0.0000000000000000000, -1.000000000000000000, -0.0000000000000000000 ) ) ;
#6030 = ORIENTED_EDGE ( 'NONE', *, *, #4288, .F. ) ;
#6031 = LINE ( 'NONE', #2003, #7062 ) ;
#6032 = CARTESIAN_POINT ( 'NONE',  ( 0.7499999999999997780, -0.1000000000000000056, 3.225000000000000533 ) ) ;
#6033 = VERTEX_POINT ( 'NONE', #3857 ) ;
#6034 = AXIS2_PLACEMENT_3D ( 'NONE', #2759, #3923, #23 ) ;
#6035 = DIRECTION ( 'NONE',  ( 0.0000000000000000000, 1.000000000000000000, -0.0000000000000000000 ) ) ;
#6036 = ADVANCED_FACE ( 'NONE', ( #4007 ), #3295, .T. ) ;
#6037 = EDGE_CURVE ( 'NONE', #6307, #1262, #15, .T. ) ;
#6038 = LINE ( 'NONE', #806, #5155 ) ;
#6039 = VECTOR ( 'NONE', #5248, 1000.000000000000000 ) ;
#6040 = CARTESIAN_POINT ( 'NONE',  ( 3.500000000000000888, -0.1000000000000000472, -3.499999999999999112 ) ) ;
#6041 = CARTESIAN_POINT ( 'NONE',  ( -0.1249999999999988065, -0.1000000000000000333, -3.499999999999999112 ) ) ;
#6042 = VERTEX_POINT ( 'NONE', #3973 ) ;
#6043 = CARTESIAN_POINT ( 'NONE',  ( -3.224999999999998757, 0.0000000000000000000, 2.249999999999998668 ) ) ;
#6044 = DIRECTION ( 'NONE',  ( 0.0000000000000000000, -1.000000000000000000, 0.0000000000000000000 ) ) ;
#6045 = DIRECTION ( 'NONE',  ( 0.0000000000000000000, 0.0000000000000000000, 1.000000000000000000 ) ) ;
#6046 = ORIENTED_EDGE ( 'NONE', *, *, #1360, .F. ) ;
#6047 = VERTEX_POINT ( 'NONE', #4429 ) ;
#6048 = EDGE_CURVE ( 'NONE', #5628, #194, #1568, .T. ) ;
#6049 = DIRECTION ( 'NONE',  ( 0.0000000000000000000, 0.0000000000000000000, 1.000000000000000000 ) ) ;
#6050 = FACE_OUTER_BOUND ( 'NONE', #7240, .T. ) ;
#6051 = CARTESIAN_POINT ( 'NONE',  ( 2.625000000000002665, 0.0000000000000000000, -3.224999999999995204 ) ) ;
#6052 = DIRECTION ( 'NONE',  ( -0.0000000000000000000, -1.000000000000000000, -0.0000000000000000000 ) ) ;
#6053 = EDGE_CURVE ( 'NONE', #1690, #6417, #427, .T. ) ;
#6054 = ORIENTED_EDGE ( 'NONE', *, *, #5274, .F. ) ;
#6055 = DIRECTION ( 'NONE',  ( 0.0000000000000000000, 1.000000000000000000, -0.0000000000000000000 ) ) ;
#6056 = AXIS2_PLACEMENT_3D ( 'NONE', #2924, #1146, #13 ) ;
#6057 = VERTEX_POINT ( 'NONE', #5086 ) ;
#6058 = AXIS2_PLACEMENT_3D ( 'NONE', #3171, #3802, #1516 ) ;
#6059 = DIRECTION ( 'NONE',  ( -0.0000000000000000000, -0.0000000000000000000, 1.000000000000000000 ) ) ;
#6060 = DIRECTION ( 'NONE',  ( -0.0000000000000000000, -0.0000000000000000000, -1.000000000000000000 ) ) ;
#6061 = ORIENTED_EDGE ( 'NONE', *, *, #3979, .T. ) ;
#6062 = ORIENTED_EDGE ( 'NONE', *, *, #2867, .F. ) ;
#6063 = DIRECTION ( 'NONE',  ( -0.0000000000000000000, 0.0000000000000000000, -1.000000000000000000 ) ) ;
#6064 = ORIENTED_EDGE ( 'NONE', *, *, #515, .T. ) ;
#6065 = CARTESIAN_POINT ( 'NONE',  ( 1.625000000000002665, 0.0000000000000000000, 0.0000000000000000000 ) ) ;
#6066 = AXIS2_PLACEMENT_3D ( 'NONE', #7229, #4357, #6670 ) ;
#6067 = LINE ( 'NONE', #6752, #5179 ) ;
#6068 = VECTOR ( 'NONE', #3887, 1000.000000000000000 ) ;
#6069 = CARTESIAN_POINT ( 'NONE',  ( -2.125000000000000000, -0.1000000000000000056, 0.0000000000000000000 ) ) ;
#6070 = AXIS2_PLACEMENT_3D ( 'NONE', #7352, #4435, #1458 ) ;
#6071 = ORIENTED_EDGE ( 'NONE', *, *, #3889, .T. ) ;
#6072 = CARTESIAN_POINT ( 'NONE',  ( 3.500000000000001332, 0.0000000000000000000, 1.625000000000001776 ) ) ;
#6073 = VECTOR ( 'NONE', #287, 1000.000000000000000 ) ;
#6074 = DIRECTION ( 'NONE',  ( -0.0000000000000000000, 0.0000000000000000000, 1.000000000000000000 ) ) ;
#6075 = LINE ( 'NONE', #5625, #652 ) ;
#6076 = CARTESIAN_POINT ( 'NONE',  ( 2.375000000000001332, 0.0000000000000000000, -3.224999999999995204 ) ) ;
#6077 = ORIENTED_EDGE ( 'NONE', *, *, #187, .F. ) ;
#6078 = LINE ( 'NONE', #5373, #6217 ) ;
#6079 = EDGE_CURVE ( 'NONE', #6262, #5318, #7380, .T. ) ;
#6080 = AXIS2_PLACEMENT_3D ( 'NONE', #574, #2470, #5342 ) ;
#6081 = DIRECTION ( 'NONE',  ( 0.0000000000000000000, 0.0000000000000000000, 1.000000000000000000 ) ) ;
#6082 = ORIENTED_EDGE ( 'NONE', *, *, #3329, .F. ) ;
#6083 = PLANE ( 'NONE',  #4367 ) ;
#6084 = ORIENTED_EDGE ( 'NONE', *, *, #100, .F. ) ;
#6085 = CARTESIAN_POINT ( 'NONE',  ( -0.1249999999999988065, -0.1000000000000000056, -3.224999999999995204 ) ) ;
#6086 = DIRECTION ( 'NONE',  ( 1.000000000000000000, -0.0000000000000000000, 0.0000000000000000000 ) ) ;
#6087 = AXIS2_PLACEMENT_3D ( 'NONE', #6120, #5629, #3798 ) ;
#6088 = LINE ( 'NONE', #5380, #3649 ) ;
#6089 = DIRECTION ( 'NONE',  ( 0.0000000000000000000, -1.000000000000000000, 0.0000000000000000000 ) ) ;
#6090 = ADVANCED_FACE ( 'NONE', ( #3940 ), #4510, .F. ) ;
#6091 = DIRECTION ( 'NONE',  ( 0.0000000000000000000, 0.0000000000000000000, 1.000000000000000000 ) ) ;
#6092 = EDGE_LOOP ( 'NONE', ( #7441, #7234, #6872, #1031 ) ) ;
#6093 = FACE_OUTER_BOUND ( 'NONE', #7306, .T. ) ;
#6094 = AXIS2_PLACEMENT_3D ( 'NONE', #5177, #5815, #2976 ) ;
#6095 = CARTESIAN_POINT ( 'NONE',  ( 3.500000000000001332, -0.1000000000000000333, 0.8750000000000021094 ) ) ;
#6096 = EDGE_CURVE ( 'NONE', #6047, #4800, #6252, .T. ) ;
#6097 = ORIENTED_EDGE ( 'NONE', *, *, #943, .T. ) ;
#6098 = DIRECTION ( 'NONE',  ( -0.0000000000000000000, -1.000000000000000000, -0.0000000000000000000 ) ) ;
#6099 = CARTESIAN_POINT ( 'NONE',  ( 1.875000000000000222, -0.1000000000000000333, 3.500000000000000888 ) ) ;
#6100 = ORIENTED_EDGE ( 'NONE', *, *, #1318, .T. ) ;
#6101 = EDGE_CURVE ( 'NONE', #3993, #1339, #6337, .T. ) ;
#6102 = ORIENTED_EDGE ( 'NONE', *, *, #4807, .T. ) ;
#6103 = CARTESIAN_POINT ( 'NONE',  ( 0.6249999999999997780, 0.0000000000000000000, 0.0000000000000000000 ) ) ;
#6104 = VERTEX_POINT ( 'NONE', #1873 ) ;
#6105 = CARTESIAN_POINT ( 'NONE',  ( 3.225000000000001421, -0.1000000000000000056, -2.624999999999997780 ) ) ;
#6106 = ORIENTED_EDGE ( 'NONE', *, *, #5264, .T. ) ;
#6107 = AXIS2_PLACEMENT_3D ( 'NONE', #868, #3818, #6140 ) ;
#6108 = ADVANCED_FACE ( 'NONE', ( #2393 ), #676, .T. ) ;
#6109 = DIRECTION ( 'NONE',  ( 0.0000000000000000000, 1.000000000000000000, 0.0000000000000000000 ) ) ;
#6110 = CARTESIAN_POINT ( 'NONE',  ( -3.224999999999998757, 0.0000000000000000000, 2.874999999999998224 ) ) ;
#6111 = CARTESIAN_POINT ( 'NONE',  ( 2.125000000000002665, 0.0000000000000000000, -3.499999999999999112 ) ) ;
#6112 = ORIENTED_EDGE ( 'NONE', *, *, #4646, .F. ) ;
#6113 = UNCERTAINTY_MEASURE_WITH_UNIT (LENGTH_MEASURE( 1.000000000000000082E-05 ), #898, 'distance_accuracy_value', 'NONE');
#6114 = CARTESIAN_POINT ( 'NONE',  ( -3.499999999999999112, -0.1000000000000000472, -3.499999999999999112 ) ) ;
#6115 = VECTOR ( 'NONE', #3503, 1000.000000000000000 ) ;
#6116 = EDGE_CURVE ( 'NONE', #3099, #1150, #119, .T. ) ;
#6117 = FACE_OUTER_BOUND ( 'NONE', #2234, .T. ) ;
#6118 = CARTESIAN_POINT ( 'NONE',  ( -1.124999999999998890, 1.000000000000000000, -3.499999999999999112 ) ) ;
#6119 = ORIENTED_EDGE ( 'NONE', *, *, #6977, .F. ) ;
#6120 = CARTESIAN_POINT ( 'NONE',  ( 0.0000000000000000000, -0.1000000000000000056, -2.125000000000001776 ) ) ;
#6121 = CARTESIAN_POINT ( 'NONE',  ( 3.225000000000001421, -0.1000000000000000056, 0.7500000000000009992 ) ) ;
#6122 = VECTOR ( 'NONE', #4177, 1000.000000000000000 ) ;
#6123 = ORIENTED_EDGE ( 'NONE', *, *, #5496, .T. ) ;
#6124 = ORIENTED_EDGE ( 'NONE', *, *, #5393, .F. ) ;
#6125 = EDGE_CURVE ( 'NONE', #1133, #743, #4199, .T. ) ;
#6126 = AXIS2_PLACEMENT_3D ( 'NONE', #1463, #7278, #957 ) ;
#6127 = PRESENTATION_STYLE_ASSIGNMENT (( #376 ) ) ;
#6128 = AXIS2_PLACEMENT_3D ( 'NONE', #3031, #116, #2183 ) ;
#6129 = CARTESIAN_POINT ( 'NONE',  ( 3.225000000000001421, -0.1000000000000000056, -2.874999999999997335 ) ) ;
#6130 = ORIENTED_EDGE ( 'NONE', *, *, #4663, .T. ) ;
#6131 = COLOUR_RGB ( '',0.1019607843137254888, 0.1019607843137254888, 0.1019607843137254888 ) ;
#6132 = VECTOR ( 'NONE', #6544, 1000.000000000000000 ) ;
#6133 = ADVANCED_FACE ( 'NONE', ( #9 ), #3596, .T. ) ;
#6134 = CARTESIAN_POINT ( 'NONE',  ( -0.8749999999999973355, -0.1000000000000000056, 0.0000000000000000000 ) ) ;
#6135 = VECTOR ( 'NONE', #5798, 1000.000000000000000 ) ;
#6136 = ORIENTED_EDGE ( 'NONE', *, *, #3869, .F. ) ;
#6137 = DIRECTION ( 'NONE',  ( -0.0000000000000000000, -1.000000000000000000, -0.0000000000000000000 ) ) ;
#6138 = VECTOR ( 'NONE', #1498, 1000.000000000000000 ) ;
#6139 = LINE ( 'NONE', #907, #3051 ) ;
#6140 = DIRECTION ( 'NONE',  ( 1.000000000000000000, 0.0000000000000000000, -0.0000000000000000000 ) ) ;
#6141 = ORIENTED_EDGE ( 'NONE', *, *, #1995, .F. ) ;
#6142 = LINE ( 'NONE', #349, #6135 ) ;
#6143 = ORIENTED_EDGE ( 'NONE', *, *, #2111, .F. ) ;
#6144 = DIRECTION ( 'NONE',  ( -0.0000000000000000000, 1.000000000000000000, 0.0000000000000000000 ) ) ;
#6145 = ORIENTED_EDGE ( 'NONE', *, *, #5947, .F. ) ;
#6146 = VECTOR ( 'NONE', #4990, 1000.000000000000000 ) ;
#6147 = DIRECTION ( 'NONE',  ( -1.000000000000000000, -0.0000000000000000000, 0.0000000000000000000 ) ) ;
#6148 = DIRECTION ( 'NONE',  ( -1.000000000000000000, 0.0000000000000000000, -0.0000000000000000000 ) ) ;
#6149 = CARTESIAN_POINT ( 'NONE',  ( -3.499999999999998224, -0.1000000000000000472, 3.500000000000000888 ) ) ;
#6150 = ORIENTED_EDGE ( 'NONE', *, *, #681, .T. ) ;
#6151 = EDGE_CURVE ( 'NONE', #7130, #6644, #1723, .T. ) ;
#6152 = MANIFOLD_SOLID_BREP ( 'Boss-Extrude3', #5615 ) ;
#6153 = PLANE ( 'NONE',  #7148 ) ;
#6154 = DIRECTION ( 'NONE',  ( 0.0000000000000000000, 0.0000000000000000000, 1.000000000000000000 ) ) ;
#6155 = CARTESIAN_POINT ( 'NONE',  ( 0.0000000000000000000, -0.1000000000000000056, 1.124999999999998224 ) ) ;
#6156 = DIRECTION ( 'NONE',  ( 0.0000000000000000000, 0.0000000000000000000, 1.000000000000000000 ) ) ;
#6157 = AXIS2_PLACEMENT_3D ( 'NONE', #4504, #458, #5681 ) ;
#6158 = ORIENTED_EDGE ( 'NONE', *, *, #7121, .F. ) ;
#6159 = DIRECTION ( 'NONE',  ( -0.0000000000000000000, 1.000000000000000000, 0.0000000000000000000 ) ) ;
#6160 = CARTESIAN_POINT ( 'NONE',  ( 0.0000000000000000000, 0.0000000000000000000, -3.499999999999999112 ) ) ;
#6161 = ORIENTED_EDGE ( 'NONE', *, *, #5756, .F. ) ;
#6162 = LINE ( 'NONE', #5844, #5084 ) ;
#6163 = ADVANCED_FACE ( 'NONE', ( #5272 ), #1761, .F. ) ;
#6164 = ORIENTED_EDGE ( 'NONE', *, *, #2196, .T. ) ;
#6165 = LINE ( 'NONE', #3282, #1068 ) ;
#6166 = VECTOR ( 'NONE', #6548, 1000.000000000000000 ) ;
#6167 = CARTESIAN_POINT ( 'NONE',  ( 3.225000000000001421, -0.1000000000000000056, -0.8749999999999972244 ) ) ;
#6168 = CARTESIAN_POINT ( 'NONE',  ( -3.224999999999998757, 0.0000000000000000000, 2.749999999999998224 ) ) ;
#6169 = CARTESIAN_POINT ( 'NONE',  ( 0.2500000000000019429, -0.1000000000000000056, -3.224999999999995204 ) ) ;
#6170 = CARTESIAN_POINT ( 'NONE',  ( 2.750000000000000000, 0.0000000000000000000, 3.225000000000000533 ) ) ;
#6171 = CARTESIAN_POINT ( 'NONE',  ( 3.500000000000000888, 0.0000000000000000000, 0.0000000000000000000 ) ) ;
#6172 = VERTEX_POINT ( 'NONE', #44 ) ;
#6173 = CARTESIAN_POINT ( 'NONE',  ( 2.250000000000000444, 0.0000000000000000000, 3.225000000000000533 ) ) ;
#6174 = ORIENTED_EDGE ( 'NONE', *, *, #5269, .F. ) ;
#6175 = LINE ( 'NONE', #5121, #5531 ) ;
#6176 = CARTESIAN_POINT ( 'NONE',  ( -3.499999999999999112, -0.1000000000000000472, -3.499999999999999112 ) ) ;
#6177 = CARTESIAN_POINT ( 'NONE',  ( 1.124999999999999778, -0.1000000000000000056, 0.0000000000000000000 ) ) ;
#6178 = ORIENTED_EDGE ( 'NONE', *, *, #2511, .F. ) ;
#6179 = EDGE_CURVE ( 'NONE', #1221, #2678, #4704, .T. ) ;
#6180 = CARTESIAN_POINT ( 'NONE',  ( -3.499999999999998668, 0.0000000000000000000, 0.0000000000000000000 ) ) ;
#6181 = ORIENTED_EDGE ( 'NONE', *, *, #2215, .T. ) ;
#6182 = VECTOR ( 'NONE', #1394, 1000.000000000000000 ) ;
#6183 = LINE ( 'NONE', #2163, #6261 ) ;
#6184 = ORIENTED_EDGE ( 'NONE', *, *, #1045, .T. ) ;
#6185 = CARTESIAN_POINT ( 'NONE',  ( 3.000000000000000888, 0.9000000000000001332, 3.000000000000000888 ) ) ;
#6186 = LINE ( 'NONE', #7239, #6001 ) ;
#6187 = VERTEX_POINT ( 'NONE', #1798 ) ;
#6188 = EDGE_CURVE ( 'NONE', #6711, #2692, #6481, .T. ) ;
#6189 = AXIS2_PLACEMENT_3D ( 'NONE', #1959, #6021, #1491 ) ;
#6190 = CARTESIAN_POINT ( 'NONE',  ( -1.749999999999998002, 0.0000000000000000000, -3.224999999999995204 ) ) ;
#6191 = PRODUCT_RELATED_PRODUCT_CATEGORY ( 'part', '', ( #3088 ) ) ;
#6192 = DIRECTION ( 'NONE',  ( 1.000000000000000000, 0.0000000000000000000, -0.0000000000000000000 ) ) ;
#6193 = AXIS2_PLACEMENT_3D ( 'NONE', #600, #5261, #4695 ) ;
#6194 = EDGE_CURVE ( 'NONE', #4859, #3275, #84, .T. ) ;
#6195 = CARTESIAN_POINT ( 'NONE',  ( 3.500000000000000888, 0.0000000000000000000, -3.499999999999999112 ) ) ;
#6196 = EDGE_LOOP ( 'NONE', ( #3527, #4474, #1517, #3746 ) ) ;
#6197 = DIRECTION ( 'NONE',  ( 0.0000000000000000000, 1.000000000000000000, 0.0000000000000000000 ) ) ;
#6198 = ORIENTED_EDGE ( 'NONE', *, *, #6407, .F. ) ;
#6199 = PLANE ( 'NONE',  #6413 ) ;
#6200 = ORIENTED_EDGE ( 'NONE', *, *, #266, .F. ) ;
#6201 = CARTESIAN_POINT ( 'NONE',  ( -3.499999999999998224, -0.1000000000000000333, 0.8749999999999985567 ) ) ;
#6202 = ORIENTED_EDGE ( 'NONE', *, *, #1406, .T. ) ;
#6203 = MECHANICAL_DESIGN_GEOMETRIC_PRESENTATION_REPRESENTATION (  '', ( #489 ), #2206 ) ;
#6204 = CARTESIAN_POINT ( 'NONE',  ( -3.499999999999999112, 0.0000000000000000000, -1.875000000000001776 ) ) ;
#6205 = LINE ( 'NONE', #6813, #5878 ) ;
#6206 = EDGE_CURVE ( 'NONE', #6435, #3275, #644, .T. ) ;
#6207 = AXIS2_PLACEMENT_3D ( 'NONE', #4747, #5908, #4094 ) ;
#6208 = LINE ( 'NONE', #7374, #6582 ) ;
#6209 = LINE ( 'NONE', #3405, #4710 ) ;
#6210 = ORIENTED_EDGE ( 'NONE', *, *, #4996, .F. ) ;
#6211 = VECTOR ( 'NONE', #3339, 1000.000000000000000 ) ;
#6212 = PLANE ( 'NONE',  #5988 ) ;
#6213 = VERTEX_POINT ( 'NONE', #4737 ) ;
#6214 = DIRECTION ( 'NONE',  ( 0.0000000000000000000, 0.0000000000000000000, 1.000000000000000000 ) ) ;
#6215 = DIRECTION ( 'NONE',  ( -0.0000000000000000000, 1.000000000000000000, 0.0000000000000000000 ) ) ;
#6216 = ORIENTED_EDGE ( 'NONE', *, *, #2628, .T. ) ;
#6217 = VECTOR ( 'NONE', #4802, 1000.000000000000000 ) ;
#6218 = DIRECTION ( 'NONE',  ( -1.239088197126291063E-16, 0.0000000000000000000, -1.000000000000000000 ) ) ;
#6219 = ORIENTED_EDGE ( 'NONE', *, *, #437, .F. ) ;
#6220 = CARTESIAN_POINT ( 'NONE',  ( 1.375000000000001332, 0.0000000000000000000, 0.0000000000000000000 ) ) ;
#6221 = VECTOR ( 'NONE', #1426, 1000.000000000000000 ) ;
#6222 = EDGE_CURVE ( 'NONE', #4451, #4027, #1341, .T. ) ;
#6223 = EDGE_CURVE ( 'NONE', #3382, #6454, #190, .T. ) ;
#6224 = EDGE_LOOP ( 'NONE', ( #3383, #893, #297, #131, #2118 ) ) ;
#6225 = VERTEX_POINT ( 'NONE', #5416 ) ;
#6226 = DIRECTION ( 'NONE',  ( -0.0000000000000000000, 0.0000000000000000000, 1.000000000000000000 ) ) ;
#6227 = ORIENTED_EDGE ( 'NONE', *, *, #5447, .T. ) ;
#6228 = AXIS2_PLACEMENT_3D ( 'NONE', #7230, #2155, #4322 ) ;
#6229 = DIRECTION ( 'NONE',  ( 0.0000000000000000000, 1.000000000000000000, 0.0000000000000000000 ) ) ;
#6230 = EDGE_CURVE ( 'NONE', #5318, #4562, #7184, .T. ) ;
#6231 = DIRECTION ( 'NONE',  ( 0.0000000000000000000, 0.0000000000000000000, 1.000000000000000000 ) ) ;
#6232 = EDGE_CURVE ( 'NONE', #1471, #1144, #3806, .T. ) ;
#6233 = CARTESIAN_POINT ( 'NONE',  ( 2.375000000000000000, 1.000000000000000000, 3.500000000000000888 ) ) ;
#6234 = AXIS2_PLACEMENT_3D ( 'NONE', #4499, #2646, #6812 ) ;
#6235 = EDGE_LOOP ( 'NONE', ( #1966, #1057, #1827, #6984 ) ) ;
#6236 = CARTESIAN_POINT ( 'NONE',  ( 3.225000000000001421, -0.1000000000000000056, 0.1250000000000028311 ) ) ;
#6237 = CARTESIAN_POINT ( 'NONE',  ( -0.7500000000000002220, -0.1000000000000000056, 3.225000000000000533 ) ) ;
#6238 = EDGE_LOOP ( 'NONE', ( #5893, #4396, #5849, #1042 ) ) ;
#6239 = CARTESIAN_POINT ( 'NONE',  ( 2.625000000000002665, -0.1000000000000000056, 0.0000000000000000000 ) ) ;
#6240 = VERTEX_POINT ( 'NONE', #7114 ) ;
#6241 = CARTESIAN_POINT ( 'NONE',  ( -3.224999999999998757, 0.0000000000000000000, -2.125000000000001776 ) ) ;
#6242 = MECHANICAL_DESIGN_GEOMETRIC_PRESENTATION_REPRESENTATION (  '', ( #7082 ), #997 ) ;
#6243 = ADVANCED_FACE ( 'NONE', ( #5523 ), #3213, .T. ) ;
#6244 = DIRECTION ( 'NONE',  ( -1.000000000000000000, -0.0000000000000000000, -0.0000000000000000000 ) ) ;
#6245 = DIRECTION ( 'NONE',  ( 0.0000000000000000000, 0.0000000000000000000, -1.000000000000000000 ) ) ;
#6246 = DIRECTION ( 'NONE',  ( 0.0000000000000000000, 1.000000000000000000, 0.0000000000000000000 ) ) ;
#6247 = CARTESIAN_POINT ( 'NONE',  ( -3.499999999999998224, -0.1000000000000000333, -1.625000000000001554 ) ) ;
#6248 = EDGE_LOOP ( 'NONE', ( #1032, #686, #3703, #5219 ) ) ;
#6249 = AXIS2_PLACEMENT_3D ( 'NONE', #3513, #7482, #4693 ) ;
#6250 = CARTESIAN_POINT ( 'NONE',  ( 3.500000000000000888, -0.1000000000000000472, -3.499999999999999112 ) ) ;
#6251 = EDGE_LOOP ( 'NONE', ( #6266, #3352, #2065, #5117 ) ) ;
#6252 = LINE ( 'NONE', #4161, #1461 ) ;
#6253 = CARTESIAN_POINT ( 'NONE',  ( 0.0000000000000000000, -0.1000000000000000056, 0.0000000000000000000 ) ) ;
#6254 = ORIENTED_EDGE ( 'NONE', *, *, #2657, .T. ) ;
#6255 = VECTOR ( 'NONE', #4254, 1000.000000000000000 ) ;
#6256 = CARTESIAN_POINT ( 'NONE',  ( 3.225000000000001421, 0.0000000000000000000, 0.7500000000000009992 ) ) ;
#6257 = VECTOR ( 'NONE', #5215, 1000.000000000000000 ) ;
#6258 = ORIENTED_EDGE ( 'NONE', *, *, #6903, .T. ) ;
#6259 = ORIENTED_EDGE ( 'NONE', *, *, #4779, .T. ) ;
#6260 = VECTOR ( 'NONE', #6493, 1000.000000000000000 ) ;
#6261 = VECTOR ( 'NONE', #2627, 1000.000000000000000 ) ;
#6262 = VERTEX_POINT ( 'NONE', #4271 ) ;
#6263 = VERTEX_POINT ( 'NONE', #784 ) ;
#6264 = LINE ( 'NONE', #2894, #1607 ) ;
#6265 = CARTESIAN_POINT ( 'NONE',  ( 3.500000000000001332, -0.1000000000000000333, -1.624999999999997335 ) ) ;
#6266 = ORIENTED_EDGE ( 'NONE', *, *, #4865, .F. ) ;
#6267 = AXIS2_PLACEMENT_3D ( 'NONE', #4162, #6044, #85 ) ;
#6268 = UNCERTAINTY_MEASURE_WITH_UNIT (LENGTH_MEASURE( 1.000000000000000082E-05 ), #551, 'distance_accuracy_value', 'NONE');
#6269 = DIRECTION ( 'NONE',  ( -0.0000000000000000000, -1.000000000000000000, -0.0000000000000000000 ) ) ;
#6270 = CARTESIAN_POINT ( 'NONE',  ( -2.499999999999997335, -0.1000000000000000056, -2.749999999999999556 ) ) ;
#6271 = LINE ( 'NONE', #26, #2626 ) ;
#6272 = ORIENTED_EDGE ( 'NONE', *, *, #216, .T. ) ;
#6273 = DIRECTION ( 'NONE',  ( 0.0000000000000000000, -1.000000000000000000, 0.0000000000000000000 ) ) ;
#6274 =( NAMED_UNIT ( * ) PLANE_ANGLE_UNIT ( ) SI_UNIT ( $, .RADIAN. ) );
#6275 = ORIENTED_EDGE ( 'NONE', *, *, #1448, .F. ) ;
#6276 = ORIENTED_EDGE ( 'NONE', *, *, #6318, .F. ) ;
#6277 = ADVANCED_FACE ( 'NONE', ( #3177 ), #300, .T. ) ;
#6278 = FACE_OUTER_BOUND ( 'NONE', #4116, .T. ) ;
#6279 = VERTEX_POINT ( 'NONE', #6051 ) ;
#6280 = DIRECTION ( 'NONE',  ( 0.0000000000000000000, -0.0000000000000000000, -1.000000000000000000 ) ) ;
#6281 = AXIS2_PLACEMENT_3D ( 'NONE', #4925, #6052, #7261 ) ;
#6282 = CARTESIAN_POINT ( 'NONE',  ( 2.625000000000002665, 0.0000000000000000000, 0.0000000000000000000 ) ) ;
#6283 = DIRECTION ( 'NONE',  ( -1.000000000000000000, -0.0000000000000000000, 0.0000000000000000000 ) ) ;
#6284 = EDGE_CURVE ( 'NONE', #6262, #1778, #6013, .T. ) ;
#6285 = CARTESIAN_POINT ( 'NONE',  ( 0.6250000000000028866, -0.1000000000000000056, 0.0000000000000000000 ) ) ;
#6286 = CARTESIAN_POINT ( 'NONE',  ( 3.225000000000001421, 0.0000000000000000000, 0.2500000000000009992 ) ) ;
#6287 = ORIENTED_EDGE ( 'NONE', *, *, #6888, .F. ) ;
#6288 = AXIS2_PLACEMENT_3D ( 'NONE', #1438, #4376, #1324 ) ;
#6289 = CARTESIAN_POINT ( 'NONE',  ( 2.875000000000001332, 0.0000000000000000000, 0.0000000000000000000 ) ) ;
#6290 = VERTEX_POINT ( 'NONE', #5452 ) ;
#6291 = DIRECTION ( 'NONE',  ( 0.0000000000000000000, 0.0000000000000000000, -1.000000000000000000 ) ) ;
#6292 = CARTESIAN_POINT ( 'NONE',  ( -1.124999999999998890, -0.1000000000000000056, 0.0000000000000000000 ) ) ;
#6293 = CARTESIAN_POINT ( 'NONE',  ( -1.250000000000000222, -0.1000000000000000056, 3.225000000000000533 ) ) ;
#6294 = ORIENTED_EDGE ( 'NONE', *, *, #6010, .T. ) ;
#6295 = ORIENTED_EDGE ( 'NONE', *, *, #681, .F. ) ;
#6296 = CARTESIAN_POINT ( 'NONE',  ( -3.499999999999999112, -0.1000000000000000472, -3.499999999999999112 ) ) ;
#6297 = ORIENTED_EDGE ( 'NONE', *, *, #1780, .F. ) ;
#6298 = ORIENTED_EDGE ( 'NONE', *, *, #5455, .T. ) ;
#6299 = ORIENTED_EDGE ( 'NONE', *, *, #1785, .F. ) ;
#6300 = CYLINDRICAL_SURFACE ( 'NONE', #2362, 0.1249999999999996808 ) ;
#6301 = DIRECTION ( 'NONE',  ( -1.000000000000000000, -0.0000000000000000000, 0.0000000000000000000 ) ) ;
#6302 = ORIENTED_EDGE ( 'NONE', *, *, #40, .T. ) ;
#6303 = VECTOR ( 'NONE', #726, 1000.000000000000000 ) ;
#6304 = FACE_OUTER_BOUND ( 'NONE', #2483, .T. ) ;
#6305 = DIRECTION ( 'NONE',  ( -0.0000000000000000000, -1.000000000000000000, -0.0000000000000000000 ) ) ;
#6306 = EDGE_CURVE ( 'NONE', #6956, #5691, #4269, .T. ) ;
#6307 = VERTEX_POINT ( 'NONE', #3141 ) ;
#6308 = DIRECTION ( 'NONE',  ( 0.0000000000000000000, 0.0000000000000000000, 1.000000000000000000 ) ) ;
#6309 = AXIS2_PLACEMENT_3D ( 'NONE', #487, #1047, #6809 ) ;
#6310 = CYLINDRICAL_SURFACE ( 'NONE', #2763, 0.1250000000000001110 ) ;
#6311 = ORIENTED_EDGE ( 'NONE', *, *, #294, .F. ) ;
#6312 = ORIENTED_EDGE ( 'NONE', *, *, #2260, .F. ) ;
#6313 = DIRECTION ( 'NONE',  ( 0.0000000000000000000, 0.0000000000000000000, 1.000000000000000000 ) ) ;
#6314 = VERTEX_POINT ( 'NONE', #4848 ) ;
#6315 = CIRCLE ( 'NONE', #4498, 0.1249999999999992506 ) ;
#6316 = CARTESIAN_POINT ( 'NONE',  ( -2.249999999999998224, -0.1000000000000000056, -3.099999999999996092 ) ) ;
#6317 = CARTESIAN_POINT ( 'NONE',  ( 3.500000000000001776, 1.000000000000000000, 2.875000000000002220 ) ) ;
#6318 = EDGE_CURVE ( 'NONE', #1513, #793, #2543, .T. ) ;
#6319 = PLANE ( 'NONE',  #956 ) ;
#6320 = EDGE_CURVE ( 'NONE', #3279, #2700, #4237, .T. ) ;
#6321 = CYLINDRICAL_SURFACE ( 'NONE', #1096, 0.1250000000000001110 ) ;
#6322 = VECTOR ( 'NONE', #336, 1000.000000000000000 ) ;
#6323 = LINE ( 'NONE', #2802, #7118 ) ;
#6324 = ORIENTED_EDGE ( 'NONE', *, *, #411, .T. ) ;
#6325 = AXIS2_PLACEMENT_3D ( 'NONE', #7037, #3590, #5894 ) ;
#6326 = CARTESIAN_POINT ( 'NONE',  ( 2.625000000000002665, -0.1000000000000000056, 0.0000000000000000000 ) ) ;
#6327 = ADVANCED_FACE ( 'NONE', ( #2576 ), #6589, .T. ) ;
#6328 = DIRECTION ( 'NONE',  ( 0.0000000000000000000, 0.0000000000000000000, 1.000000000000000000 ) ) ;
#6329 = AXIS2_PLACEMENT_3D ( 'NONE', #3622, #2565, #1433 ) ;
#6330 = CARTESIAN_POINT ( 'NONE',  ( 1.250000000000001998, 0.0000000000000000000, -3.224999999999995204 ) ) ;
#6331 = EDGE_CURVE ( 'NONE', #3741, #4698, #1368, .T. ) ;
#6332 = CARTESIAN_POINT ( 'NONE',  ( 3.225000000000001421, -0.1000000000000000056, -1.249999999999998890 ) ) ;
#6333 = DIRECTION ( 'NONE',  ( 0.0000000000000000000, -1.000000000000000000, -0.0000000000000000000 ) ) ;
#6334 = ORIENTED_EDGE ( 'NONE', *, *, #4984, .F. ) ;
#6335 = LINE ( 'NONE', #5200, #2652 ) ;
#6336 = VERTEX_POINT ( 'NONE', #1950 ) ;
#6337 = CIRCLE ( 'NONE', #5005, 0.1249999999999992506 ) ;
#6338 = EDGE_CURVE ( 'NONE', #6994, #4782, #155, .T. ) ;
#6339 = ORIENTED_EDGE ( 'NONE', *, *, #2085, .F. ) ;
#6340 = VECTOR ( 'NONE', #4413, 1000.000000000000000 ) ;
#6341 = EDGE_LOOP ( 'NONE', ( #7197, #366, #5645, #3300 ) ) ;
#6342 = VERTEX_POINT ( 'NONE', #4886 ) ;
#6343 = LINE ( 'NONE', #6907, #1356 ) ;
#6344 = VERTEX_POINT ( 'NONE', #1331 ) ;
#6345 = AXIS2_PLACEMENT_3D ( 'NONE', #206, #1390, #1274 ) ;
#6346 = ADVANCED_FACE ( 'NONE', ( #3105 ), #262, .T. ) ;
#6347 = FACE_OUTER_BOUND ( 'NONE', #2350, .T. ) ;
#6348 = PLANE ( 'NONE',  #6987 ) ;
#6349 = ORIENTED_EDGE ( 'NONE', *, *, #3022, .T. ) ;
#6350 = DIRECTION ( 'NONE',  ( 1.000000000000000000, 0.0000000000000000000, -3.154042683594184569E-15 ) ) ;
#6351 = VERTEX_POINT ( 'NONE', #4351 ) ;
#6352 = VERTEX_POINT ( 'NONE', #6663 ) ;
#6353 = PLANE ( 'NONE',  #6309 ) ;
#6354 = VERTEX_POINT ( 'NONE', #3288 ) ;
#6355 = ADVANCED_FACE ( 'NONE', ( #3967 ), #5560, .T. ) ;
#6356 = VECTOR ( 'NONE', #3848, 1000.000000000000000 ) ;
#6357 = LINE ( 'NONE', #1124, #2374 ) ;
#6358 = CYLINDRICAL_SURFACE ( 'NONE', #1994, 0.1249999999999996808 ) ;
#6359 = LINE ( 'NONE', #7446, #4633 ) ;
#6360 = DIRECTION ( 'NONE',  ( 1.000000000000000000, 0.0000000000000000000, -0.0000000000000000000 ) ) ;
#6361 = CARTESIAN_POINT ( 'NONE',  ( 0.0000000000000000000, -0.1000000000000000056, 1.875000000000001998 ) ) ;
#6362 = AXIS2_PLACEMENT_3D ( 'NONE', #7518, #4653, #6960 ) ;
#6363 = ORIENTED_EDGE ( 'NONE', *, *, #7343, .F. ) ;
#6364 = ORIENTED_EDGE ( 'NONE', *, *, #4209, .F. ) ;
#6365 = DIRECTION ( 'NONE',  ( -0.0000000000000000000, -1.000000000000000000, -0.0000000000000000000 ) ) ;
#6366 = AXIS2_PLACEMENT_3D ( 'NONE', #3014, #1230, #2971 ) ;
#6367 = DIRECTION ( 'NONE',  ( -1.000000000000000000, 0.0000000000000000000, -3.154042683594169187E-15 ) ) ;
#6368 = LINE ( 'NONE', #7008, #2402 ) ;
#6369 = DIRECTION ( 'NONE',  ( -0.0000000000000000000, -1.000000000000000000, -0.0000000000000000000 ) ) ;
#6370 = ORIENTED_EDGE ( 'NONE', *, *, #7435, .F. ) ;
#6371 = EDGE_CURVE ( 'NONE', #7353, #2965, #2727, .T. ) ;
#6372 = CARTESIAN_POINT ( 'NONE',  ( 3.500000000000001776, 1.000000000000000000, 3.500000000000000888 ) ) ;
#6373 = VERTEX_POINT ( 'NONE', #4502 ) ;
#6374 = ORIENTED_EDGE ( 'NONE', *, *, #7453, .T. ) ;
#6375 = VECTOR ( 'NONE', #5784, 1000.000000000000000 ) ;
#6376 = EDGE_CURVE ( 'NONE', #1756, #3846, #1053, .T. ) ;
#6377 = ADVANCED_FACE ( 'NONE', ( #379 ), #6854, .T. ) ;
#6378 = VECTOR ( 'NONE', #801, 1000.000000000000000 ) ;
#6379 = EDGE_LOOP ( 'NONE', ( #7499, #3631, #2512, #560 ) ) ;
#6380 = FACE_OUTER_BOUND ( 'NONE', #1812, .T. ) ;
#6381 = VERTEX_POINT ( 'NONE', #7335 ) ;
#6382 = DIRECTION ( 'NONE',  ( 0.0000000000000000000, 1.000000000000000000, 0.0000000000000000000 ) ) ;
#6383 = FACE_OUTER_BOUND ( 'NONE', #4344, .T. ) ;
#6384 = ORIENTED_EDGE ( 'NONE', *, *, #1686, .F. ) ;
#6385 = DIRECTION ( 'NONE',  ( -1.000000000000000000, 0.0000000000000000000, -0.0000000000000000000 ) ) ;
#6386 = ADVANCED_FACE ( 'NONE', ( #3849 ), #7411, .T. ) ;
#6387 = VECTOR ( 'NONE', #3609, 1000.000000000000000 ) ;
#6388 = CARTESIAN_POINT ( 'NONE',  ( 0.0000000000000000000, -0.1000000000000000056, 2.125000000000002665 ) ) ;
#6389 = VERTEX_POINT ( 'NONE', #1521 ) ;
#6390 = CARTESIAN_POINT ( 'NONE',  ( 0.0000000000000000000, -0.1000000000000000056, 0.0000000000000000000 ) ) ;
#6391 = CYLINDRICAL_SURFACE ( 'NONE', #6876, 0.1249999999999992506 ) ;
#6392 = VECTOR ( 'NONE', #3340, 1000.000000000000000 ) ;
#6393 = EDGE_CURVE ( 'NONE', #7439, #1216, #6208, .T. ) ;
#6394 = EDGE_LOOP ( 'NONE', ( #2978, #4469, #4596, #4489 ) ) ;
#6395 = DIRECTION ( 'NONE',  ( -0.0000000000000000000, -1.000000000000000000, 0.0000000000000000000 ) ) ;
#6396 = VERTEX_POINT ( 'NONE', #6734 ) ;
#6397 = VECTOR ( 'NONE', #1800, 1000.000000000000000 ) ;
#6398 = CARTESIAN_POINT ( 'NONE',  ( 2.875000000000001332, -0.1000000000000000056, 0.0000000000000000000 ) ) ;
#6399 = FACE_OUTER_BOUND ( 'NONE', #7225, .T. ) ;
#6400 = CARTESIAN_POINT ( 'NONE',  ( -0.2499999999999980571, -0.1000000000000000056, -3.224999999999995204 ) ) ;
#6401 = EDGE_CURVE ( 'NONE', #1971, #6629, #6893, .T. ) ;
#6402 = CARTESIAN_POINT ( 'NONE',  ( -3.499999999999998224, -0.1000000000000000333, 0.6249999999999983347 ) ) ;
#6403 = VERTEX_POINT ( 'NONE', #1641 ) ;
#6404 = DIRECTION ( 'NONE',  ( -0.7071067811865482389, 0.0000000000000000000, 0.7071067811865469066 ) ) ;
#6405 = DIRECTION ( 'NONE',  ( 0.0000000000000000000, 0.0000000000000000000, 1.000000000000000000 ) ) ;
#6406 = CARTESIAN_POINT ( 'NONE',  ( 0.0000000000000000000, -0.1000000000000000056, 0.1249999999999981543 ) ) ;
#6407 = EDGE_CURVE ( 'NONE', #4285, #5555, #2689, .T. ) ;
#6408 = FACE_OUTER_BOUND ( 'NONE', #7166, .T. ) ;
#6409 = VECTOR ( 'NONE', #7223, 1000.000000000000000 ) ;
#6410 = ORIENTED_EDGE ( 'NONE', *, *, #2899, .T. ) ;
#6411 = CARTESIAN_POINT ( 'NONE',  ( 3.225000000000001421, -0.1000000000000000056, -1.624999999999998002 ) ) ;
#6412 = ORIENTED_EDGE ( 'NONE', *, *, #2218, .F. ) ;
#6413 = AXIS2_PLACEMENT_3D ( 'NONE', #6422, #7505, #930 ) ;
#6414 = ORIENTED_EDGE ( 'NONE', *, *, #5921, .T. ) ;
#6415 = EDGE_CURVE ( 'NONE', #3846, #2682, #2351, .T. ) ;
#6416 = EDGE_CURVE ( 'NONE', #6314, #7467, #6816, .T. ) ;
#6417 = VERTEX_POINT ( 'NONE', #6773 ) ;
#6418 = ORIENTED_EDGE ( 'NONE', *, *, #4701, .T. ) ;
#6419 = DIRECTION ( 'NONE',  ( -1.000000000000000000, 0.0000000000000000000, -3.154042683594169187E-15 ) ) ;
#6420 = LINE ( 'NONE', #1188, #6738 ) ;
#6421 = EDGE_LOOP ( 'NONE', ( #6808, #4395, #4143, #1874 ) ) ;
#6422 = CARTESIAN_POINT ( 'NONE',  ( -1.182766006347788004E-15, -0.1000000000000000056, 0.3749999999999920619 ) ) ;
#6423 = CARTESIAN_POINT ( 'NONE',  ( 0.0000000000000000000, -0.1000000000000000056, 0.0000000000000000000 ) ) ;
#6424 = LINE ( 'NONE', #6842, #543 ) ;
#6425 = ADVANCED_FACE ( 'NONE', ( #5001 ), #1561, .F. ) ;
#6426 = EDGE_LOOP ( 'NONE', ( #4744, #4452, #1102, #3778 ) ) ;
#6427 = DIRECTION ( 'NONE',  ( -1.000000000000000000, 0.0000000000000000000, -0.0000000000000000000 ) ) ;
#6428 = CARTESIAN_POINT ( 'NONE',  ( -3.224999999999998757, 0.0000000000000000000, 0.6249999999999982236 ) ) ;
#6429 = VERTEX_POINT ( 'NONE', #2185 ) ;
#6430 = ADVANCED_FACE ( 'NONE', ( #1600 ), #7447, .T. ) ;
#6431 = CARTESIAN_POINT ( 'NONE',  ( 0.8750000000000012212, -0.1000000000000000333, -3.499999999999999112 ) ) ;
#6432 = CARTESIAN_POINT ( 'NONE',  ( 2.750000000000000000, -0.1000000000000000056, 3.225000000000000533 ) ) ;
#6433 = VECTOR ( 'NONE', #5448, 1000.000000000000000 ) ;
#6434 = FACE_OUTER_BOUND ( 'NONE', #4740, .T. ) ;
#6435 = VERTEX_POINT ( 'NONE', #3371 ) ;
#6436 = LINE ( 'NONE', #5754, #2475 ) ;
#6437 = DIRECTION ( 'NONE',  ( -0.0000000000000000000, -1.000000000000000000, -0.0000000000000000000 ) ) ;
#6438 = ORIENTED_EDGE ( 'NONE', *, *, #5602, .T. ) ;
#6439 = VECTOR ( 'NONE', #5271, 1000.000000000000000 ) ;
#6440 = EDGE_CURVE ( 'NONE', #6417, #3859, #457, .T. ) ;
#6441 = FACE_OUTER_BOUND ( 'NONE', #1820, .T. ) ;
#6442 = LINE ( 'NONE', #4736, #4006 ) ;
#6443 = AXIS2_PLACEMENT_3D ( 'NONE', #3550, #5300, #5753 ) ;
#6444 = CARTESIAN_POINT ( 'NONE',  ( 0.0000000000000000000, -0.1000000000000000056, 2.374999999999998668 ) ) ;
#6445 = AXIS2_PLACEMENT_3D ( 'NONE', #6326, #2880, #4621 ) ;
#6446 = PLANE ( 'NONE',  #6267 ) ;
#6447 = ORIENTED_EDGE ( 'NONE', *, *, #3814, .T. ) ;
#6448 = CARTESIAN_POINT ( 'NONE',  ( -3.499999999999998224, -0.1000000000000000333, -0.3750000000000016653 ) ) ;
#6449 = ORIENTED_EDGE ( 'NONE', *, *, #5613, .F. ) ;
#6450 = ORIENTED_EDGE ( 'NONE', *, *, #789, .T. ) ;
#6451 = VECTOR ( 'NONE', #4987, 1000.000000000000000 ) ;
#6452 = ORIENTED_EDGE ( 'NONE', *, *, #587, .F. ) ;
#6453 = ORIENTED_EDGE ( 'NONE', *, *, #6222, .F. ) ;
#6454 = VERTEX_POINT ( 'NONE', #2228 ) ;
#6455 = CIRCLE ( 'NONE', #4390, 0.1249999999999992506 ) ;
#6456 = CARTESIAN_POINT ( 'NONE',  ( 3.225000000000001421, -0.1000000000000000056, 1.875000000000001998 ) ) ;
#6457 = EDGE_LOOP ( 'NONE', ( #1036, #4931, #5716, #3421 ) ) ;
#6458 = CARTESIAN_POINT ( 'NONE',  ( -3.224999999999998757, -0.1000000000000000056, 0.3749999999999983902 ) ) ;
#6459 = ADVANCED_FACE ( 'NONE', ( #4546 ), #7069, .T. ) ;
#6460 = AXIS2_PLACEMENT_3D ( 'NONE', #5148, #7297, #4585 ) ;
#6461 = CARTESIAN_POINT ( 'NONE',  ( -3.224999999999998757, 0.0000000000000000000, 0.3749999999999983902 ) ) ;
#6462 = CARTESIAN_POINT ( 'NONE',  ( 3.500000000000001332, 0.0000000000000000000, 0.0000000000000000000 ) ) ;
#6463 = LINE ( 'NONE', #1233, #1222 ) ;
#6464 = DIRECTION ( 'NONE',  ( 0.0000000000000000000, 0.0000000000000000000, 1.000000000000000000 ) ) ;
#6465 = VERTEX_POINT ( 'NONE', #1791 ) ;
#6466 = ADVANCED_FACE ( 'NONE', ( #7001 ), #2345, .T. ) ;
#6467 = STYLED_ITEM ( 'NONE', ( #4440 ), #7288 ) ;
#6468 = DIRECTION ( 'NONE',  ( 1.239088197126291063E-16, 0.0000000000000000000, 1.000000000000000000 ) ) ;
#6469 = ADVANCED_FACE ( 'NONE', ( #4117 ), #6321, .T. ) ;
#6470 = CYLINDRICAL_SURFACE ( 'NONE', #5869, 0.1249999999999992506 ) ;
#6471 = LINE ( 'NONE', #3650, #6506 ) ;
#6472 = VECTOR ( 'NONE', #7468, 1000.000000000000000 ) ;
#6473 = PLANE ( 'NONE',  #5234 ) ;
#6474 = EDGE_LOOP ( 'NONE', ( #716, #7034, #1492, #1277, #2975 ) ) ;
#6475 = DIRECTION ( 'NONE',  ( 0.0000000000000000000, 1.000000000000000000, 0.0000000000000000000 ) ) ;
#6476 = FACE_OUTER_BOUND ( 'NONE', #3908, .T. ) ;
#6477 = EDGE_CURVE ( 'NONE', #5255, #4559, #6963, .T. ) ;
#6478 = ORIENTED_EDGE ( 'NONE', *, *, #3305, .T. ) ;
#6479 = CARTESIAN_POINT ( 'NONE',  ( 3.225000000000001421, -0.1000000000000000056, 2.750000000000001776 ) ) ;
#6480 = CARTESIAN_POINT ( 'NONE',  ( -2.124999999999998668, 0.0000000000000000000, 0.0000000000000000000 ) ) ;
#6481 = LINE ( 'NONE', #1214, #127 ) ;
#6482 = CIRCLE ( 'NONE', #1859, 0.1250000000000001110 ) ;
#6483 = CARTESIAN_POINT ( 'NONE',  ( 1.875000000000001332, 1.000000000000000000, -3.499999999999999112 ) ) ;
#6484 = ORIENTED_EDGE ( 'NONE', *, *, #7081, .T. ) ;
#6485 = EDGE_CURVE ( 'NONE', #5671, #1756, #2877, .T. ) ;
#6486 = DIRECTION ( 'NONE',  ( 0.0000000000000000000, 1.000000000000000000, 0.0000000000000000000 ) ) ;
#6487 = ORIENTED_EDGE ( 'NONE', *, *, #3979, .F. ) ;
#6488 = VECTOR ( 'NONE', #5174, 1000.000000000000000 ) ;
#6489 = EDGE_LOOP ( 'NONE', ( #640, #3819, #4852, #1421 ) ) ;
#6490 = DIRECTION ( 'NONE',  ( 0.0000000000000000000, 1.000000000000000000, 0.0000000000000000000 ) ) ;
#6491 = ORIENTED_EDGE ( 'NONE', *, *, #6858, .F. ) ;
#6492 = ORIENTED_EDGE ( 'NONE', *, *, #2649, .F. ) ;
#6493 = DIRECTION ( 'NONE',  ( 0.0000000000000000000, 1.000000000000000000, 0.0000000000000000000 ) ) ;
#6494 = VECTOR ( 'NONE', #6898, 1000.000000000000000 ) ;
#6495 = EDGE_CURVE ( 'NONE', #3100, #6512, #2304, .T. ) ;
#6496 = ORIENTED_EDGE ( 'NONE', *, *, #6751, .F. ) ;
#6497 = CARTESIAN_POINT ( 'NONE',  ( 3.225000000000001421, 0.0000000000000000000, -2.374999999999997335 ) ) ;
#6498 = CIRCLE ( 'NONE', #6610, 0.1249999999999992506 ) ;
#6499 = LINE ( 'NONE', #5915, #7318 ) ;
#6500 = DIRECTION ( 'NONE',  ( 0.0000000000000000000, 1.000000000000000000, -0.0000000000000000000 ) ) ;
#6501 = ORIENTED_EDGE ( 'NONE', *, *, #3620, .T. ) ;
#6502 = CARTESIAN_POINT ( 'NONE',  ( -2.249999999999998224, 0.0000000000000000000, -3.099999999999996092 ) ) ;
#6503 = LINE ( 'NONE', #3616, #6255 ) ;
#6504 = ORIENTED_EDGE ( 'NONE', *, *, #4495, .F. ) ;
#6505 = VECTOR ( 'NONE', #1582, 1000.000000000000000 ) ;
#6506 = VECTOR ( 'NONE', #1239, 1000.000000000000000 ) ;
#6507 = CARTESIAN_POINT ( 'NONE',  ( 3.500000000000000888, -0.1000000000000000472, -3.499999999999999112 ) ) ;
#6508 = DIRECTION ( 'NONE',  ( 0.0000000000000000000, 1.000000000000000000, 0.0000000000000000000 ) ) ;
#6509 = VECTOR ( 'NONE', #5609, 1000.000000000000000 ) ;
#6510 = VECTOR ( 'NONE', #6147, 1000.000000000000000 ) ;
#6511 = CYLINDRICAL_SURFACE ( 'NONE', #5361, 0.1250000000000001110 ) ;
#6512 = VERTEX_POINT ( 'NONE', #5190 ) ;
#6513 = DIRECTION ( 'NONE',  ( 0.0000000000000000000, 1.000000000000000000, 0.0000000000000000000 ) ) ;
#6514 = EDGE_CURVE ( 'NONE', #3875, #2618, #5263, .T. ) ;
#6515 = DIRECTION ( 'NONE',  ( 0.0000000000000000000, 1.000000000000000000, 0.0000000000000000000 ) ) ;
#6516 = ORIENTED_EDGE ( 'NONE', *, *, #1869, .F. ) ;
#6517 = CARTESIAN_POINT ( 'NONE',  ( 3.500000000000000888, -0.1000000000000000472, -3.499999999999999112 ) ) ;
#6518 = CARTESIAN_POINT ( 'NONE',  ( 0.0000000000000000000, -0.1000000000000000056, -2.625000000000001332 ) ) ;
#6519 = SURFACE_STYLE_USAGE ( .BOTH. , #4311 ) ;
#6520 = DIRECTION ( 'NONE',  ( 0.0000000000000000000, 0.0000000000000000000, 1.000000000000000000 ) ) ;
#6521 = ORIENTED_EDGE ( 'NONE', *, *, #2113, .T. ) ;
#6522 = ORIENTED_EDGE ( 'NONE', *, *, #6338, .T. ) ;
#6523 = VERTEX_POINT ( 'NONE', #1093 ) ;
#6524 = EDGE_CURVE ( 'NONE', #6342, #5237, #6436, .T. ) ;
#6525 = EDGE_CURVE ( 'NONE', #5982, #1022, #499, .T. ) ;
#6526 = VECTOR ( 'NONE', #4001, 1000.000000000000000 ) ;
#6527 = VERTEX_POINT ( 'NONE', #1716 ) ;
#6528 = EDGE_LOOP ( 'NONE', ( #547, #1957, #6254, #6534 ) ) ;
#6529 = ORIENTED_EDGE ( 'NONE', *, *, #3811, .T. ) ;
#6530 = CARTESIAN_POINT ( 'NONE',  ( 0.1250000000000003608, 0.0000000000000000000, 1.232047923278983432E-17 ) ) ;
#6531 = CARTESIAN_POINT ( 'NONE',  ( -2.249999999999998224, -0.1000000000000000056, -3.224999999999995204 ) ) ;
#6532 = VERTEX_POINT ( 'NONE', #3553 ) ;
#6533 = DIRECTION ( 'NONE',  ( 0.0000000000000000000, 0.0000000000000000000, -1.000000000000000000 ) ) ;
#6534 = ORIENTED_EDGE ( 'NONE', *, *, #146, .F. ) ;
#6535 = CIRCLE ( 'NONE', #6034, 0.1250000000000001110 ) ;
#6536 = EDGE_CURVE ( 'NONE', #157, #7130, #6821, .T. ) ;
#6537 = DIRECTION ( 'NONE',  ( 0.0000000000000000000, 1.000000000000000000, 0.0000000000000000000 ) ) ;
#6538 = DIRECTION ( 'NONE',  ( 0.0000000000000000000, -0.0000000000000000000, -1.000000000000000000 ) ) ;
#6539 = ORIENTED_EDGE ( 'NONE', *, *, #587, .T. ) ;
#6540 = LINE ( 'NONE', #4180, #2834 ) ;
#6541 = CARTESIAN_POINT ( 'NONE',  ( 0.8750000000000012212, -0.1000000000000000056, -3.224999999999995204 ) ) ;
#6542 = VERTEX_POINT ( 'NONE', #4039 ) ;
#6543 = CARTESIAN_POINT ( 'NONE',  ( -3.224999999999998757, 0.0000000000000000000, 0.2499999999999982792 ) ) ;
#6544 = DIRECTION ( 'NONE',  ( 1.000000000000000000, 0.0000000000000000000, 0.0000000000000000000 ) ) ;
#6545 = DIRECTION ( 'NONE',  ( -1.000000000000000000, 0.0000000000000000000, -1.734723475976808080E-16 ) ) ;
#6546 = VERTEX_POINT ( 'NONE', #5891 ) ;
#6547 = DIRECTION ( 'NONE',  ( -1.000000000000000000, -0.0000000000000000000, 0.0000000000000000000 ) ) ;
#6548 = DIRECTION ( 'NONE',  ( -0.0000000000000000000, 1.000000000000000000, 0.0000000000000000000 ) ) ;
#6549 = ORIENTED_EDGE ( 'NONE', *, *, #5970, .T. ) ;
#6550 = VERTEX_POINT ( 'NONE', #5336 ) ;
#6551 = VECTOR ( 'NONE', #1227, 1000.000000000000000 ) ;
#6552 = EDGE_CURVE ( 'NONE', #7404, #5555, #5735, .T. ) ;
#6553 = FACE_OUTER_BOUND ( 'NONE', #2659, .T. ) ;
#6554 =( NAMED_UNIT ( * ) PLANE_ANGLE_UNIT ( ) SI_UNIT ( $, .RADIAN. ) );
#6555 = CARTESIAN_POINT ( 'NONE',  ( -2.374999999999997335, -0.1000000000000000056, 0.0000000000000000000 ) ) ;
#6556 = VECTOR ( 'NONE', #31, 1000.000000000000000 ) ;
#6557 = LINE ( 'NONE', #1180, #3137 ) ;
#6558 = ORIENTED_EDGE ( 'NONE', *, *, #7435, .T. ) ;
#6559 = AXIS2_PLACEMENT_3D ( 'NONE', #3754, #1585, #959 ) ;
#6560 = ORIENTED_EDGE ( 'NONE', *, *, #6613, .F. ) ;
#6561 = DIRECTION ( 'NONE',  ( 1.000000000000000000, 0.0000000000000000000, -0.0000000000000000000 ) ) ;
#6562 = ORIENTED_EDGE ( 'NONE', *, *, #4110, .F. ) ;
#6563 = DIRECTION ( 'NONE',  ( 0.0000000000000000000, 0.0000000000000000000, 1.000000000000000000 ) ) ;
#6564 = CARTESIAN_POINT ( 'NONE',  ( 0.0000000000000000000, -0.1000000000000000056, -0.8749999999999972244 ) ) ;
#6565 = VERTEX_POINT ( 'NONE', #1 ) ;
#6566 = CYLINDRICAL_SURFACE ( 'NONE', #4718, 0.1249999999999992506 ) ;
#6567 = ORIENTED_EDGE ( 'NONE', *, *, #6230, .T. ) ;
#6568 = VECTOR ( 'NONE', #1367, 1000.000000000000000 ) ;
#6569 = EDGE_CURVE ( 'NONE', #2781, #4871, #2384, .T. ) ;
#6570 = LINE ( 'NONE', #2449, #4694 ) ;
#6571 = AXIS2_PLACEMENT_3D ( 'NONE', #4676, #5838, #2962 ) ;
#6572 = CARTESIAN_POINT ( 'NONE',  ( 2.125000000000002665, -0.1000000000000000056, 0.0000000000000000000 ) ) ;
#6573 = LINE ( 'NONE', #1349, #2129 ) ;
#6574 = EDGE_LOOP ( 'NONE', ( #5659, #6178, #5486, #5429 ) ) ;
#6575 = EDGE_CURVE ( 'NONE', #5313, #4308, #7035, .T. ) ;
#6576 = LINE ( 'NONE', #7242, #5458 ) ;
#6577 = VECTOR ( 'NONE', #3490, 1000.000000000000000 ) ;
#6578 = SURFACE_STYLE_FILL_AREA ( #4225 ) ;
#6579 = DIRECTION ( 'NONE',  ( 0.0000000000000000000, 0.0000000000000000000, 1.000000000000000000 ) ) ;
#6580 = PRESENTATION_STYLE_ASSIGNMENT (( #4838 ) ) ;
#6581 = VERTEX_POINT ( 'NONE', #1828 ) ;
#6582 = VECTOR ( 'NONE', #494, 1000.000000000000000 ) ;
#6583 = CARTESIAN_POINT ( 'NONE',  ( 1.875000000000001554, -0.1000000000000000056, 0.0000000000000000000 ) ) ;
#6584 = EDGE_CURVE ( 'NONE', #3326, #6057, #4031, .T. ) ;
#6585 = VERTEX_POINT ( 'NONE', #4617 ) ;
#6586 = ORIENTED_EDGE ( 'NONE', *, *, #738, .T. ) ;
#6587 = VECTOR ( 'NONE', #1510, 1000.000000000000000 ) ;
#6588 = DIRECTION ( 'NONE',  ( 0.0000000000000000000, 0.0000000000000000000, 1.000000000000000000 ) ) ;
#6589 = PLANE ( 'NONE',  #608 ) ;
#6590 = DIRECTION ( 'NONE',  ( -7.885106708985461424E-16, 0.0000000000000000000, 1.000000000000000000 ) ) ;
#6591 = VERTEX_POINT ( 'NONE', #5787 ) ;
#6592 = EDGE_CURVE ( 'NONE', #3715, #5042, #1170, .T. ) ;
#6593 = VERTEX_POINT ( 'NONE', #5229 ) ;
#6594 = DIRECTION ( 'NONE',  ( 0.0000000000000000000, 0.0000000000000000000, 1.000000000000000000 ) ) ;
#6595 = DIRECTION ( 'NONE',  ( 0.0000000000000000000, -1.000000000000000000, 0.0000000000000000000 ) ) ;
#6596 = ORIENTED_EDGE ( 'NONE', *, *, #6995, .T. ) ;
#6597 = EDGE_LOOP ( 'NONE', ( #3988, #2527, #2173, #4534 ) ) ;
#6598 = DIRECTION ( 'NONE',  ( 0.0000000000000000000, 0.0000000000000000000, -1.000000000000000000 ) ) ;
#6599 = EDGE_CURVE ( 'NONE', #3955, #413, #3515, .T. ) ;
#6600 = VERTEX_POINT ( 'NONE', #3724 ) ;
#6601 = CARTESIAN_POINT ( 'NONE',  ( -3.224999999999998757, 0.0000000000000000000, 1.124999999999998224 ) ) ;
#6602 = ORIENTED_EDGE ( 'NONE', *, *, #1776, .F. ) ;
#6603 = CIRCLE ( 'NONE', #6362, 0.1250000000000001110 ) ;
#6604 = DIRECTION ( 'NONE',  ( -0.0000000000000000000, 1.000000000000000000, 0.0000000000000000000 ) ) ;
#6605 = VECTOR ( 'NONE', #6404, 1000.000000000000000 ) ;
#6606 = ORIENTED_EDGE ( 'NONE', *, *, #175, .T. ) ;
#6607 = CARTESIAN_POINT ( 'NONE',  ( 0.0000000000000000000, 0.0000000000000000000, 0.6250000000000028866 ) ) ;
#6608 = FACE_OUTER_BOUND ( 'NONE', #4672, .T. ) ;
#6609 = DIRECTION ( 'NONE',  ( 1.239088197126291063E-16, 0.0000000000000000000, 1.000000000000000000 ) ) ;
#6610 = AXIS2_PLACEMENT_3D ( 'NONE', #7219, #3696, #6588 ) ;
#6611 = CARTESIAN_POINT ( 'NONE',  ( -1.375000000000000666, -0.1000000000000000056, 0.0000000000000000000 ) ) ;
#6612 = CARTESIAN_POINT ( 'NONE',  ( 0.3750000000000000000, -0.1000000000000000056, 0.0000000000000000000 ) ) ;
#6613 = EDGE_CURVE ( 'NONE', #7460, #4027, #4340, .T. ) ;
#6614 = CARTESIAN_POINT ( 'NONE',  ( 0.1250000000000027200, 0.0000000000000000000, -3.224999999999995204 ) ) ;
#6615 = VERTEX_POINT ( 'NONE', #7176 ) ;
#6616 = CARTESIAN_POINT ( 'NONE',  ( 0.0000000000000000000, -0.1000000000000000056, -1.875000000000001776 ) ) ;
#6617 = CARTESIAN_POINT ( 'NONE',  ( 1.625000000000002665, -0.1000000000000000056, -3.224999999999995204 ) ) ;
#6618 = CIRCLE ( 'NONE', #2000, 0.1249999999999992506 ) ;
#6619 = DIRECTION ( 'NONE',  ( 0.0000000000000000000, 1.000000000000000000, 0.0000000000000000000 ) ) ;
#6620 = ORIENTED_EDGE ( 'NONE', *, *, #498, .F. ) ;
#6621 = ORIENTED_EDGE ( 'NONE', *, *, #531, .F. ) ;
#6622 = AXIS2_PLACEMENT_3D ( 'NONE', #4937, #3261, #3299 ) ;
#6623 = VECTOR ( 'NONE', #1347, 1000.000000000000000 ) ;
#6624 = LINE ( 'NONE', #1328, #4684 ) ;
#6625 = DIRECTION ( 'NONE',  ( 0.0000000000000000000, 1.000000000000000000, 0.0000000000000000000 ) ) ;
#6626 = DIRECTION ( 'NONE',  ( -0.0000000000000000000, -1.000000000000000000, -0.0000000000000000000 ) ) ;
#6627 = DIRECTION ( 'NONE',  ( 0.0000000000000000000, 1.000000000000000000, -0.0000000000000000000 ) ) ;
#6628 = AXIS2_PLACEMENT_3D ( 'NONE', #2017, #291, #6725 ) ;
#6629 = VERTEX_POINT ( 'NONE', #2500 ) ;
#6630 = ORIENTED_EDGE ( 'NONE', *, *, #725, .T. ) ;
#6631 = CARTESIAN_POINT ( 'NONE',  ( 0.8750000000000012212, 0.0000000000000000000, 0.0000000000000000000 ) ) ;
#6632 = CARTESIAN_POINT ( 'NONE',  ( -3.499999999999999112, -0.1000000000000000472, -3.499999999999999112 ) ) ;
#6633 = EDGE_LOOP ( 'NONE', ( #1121, #4711, #5814, #1951 ) ) ;
#6634 = VERTEX_POINT ( 'NONE', #1359 ) ;
#6635 = DIRECTION ( 'NONE',  ( -0.0000000000000000000, -1.000000000000000000, -0.0000000000000000000 ) ) ;
#6636 = VERTEX_POINT ( 'NONE', #706 ) ;
#6637 = PLANE ( 'NONE',  #6911 ) ;
#6638 = ORIENTED_EDGE ( 'NONE', *, *, #7336, .F. ) ;
#6639 = AXIS2_PLACEMENT_3D ( 'NONE', #5834, #122, #3565 ) ;
#6640 = EDGE_CURVE ( 'NONE', #1896, #202, #5406, .T. ) ;
#6641 = EDGE_CURVE ( 'NONE', #3591, #6748, #7138, .T. ) ;
#6642 = DIRECTION ( 'NONE',  ( 0.0000000000000000000, -1.000000000000000000, 0.0000000000000000000 ) ) ;
#6643 = CARTESIAN_POINT ( 'NONE',  ( 2.500000000000000444, 0.0000000000000000000, -2.499999999999999556 ) ) ;
#6644 = VERTEX_POINT ( 'NONE', #254 ) ;
#6645 = VECTOR ( 'NONE', #2569, 1000.000000000000000 ) ;
#6646 = DIRECTION ( 'NONE',  ( 0.0000000000000000000, 1.000000000000000000, 0.0000000000000000000 ) ) ;
#6647 = ADVANCED_FACE ( 'NONE', ( #1941 ), #3691, .F. ) ;
#6648 = CARTESIAN_POINT ( 'NONE',  ( 3.000000000000000888, 0.9000000000000001332, 3.000000000000000888 ) ) ;
#6649 = EDGE_CURVE ( 'NONE', #2036, #3763, #6078, .T. ) ;
#6650 = DIRECTION ( 'NONE',  ( 0.0000000000000000000, -0.0000000000000000000, -1.000000000000000000 ) ) ;
#6651 = CARTESIAN_POINT ( 'NONE',  ( -3.224999999999998757, -0.1000000000000000056, 1.249999999999998224 ) ) ;
#6652 = ORIENTED_EDGE ( 'NONE', *, *, #2363, .F. ) ;
#6653 = CARTESIAN_POINT ( 'NONE',  ( 0.0000000000000000000, 0.0000000000000000000, 3.500000000000000888 ) ) ;
#6654 = DIRECTION ( 'NONE',  ( 0.0000000000000000000, -1.000000000000000000, 0.0000000000000000000 ) ) ;
#6655 = DIRECTION ( 'NONE',  ( -0.0000000000000000000, -1.000000000000000000, -0.0000000000000000000 ) ) ;
#6656 = ORIENTED_EDGE ( 'NONE', *, *, #4675, .T. ) ;
#6657 = LINE ( 'NONE', #6006, #6433 ) ;
#6658 = ORIENTED_EDGE ( 'NONE', *, *, #5212, .T. ) ;
#6659 = EDGE_CURVE ( 'NONE', #3585, #5091, #4231, .T. ) ;
#6660 = CARTESIAN_POINT ( 'NONE',  ( 3.500000000000001332, 0.0000000000000000000, 0.0000000000000000000 ) ) ;
#6661 = LINE ( 'NONE', #4774, #3587 ) ;
#6662 = DIRECTION ( 'NONE',  ( -0.0000000000000000000, 1.000000000000000000, 0.0000000000000000000 ) ) ;
#6663 = CARTESIAN_POINT ( 'NONE',  ( -2.625000000000000000, -0.1000000000000000056, 3.225000000000000533 ) ) ;
#6664 = CARTESIAN_POINT ( 'NONE',  ( 0.0000000000000000000, -0.1000000000000000056, 0.0000000000000000000 ) ) ;
#6665 = ORIENTED_EDGE ( 'NONE', *, *, #5082, .F. ) ;
#6666 = CIRCLE ( 'NONE', #6682, 0.2500000000000002220 ) ;
#6667 = DIRECTION ( 'NONE',  ( -1.000000000000000000, -0.0000000000000000000, -0.0000000000000000000 ) ) ;
#6668 = VERTEX_POINT ( 'NONE', #290 ) ;
#6669 = CARTESIAN_POINT ( 'NONE',  ( 1.625000000000002665, -0.1000000000000000056, 0.0000000000000000000 ) ) ;
#6670 = DIRECTION ( 'NONE',  ( -1.000000000000000000, 0.0000000000000000000, -0.0000000000000000000 ) ) ;
#6671 = CARTESIAN_POINT ( 'NONE',  ( -3.499999999999998224, -0.1000000000000000333, -1.375000000000001776 ) ) ;
#6672 = ORIENTED_EDGE ( 'NONE', *, *, #6096, .T. ) ;
#6673 = LINE ( 'NONE', #7194, #4317 ) ;
#6674 = ORIENTED_EDGE ( 'NONE', *, *, #6440, .T. ) ;
#6675 = PLANE ( 'NONE',  #6070 ) ;
#6676 = ORIENTED_EDGE ( 'NONE', *, *, #1856, .T. ) ;
#6677 = VECTOR ( 'NONE', #4665, 1000.000000000000000 ) ;
#6678 = CARTESIAN_POINT ( 'NONE',  ( 1.749999999999999778, -0.1000000000000000056, 3.225000000000000533 ) ) ;
#6679 = CYLINDRICAL_SURFACE ( 'NONE', #382, 0.2500000000000002220 ) ;
#6680 = VECTOR ( 'NONE', #976, 1000.000000000000000 ) ;
#6681 = FACE_OUTER_BOUND ( 'NONE', #1921, .T. ) ;
#6682 = AXIS2_PLACEMENT_3D ( 'NONE', #4275, #265, #5564 ) ;
#6683 = LINE ( 'NONE', #209, #3752 ) ;
#6684 = VECTOR ( 'NONE', #5546, 1000.000000000000000 ) ;
#6685 = DIRECTION ( 'NONE',  ( -0.0000000000000000000, 0.0000000000000000000, -1.000000000000000000 ) ) ;
#6686 = CARTESIAN_POINT ( 'NONE',  ( 3.225000000000001421, 0.0000000000000000000, 2.375000000000002220 ) ) ;
#6687 = CARTESIAN_POINT ( 'NONE',  ( 3.000000000000000888, 1.000000000000000000, 3.000000000000000888 ) ) ;
#6688 = ORIENTED_EDGE ( 'NONE', *, *, #5399, .T. ) ;
#6689 = EDGE_CURVE ( 'NONE', #3556, #1351, #4890, .T. ) ;
#6690 = DIRECTION ( 'NONE',  ( -0.0000000000000000000, -1.000000000000000000, -0.0000000000000000000 ) ) ;
#6691 = DIRECTION ( 'NONE',  ( 0.0000000000000000000, 1.000000000000000000, 0.0000000000000000000 ) ) ;
#6692 = EDGE_LOOP ( 'NONE', ( #4251, #4839, #6216, #1542 ) ) ;
#6693 = EDGE_CURVE ( 'NONE', #6389, #3452, #4301, .T. ) ;
#6694 = DIRECTION ( 'NONE',  ( -0.0000000000000000000, -1.000000000000000000, -0.0000000000000000000 ) ) ;
#6695 = ORIENTED_EDGE ( 'NONE', *, *, #646, .T. ) ;
#6696 = DIRECTION ( 'NONE',  ( 0.0000000000000000000, 1.000000000000000000, 0.0000000000000000000 ) ) ;
#6697 = CARTESIAN_POINT ( 'NONE',  ( 0.6249999999999997780, -0.1000000000000000056, 0.0000000000000000000 ) ) ;
#6698 = CIRCLE ( 'NONE', #5846, 0.1250000000000001110 ) ;
#6699 = LINE ( 'NONE', #1481, #6322 ) ;
#6700 = DIRECTION ( 'NONE',  ( 0.0000000000000000000, 0.0000000000000000000, 1.000000000000000000 ) ) ;
#6701 = CARTESIAN_POINT ( 'NONE',  ( 0.1250000000000000833, -0.1000000000000000333, 3.500000000000000888 ) ) ;
#6702 = PLANE ( 'NONE',  #2028 ) ;
#6703 = ORIENTED_EDGE ( 'NONE', *, *, #1060, .T. ) ;
#6704 = VECTOR ( 'NONE', #1196, 1000.000000000000000 ) ;
#6705 = DIRECTION ( 'NONE',  ( 0.0000000000000000000, 0.0000000000000000000, -1.000000000000000000 ) ) ;
#6706 = ORIENTED_EDGE ( 'NONE', *, *, #6599, .T. ) ;
#6707 = DIRECTION ( 'NONE',  ( 0.0000000000000000000, 0.0000000000000000000, 1.000000000000000000 ) ) ;
#6708 = EDGE_CURVE ( 'NONE', #1064, #685, #1219, .T. ) ;
#6709 = CARTESIAN_POINT ( 'NONE',  ( -3.499999999999999112, 0.0000000000000000000, -2.375000000000002220 ) ) ;
#6710 = ORIENTED_EDGE ( 'NONE', *, *, #3393, .F. ) ;
#6711 = VERTEX_POINT ( 'NONE', #849 ) ;
#6712 = LINE ( 'NONE', #4898, #5297 ) ;
#6713 = VERTEX_POINT ( 'NONE', #3204 ) ;
#6714 = LINE ( 'NONE', #5574, #4078 ) ;
#6715 = EDGE_CURVE ( 'NONE', #5691, #5052, #5480, .T. ) ;
#6716 = DIRECTION ( 'NONE',  ( 0.0000000000000000000, 1.000000000000000000, 0.0000000000000000000 ) ) ;
#6717 = LINE ( 'NONE', #6149, #3229 ) ;
#6718 = ORIENTED_EDGE ( 'NONE', *, *, #5447, .F. ) ;
#6719 = DIRECTION ( 'NONE',  ( 0.0000000000000000000, 0.0000000000000000000, 1.000000000000000000 ) ) ;
#6720 = CARTESIAN_POINT ( 'NONE',  ( 2.375000000000001332, 0.0000000000000000000, -3.499999999999999112 ) ) ;
#6721 = CARTESIAN_POINT ( 'NONE',  ( -2.749999999999998224, -0.1000000000000000056, -3.224999999999995204 ) ) ;
#6722 = DIRECTION ( 'NONE',  ( 9.856383386231840338E-17, 0.0000000000000000000, -1.000000000000000000 ) ) ;
#6723 = ORIENTED_EDGE ( 'NONE', *, *, #4620, .T. ) ;
#6724 = LINE ( 'NONE', #1629, #1720 ) ;
#6725 = DIRECTION ( 'NONE',  ( 0.0000000000000000000, 0.0000000000000000000, 1.000000000000000000 ) ) ;
#6726 = ORIENTED_EDGE ( 'NONE', *, *, #4545, .T. ) ;
#6727 = CARTESIAN_POINT ( 'NONE',  ( 1.749999999999999778, 0.0000000000000000000, 3.225000000000000533 ) ) ;
#6728 = EDGE_LOOP ( 'NONE', ( #410, #5329, #7133, #1186 ) ) ;
#6729 = ORIENTED_EDGE ( 'NONE', *, *, #3555, .F. ) ;
#6730 = DIRECTION ( 'NONE',  ( 0.0000000000000000000, 0.0000000000000000000, 1.000000000000000000 ) ) ;
#6731 = VECTOR ( 'NONE', #5578, 1000.000000000000000 ) ;
#6732 = DIRECTION ( 'NONE',  ( -0.0000000000000000000, -1.000000000000000000, -0.0000000000000000000 ) ) ;
#6733 = CIRCLE ( 'NONE', #5164, 0.1249999999999992506 ) ;
#6734 = CARTESIAN_POINT ( 'NONE',  ( 3.500000000000000888, 0.0000000000000000000, -2.624999999999997335 ) ) ;
#6735 =( NAMED_UNIT ( * ) PLANE_ANGLE_UNIT ( ) SI_UNIT ( $, .RADIAN. ) );
#6736 = CARTESIAN_POINT ( 'NONE',  ( -2.749999999999998224, -0.1000000000000000056, -3.099999999999996092 ) ) ;
#6737 = VERTEX_POINT ( 'NONE', #3624 ) ;
#6738 = VECTOR ( 'NONE', #3532, 1000.000000000000000 ) ;
#6739 = VECTOR ( 'NONE', #6989, 1000.000000000000000 ) ;
#6740 = EDGE_CURVE ( 'NONE', #6937, #4716, #740, .T. ) ;
#6741 = CARTESIAN_POINT ( 'NONE',  ( -2.375000000000000444, -0.1000000000000000056, 0.0000000000000000000 ) ) ;
#6742 = ORIENTED_EDGE ( 'NONE', *, *, #821, .T. ) ;
#6743 = CARTESIAN_POINT ( 'NONE',  ( 0.6249999999999997780, -0.1000000000000000056, 0.0000000000000000000 ) ) ;
#6744 = DIRECTION ( 'NONE',  ( 0.0000000000000000000, 1.000000000000000000, -0.0000000000000000000 ) ) ;
#6745 = LINE ( 'NONE', #2886, #3928 ) ;
#6746 = ORIENTED_EDGE ( 'NONE', *, *, #3713, .F. ) ;
#6747 = DIRECTION ( 'NONE',  ( 0.0000000000000000000, 1.000000000000000000, 0.0000000000000000000 ) ) ;
#6748 = VERTEX_POINT ( 'NONE', #214 ) ;
#6749 = EDGE_LOOP ( 'NONE', ( #2405, #4875, #3147, #7370 ) ) ;
#6750 = VECTOR ( 'NONE', #2175, 1000.000000000000000 ) ;
#6751 = EDGE_CURVE ( 'NONE', #3729, #3763, #6698, .T. ) ;
#6752 = CARTESIAN_POINT ( 'NONE',  ( 3.500000000000000888, -0.1000000000000000472, -3.499999999999999112 ) ) ;
#6753 = VERTEX_POINT ( 'NONE', #2640 ) ;
#6754 = LINE ( 'NONE', #2629, #623 ) ;
#6755 = FACE_OUTER_BOUND ( 'NONE', #121, .T. ) ;
#6756 = EDGE_LOOP ( 'NONE', ( #1084, #113 ) ) ;
#6757 = DIRECTION ( 'NONE',  ( 0.0000000000000000000, 0.0000000000000000000, -1.000000000000000000 ) ) ;
#6758 = CARTESIAN_POINT ( 'NONE',  ( -0.3750000000000002220, -0.1000000000000000056, 3.225000000000000533 ) ) ;
#6759 = LINE ( 'NONE', #3873, #1640 ) ;
#6760 = CARTESIAN_POINT ( 'NONE',  ( -0.7499999999999982236, -0.1000000000000000056, -3.099999999999996092 ) ) ;
#6761 = VECTOR ( 'NONE', #6902, 1000.000000000000000 ) ;
#6762 = ORIENTED_EDGE ( 'NONE', *, *, #1097, .F. ) ;
#6763 = CARTESIAN_POINT ( 'NONE',  ( 0.3749999999999998890, -0.1000000000000000333, 3.500000000000000888 ) ) ;
#6764 = DIRECTION ( 'NONE',  ( -1.000000000000000000, 0.0000000000000000000, -0.0000000000000000000 ) ) ;
#6765 = EDGE_LOOP ( 'NONE', ( #5422, #954, #2782, #4619 ) ) ;
#6766 = CARTESIAN_POINT ( 'NONE',  ( -3.499999999999998668, 1.000000000000000000, 3.500000000000000888 ) ) ;
#6767 = VERTEX_POINT ( 'NONE', #7105 ) ;
#6768 = DIRECTION ( 'NONE',  ( 0.0000000000000000000, 0.0000000000000000000, 1.000000000000000000 ) ) ;
#6769 = ORIENTED_EDGE ( 'NONE', *, *, #3564, .T. ) ;
#6770 = EDGE_CURVE ( 'NONE', #7159, #5727, #181, .T. ) ;
#6771 = DIRECTION ( 'NONE',  ( 0.0000000000000000000, 1.000000000000000000, -0.0000000000000000000 ) ) ;
#6772 = PLANE ( 'NONE',  #3103 ) ;
#6773 = CARTESIAN_POINT ( 'NONE',  ( -3.499999999999999112, 1.000000000000000000, -3.499999999999999112 ) ) ;
#6774 = SURFACE_SIDE_STYLE ('',( #937 ) ) ;
#6775 = FACE_OUTER_BOUND ( 'NONE', #2120, .T. ) ;
#6776 = ORIENTED_EDGE ( 'NONE', *, *, #4444, .F. ) ;
#6777 = ADVANCED_FACE ( 'NONE', ( #5926 ), #1901, .F. ) ;
#6778 = EDGE_CURVE ( 'NONE', #5465, #2582, #7323, .T. ) ;
#6779 = PLANE ( 'NONE',  #1749 ) ;
#6780 = ORIENTED_EDGE ( 'NONE', *, *, #3860, .T. ) ;
#6781 = DIRECTION ( 'NONE',  ( 0.0000000000000000000, 0.0000000000000000000, -1.000000000000000000 ) ) ;
#6782 = CARTESIAN_POINT ( 'NONE',  ( -3.499999999999998224, -0.1000000000000000472, 3.500000000000000888 ) ) ;
#6783 = CARTESIAN_POINT ( 'NONE',  ( -0.7499999999999982236, 0.0000000000000000000, -3.224999999999995204 ) ) ;
#6784 = ORIENTED_EDGE ( 'NONE', *, *, #2915, .T. ) ;
#6785 = ADVANCED_FACE ( 'NONE', ( #367 ), #1591, .T. ) ;
#6786 = DIRECTION ( 'NONE',  ( 0.0000000000000000000, 0.0000000000000000000, 1.000000000000000000 ) ) ;
#6787 = ORIENTED_EDGE ( 'NONE', *, *, #826, .T. ) ;
#6788 = DIRECTION ( 'NONE',  ( 0.0000000000000000000, 1.000000000000000000, 0.0000000000000000000 ) ) ;
#6789 = EDGE_CURVE ( 'NONE', #1351, #2662, #1043, .T. ) ;
#6790 = AXIS2_PLACEMENT_3D ( 'NONE', #1122, #1199, #2418 ) ;
#6791 = CARTESIAN_POINT ( 'NONE',  ( -0.8750000000000002220, -0.1000000000000000056, 3.225000000000000533 ) ) ;
#6792 = ORIENTED_EDGE ( 'NONE', *, *, #6641, .F. ) ;
#6793 = DIRECTION ( 'NONE',  ( 1.000000000000000000, 0.0000000000000000000, -0.0000000000000000000 ) ) ;
#6794 = CARTESIAN_POINT ( 'NONE',  ( 2.500000000000000444, -0.1000000000000000056, -2.499999999999999556 ) ) ;
#6795 = ORIENTED_EDGE ( 'NONE', *, *, #7432, .F. ) ;
#6796 = VECTOR ( 'NONE', #3871, 1000.000000000000000 ) ;
#6797 = LINE ( 'NONE', #360, #7395 ) ;
#6798 = LINE ( 'NONE', #1626, #6115 ) ;
#6799 = CARTESIAN_POINT ( 'NONE',  ( -3.499999999999998668, 0.0000000000000000000, 0.0000000000000000000 ) ) ;
#6800 = CIRCLE ( 'NONE', #712, 0.1249999999999992506 ) ;
#6801 = DIRECTION ( 'NONE',  ( 0.0000000000000000000, -1.000000000000000000, 0.0000000000000000000 ) ) ;
#6802 = EDGE_LOOP ( 'NONE', ( #7161, #2942, #524, #3172 ) ) ;
#6803 = EDGE_CURVE ( 'NONE', #339, #1070, #7249, .T. ) ;
#6804 = DIRECTION ( 'NONE',  ( 0.0000000000000000000, 0.0000000000000000000, 1.000000000000000000 ) ) ;
#6805 = CARTESIAN_POINT ( 'NONE',  ( 2.625000000000002665, -0.1000000000000000056, -3.224999999999995204 ) ) ;
#6806 = VERTEX_POINT ( 'NONE', #6763 ) ;
#6807 = FACE_OUTER_BOUND ( 'NONE', #3647, .T. ) ;
#6808 = ORIENTED_EDGE ( 'NONE', *, *, #4183, .F. ) ;
#6809 = DIRECTION ( 'NONE',  ( 0.0000000000000000000, -0.0000000000000000000, -1.000000000000000000 ) ) ;
#6810 = ORIENTED_EDGE ( 'NONE', *, *, #3847, .F. ) ;
#6811 = VECTOR ( 'NONE', #444, 1000.000000000000000 ) ;
#6812 = DIRECTION ( 'NONE',  ( 0.0000000000000000000, 0.0000000000000000000, -1.000000000000000000 ) ) ;
#6813 = CARTESIAN_POINT ( 'NONE',  ( -0.8749999999999973355, 1.000000000000000000, -3.499999999999999112 ) ) ;
#6814 = LINE ( 'NONE', #3287, #6068 ) ;
#6815 = VECTOR ( 'NONE', #1138, 1000.000000000000000 ) ;
#6816 = LINE ( 'NONE', #3250, #3313 ) ;
#6817 = EDGE_CURVE ( 'NONE', #4538, #3652, #4989, .T. ) ;
#6818 = CARTESIAN_POINT ( 'NONE',  ( 0.0000000000000000000, -0.1000000000000000056, 1.125000000000002665 ) ) ;
#6819 = VERTEX_POINT ( 'NONE', #1472 ) ;
#6820 = PLANE ( 'NONE',  #6445 ) ;
#6821 = CIRCLE ( 'NONE', #1594, 0.1250000000000001110 ) ;
#6822 = CARTESIAN_POINT ( 'NONE',  ( -3.499999999999998668, 0.0000000000000000000, 0.6249999999999983347 ) ) ;
#6823 = EDGE_LOOP ( 'NONE', ( #3019, #6164, #5776, #7010 ) ) ;
#6824 = DIRECTION ( 'NONE',  ( 3.154042683594169187E-15, 0.0000000000000000000, -1.000000000000000000 ) ) ;
#6825 = LINE ( 'NONE', #4627, #1890 ) ;
#6826 = CARTESIAN_POINT ( 'NONE',  ( 1.875000000000001554, -0.1000000000000000056, -3.224999999999995204 ) ) ;
#6827 = ORIENTED_EDGE ( 'NONE', *, *, #1816, .T. ) ;
#6828 = AXIS2_PLACEMENT_3D ( 'NONE', #4868, #136, #3050 ) ;
#6829 = DIRECTION ( 'NONE',  ( 0.0000000000000000000, 1.000000000000000000, 0.0000000000000000000 ) ) ;
#6830 = ORIENTED_EDGE ( 'NONE', *, *, #6592, .T. ) ;
#6831 = CARTESIAN_POINT ( 'NONE',  ( -2.874999999999997335, 0.0000000000000000000, 0.0000000000000000000 ) ) ;
#6832 = ORIENTED_EDGE ( 'NONE', *, *, #7489, .T. ) ;
#6833 = VERTEX_POINT ( 'NONE', #3242 ) ;
#6834 = ORIENTED_EDGE ( 'NONE', *, *, #2039, .F. ) ;
#6835 = DIRECTION ( 'NONE',  ( 1.000000000000000000, 0.0000000000000000000, -0.0000000000000000000 ) ) ;
#6836 = LINE ( 'NONE', #4640, #3592 ) ;
#6837 = VECTOR ( 'NONE', #1154, 1000.000000000000000 ) ;
#6838 = VECTOR ( 'NONE', #4935, 1000.000000000000000 ) ;
#6839 = FACE_OUTER_BOUND ( 'NONE', #5479, .T. ) ;
#6840 = ADVANCED_FACE ( 'NONE', ( #2754 ), #3320, .T. ) ;
#6841 = PLANE ( 'NONE',  #5509 ) ;
#6842 = CARTESIAN_POINT ( 'NONE',  ( 3.500000000000001776, 0.0000000000000000000, 0.0000000000000000000 ) ) ;
#6843 = ORIENTED_EDGE ( 'NONE', *, *, #3092, .T. ) ;
#6844 = FACE_OUTER_BOUND ( 'NONE', #3071, .T. ) ;
#6845 = ORIENTED_EDGE ( 'NONE', *, *, #6037, .F. ) ;
#6846 = ORIENTED_EDGE ( 'NONE', *, *, #230, .F. ) ;
#6847 = FACE_OUTER_BOUND ( 'NONE', #4521, .T. ) ;
#6848 = VERTEX_POINT ( 'NONE', #5103 ) ;
#6849 = VECTOR ( 'NONE', #6685, 1000.000000000000000 ) ;
#6850 = ADVANCED_FACE ( 'NONE', ( #7365 ), #2717, .F. ) ;
#6851 = CYLINDRICAL_SURFACE ( 'NONE', #3459, 0.1249999999999992506 ) ;
#6852 = CARTESIAN_POINT ( 'NONE',  ( 3.500000000000000888, -0.1000000000000000472, -3.499999999999999112 ) ) ;
#6853 = CARTESIAN_POINT ( 'NONE',  ( 2.750000000000002665, 0.0000000000000000000, -3.099999999999996092 ) ) ;
#6854 = PLANE ( 'NONE',  #7175 ) ;
#6855 = DIRECTION ( 'NONE',  ( 0.0000000000000000000, 0.0000000000000000000, 1.000000000000000000 ) ) ;
#6856 = ORIENTED_EDGE ( 'NONE', *, *, #2107, .F. ) ;
#6857 = AXIS2_PLACEMENT_3D ( 'NONE', #2467, #4309, #3139 ) ;
#6858 = EDGE_CURVE ( 'NONE', #57, #1998, #2092, .T. ) ;
#6859 = CARTESIAN_POINT ( 'NONE',  ( 0.0000000000000000000, -0.1000000000000000056, -0.1250000000000016376 ) ) ;
#6860 = EDGE_LOOP ( 'NONE', ( #3832, #2825, #5689, #4318 ) ) ;
#6861 = CARTESIAN_POINT ( 'NONE',  ( 0.0000000000000000000, -0.1000000000000000056, -1.374999999999997335 ) ) ;
#6862 = LINE ( 'NONE', #1024, #4203 ) ;
#6863 = ORIENTED_EDGE ( 'NONE', *, *, #5420, .T. ) ;
#6864 = VECTOR ( 'NONE', #6226, 1000.000000000000000 ) ;
#6865 = DIRECTION ( 'NONE',  ( 1.000000000000000000, -0.0000000000000000000, 0.0000000000000000000 ) ) ;
#6866 = ORIENTED_EDGE ( 'NONE', *, *, #241, .T. ) ;
#6867 = LINE ( 'NONE', #7461, #5573 ) ;
#6868 = ORIENTED_EDGE ( 'NONE', *, *, #724, .F. ) ;
#6869 = VECTOR ( 'NONE', #2855, 1000.000000000000000 ) ;
#6870 = VECTOR ( 'NONE', #3614, 1000.000000000000000 ) ;
#6871 = ORIENTED_EDGE ( 'NONE', *, *, #3719, .T. ) ;
#6872 = ORIENTED_EDGE ( 'NONE', *, *, #490, .T. ) ;
#6873 = LINE ( 'NONE', #4097, #4535 ) ;
#6874 = CARTESIAN_POINT ( 'NONE',  ( -1.375000000000000666, -0.1000000000000000056, 0.0000000000000000000 ) ) ;
#6875 = ORIENTED_EDGE ( 'NONE', *, *, #4145, .F. ) ;
#6876 = AXIS2_PLACEMENT_3D ( 'NONE', #3991, #7437, #5705 ) ;
#6877 = LINE ( 'NONE', #4485, #3289 ) ;
#6878 = LINE ( 'NONE', #1663, #6488 ) ;
#6879 = DIRECTION ( 'NONE',  ( 0.0000000000000000000, 1.000000000000000000, 0.0000000000000000000 ) ) ;
#6880 = DIRECTION ( 'NONE',  ( 1.000000000000000000, 0.0000000000000000000, -0.0000000000000000000 ) ) ;
#6881 = SURFACE_SIDE_STYLE ('',( #4537 ) ) ;
#6882 = ORIENTED_EDGE ( 'NONE', *, *, #5264, .F. ) ;
#6883 = EDGE_CURVE ( 'NONE', #3947, #60, #6724, .T. ) ;
#6884 = ORIENTED_EDGE ( 'NONE', *, *, #426, .F. ) ;
#6885 = DIRECTION ( 'NONE',  ( -0.0000000000000000000, -1.000000000000000000, -0.0000000000000000000 ) ) ;
#6886 = ORIENTED_EDGE ( 'NONE', *, *, #2111, .T. ) ;
#6887 = APPLICATION_CONTEXT ( 'automotive_design' ) ;
#6888 = EDGE_CURVE ( 'NONE', #4641, #2733, #483, .T. ) ;
#6889 = LINE ( 'NONE', #1637, #7434 ) ;
#6890 = VECTOR ( 'NONE', #1371, 1000.000000000000000 ) ;
#6891 = CARTESIAN_POINT ( 'NONE',  ( -0.2500000000000002220, -0.1000000000000000056, 3.225000000000000533 ) ) ;
#6892 = DIRECTION ( 'NONE',  ( 0.0000000000000000000, 0.0000000000000000000, 1.000000000000000000 ) ) ;
#6893 = LINE ( 'NONE', #6129, #5608 ) ;
#6894 = DIRECTION ( 'NONE',  ( 0.0000000000000000000, -0.0000000000000000000, -1.000000000000000000 ) ) ;
#6895 = ADVANCED_FACE ( 'NONE', ( #3840 ), #5069, .F. ) ;
#6896 = ORIENTED_EDGE ( 'NONE', *, *, #6125, .T. ) ;
#6897 = CIRCLE ( 'NONE', #3621, 0.1250000000000001110 ) ;
#6898 = DIRECTION ( 'NONE',  ( -0.0000000000000000000, 0.0000000000000000000, 1.000000000000000000 ) ) ;
#6899 = LINE ( 'NONE', #5829, #1446 ) ;
#6900 = LINE ( 'NONE', #2313, #5062 ) ;
#6901 = ORIENTED_EDGE ( 'NONE', *, *, #4517, .T. ) ;
#6902 = DIRECTION ( 'NONE',  ( 0.0000000000000000000, 1.000000000000000000, 0.0000000000000000000 ) ) ;
#6903 = EDGE_CURVE ( 'NONE', #1914, #2781, #3921, .T. ) ;
#6904 = ORIENTED_EDGE ( 'NONE', *, *, #2711, .T. ) ;
#6905 = VERTEX_POINT ( 'NONE', #6236 ) ;
#6906 = ORIENTED_EDGE ( 'NONE', *, *, #1599, .T. ) ;
#6907 = CARTESIAN_POINT ( 'NONE',  ( 0.0000000000000000000, -0.1000000000000000056, 2.875000000000002220 ) ) ;
#6908 = CARTESIAN_POINT ( 'NONE',  ( 0.3750000000000012768, -0.1000000000000000056, 0.0000000000000000000 ) ) ;
#6909 = ADVANCED_FACE ( 'NONE', ( #926 ), #447, .T. ) ;
#6910 = ORIENTED_EDGE ( 'NONE', *, *, #2341, .F. ) ;
#6911 = AXIS2_PLACEMENT_3D ( 'NONE', #5125, #5655, #2890 ) ;
#6912 = DIRECTION ( 'NONE',  ( 1.000000000000000000, 0.0000000000000000000, -0.0000000000000000000 ) ) ;
#6913 = DIRECTION ( 'NONE',  ( -0.0000000000000000000, -1.000000000000000000, 0.0000000000000000000 ) ) ;
#6914 = ORIENTED_EDGE ( 'NONE', *, *, #1413, .T. ) ;
#6915 = DIRECTION ( 'NONE',  ( -1.000000000000000000, -0.0000000000000000000, 0.0000000000000000000 ) ) ;
#6916 = AXIS2_PLACEMENT_3D ( 'NONE', #2179, #5674, #6768 ) ;
#6917 = CARTESIAN_POINT ( 'NONE',  ( 0.0000000000000000000, -0.1000000000000000056, 0.0000000000000000000 ) ) ;
#6918 = ORIENTED_EDGE ( 'NONE', *, *, #4218, .F. ) ;
#6919 = EDGE_CURVE ( 'NONE', #2584, #2399, #4374, .T. ) ;
#6920 = EDGE_LOOP ( 'NONE', ( #691, #2827, #4091, #1535 ) ) ;
#6921 = CARTESIAN_POINT ( 'NONE',  ( 1.875000000000001554, 0.0000000000000000000, -3.224999999999995204 ) ) ;
#6922 = ORIENTED_EDGE ( 'NONE', *, *, #51, .T. ) ;
#6923 = VECTOR ( 'NONE', #3833, 1000.000000000000000 ) ;
#6924 = DIRECTION ( 'NONE',  ( -0.0000000000000000000, -1.000000000000000000, 0.0000000000000000000 ) ) ;
#6925 = CARTESIAN_POINT ( 'NONE',  ( 3.225000000000001421, -0.1000000000000000056, -1.374999999999997335 ) ) ;
#6926 = DIRECTION ( 'NONE',  ( 0.0000000000000000000, 0.0000000000000000000, 1.000000000000000000 ) ) ;
#6927 = CARTESIAN_POINT ( 'NONE',  ( 0.8750000000000003331, 1.000000000000000000, 3.500000000000000888 ) ) ;
#6928 = VECTOR ( 'NONE', #3733, 1000.000000000000000 ) ;
#6929 = CARTESIAN_POINT ( 'NONE',  ( -3.499999999999998224, -0.1000000000000000472, 3.500000000000000888 ) ) ;
#6930 = ORIENTED_EDGE ( 'NONE', *, *, #7057, .T. ) ;
#6931 = DIRECTION ( 'NONE',  ( 0.0000000000000000000, 0.0000000000000000000, 1.000000000000000000 ) ) ;
#6932 = AXIS2_PLACEMENT_3D ( 'NONE', #6669, #7120, #5498 ) ;
#6933 = CARTESIAN_POINT ( 'NONE',  ( -3.224999999999998757, -0.1000000000000000056, 1.249999999999998224 ) ) ;
#6934 = DIRECTION ( 'NONE',  ( 1.000000000000000000, 0.0000000000000000000, -0.0000000000000000000 ) ) ;
#6935 = ADVANCED_FACE ( 'NONE', ( #6844 ), #5549, .T. ) ;
#6936 = DIRECTION ( 'NONE',  ( -0.0000000000000000000, 1.000000000000000000, 0.0000000000000000000 ) ) ;
#6937 = VERTEX_POINT ( 'NONE', #4573 ) ;
#6938 = ORIENTED_EDGE ( 'NONE', *, *, #3273, .F. ) ;
#6939 = VECTOR ( 'NONE', #4086, 1000.000000000000000 ) ;
#6940 = EDGE_CURVE ( 'NONE', #3078, #2588, #5850, .T. ) ;
#6941 = EDGE_CURVE ( 'NONE', #852, #2434, #3430, .T. ) ;
#6942 = EDGE_LOOP ( 'NONE', ( #1578, #5919, #621, #3544 ) ) ;
#6943 = LINE ( 'NONE', #325, #2938 ) ;
#6944 = ORIENTED_EDGE ( 'NONE', *, *, #1220, .T. ) ;
#6945 = DIRECTION ( 'NONE',  ( 0.0000000000000000000, -0.0000000000000000000, -1.000000000000000000 ) ) ;
#6946 = DIRECTION ( 'NONE',  ( 3.154042683594174709E-15, 0.0000000000000000000, -1.000000000000000000 ) ) ;
#6947 = ORIENTED_EDGE ( 'NONE', *, *, #2006, .F. ) ;
#6948 = DIRECTION ( 'NONE',  ( 0.0000000000000000000, -0.0000000000000000000, -1.000000000000000000 ) ) ;
#6949 = AXIS2_PLACEMENT_3D ( 'NONE', #3956, #6273, #2294 ) ;
#6950 = EDGE_CURVE ( 'NONE', #1061, #4858, #1744, .T. ) ;
#6951 = DIRECTION ( 'NONE',  ( -0.0000000000000000000, -1.000000000000000000, -0.0000000000000000000 ) ) ;
#6952 = DIRECTION ( 'NONE',  ( 0.0000000000000000000, 0.0000000000000000000, 1.000000000000000000 ) ) ;
#6953 = ORIENTED_EDGE ( 'NONE', *, *, #7432, .T. ) ;
#6954 = DIRECTION ( 'NONE',  ( -0.0000000000000000000, 1.000000000000000000, 0.0000000000000000000 ) ) ;
#6955 = CARTESIAN_POINT ( 'NONE',  ( 0.0000000000000000000, -0.1000000000000000056, 0.0000000000000000000 ) ) ;
#6956 = VERTEX_POINT ( 'NONE', #5291 ) ;
#6957 = CARTESIAN_POINT ( 'NONE',  ( 3.500000000000001332, 1.000000000000000000, 1.625000000000001110 ) ) ;
#6958 = ORIENTED_EDGE ( 'NONE', *, *, #4484, .F. ) ;
#6959 = VECTOR ( 'NONE', #375, 1000.000000000000000 ) ;
#6960 = DIRECTION ( 'NONE',  ( 0.0000000000000000000, 0.0000000000000000000, 1.000000000000000000 ) ) ;
#6961 = LINE ( 'NONE', #6398, #6375 ) ;
#6962 = CARTESIAN_POINT ( 'NONE',  ( 3.225000000000001421, -0.1000000000000000056, -1.874999999999997335 ) ) ;
#6963 = LINE ( 'NONE', #3442, #17 ) ;
#6964 = CARTESIAN_POINT ( 'NONE',  ( 0.1250000000000027200, -0.1000000000000000056, 0.0000000000000000000 ) ) ;
#6965 = ORIENTED_EDGE ( 'NONE', *, *, #7481, .T. ) ;
#6966 = ORIENTED_EDGE ( 'NONE', *, *, #437, .T. ) ;
#6967 = EDGE_CURVE ( 'NONE', #4069, #2150, #5253, .T. ) ;
#6968 = PLANE ( 'NONE',  #5348 ) ;
#6969 =( NAMED_UNIT ( * ) SI_UNIT ( $, .STERADIAN. ) SOLID_ANGLE_UNIT ( ) );
#6970 = CARTESIAN_POINT ( 'NONE',  ( -2.875000000000000444, -0.1000000000000000056, 0.0000000000000000000 ) ) ;
#6971 = ORIENTED_EDGE ( 'NONE', *, *, #4797, .F. ) ;
#6972 = CARTESIAN_POINT ( 'NONE',  ( 0.0000000000000000000, 0.0000000000000000000, -3.499999999999999112 ) ) ;
#6973 = EDGE_LOOP ( 'NONE', ( #6918, #110, #6294, #1415 ) ) ;
#6974 = DIRECTION ( 'NONE',  ( -0.0000000000000000000, -1.000000000000000000, -0.0000000000000000000 ) ) ;
#6975 = EDGE_CURVE ( 'NONE', #2879, #6033, #5777, .T. ) ;
#6976 = CIRCLE ( 'NONE', #4191, 0.1250000000000001110 ) ;
#6977 = EDGE_CURVE ( 'NONE', #1423, #6636, #2477, .T. ) ;
#6978 = AXIS2_PLACEMENT_3D ( 'NONE', #4564, #1620, #7392 ) ;
#6979 = ORIENTED_EDGE ( 'NONE', *, *, #2848, .F. ) ;
#6980 = PLANE ( 'NONE',  #718 ) ;
#6981 = VECTOR ( 'NONE', #4371, 1000.000000000000000 ) ;
#6982 = EDGE_LOOP ( 'NONE', ( #5804, #2695, #5419, #390 ) ) ;
#6983 = FACE_OUTER_BOUND ( 'NONE', #6238, .T. ) ;
#6984 = ORIENTED_EDGE ( 'NONE', *, *, #4709, .T. ) ;
#6985 = DIRECTION ( 'NONE',  ( -1.000000000000000000, 0.0000000000000000000, -0.0000000000000000000 ) ) ;
#6986 = EDGE_CURVE ( 'NONE', #14, #3981, #5135, .T. ) ;
#6987 = AXIS2_PLACEMENT_3D ( 'NONE', #4532, #479, #3467 ) ;
#6988 = DIRECTION ( 'NONE',  ( 0.0000000000000000000, -0.0000000000000000000, -1.000000000000000000 ) ) ;
#6989 = DIRECTION ( 'NONE',  ( -0.0000000000000000000, -1.000000000000000000, -0.0000000000000000000 ) ) ;
#6990 = EDGE_LOOP ( 'NONE', ( #220, #4713, #3362, #6298 ) ) ;
#6991 = CARTESIAN_POINT ( 'NONE',  ( 0.0000000000000000000, 0.0000000000000000000, 0.6249999999999982236 ) ) ;
#6992 = SURFACE_STYLE_USAGE ( .BOTH. , #6881 ) ;
#6993 = STYLED_ITEM ( 'NONE', ( #1784 ), #2437 ) ;
#6994 = VERTEX_POINT ( 'NONE', #4028 ) ;
#6995 = EDGE_CURVE ( 'NONE', #3810, #3606, #4067, .T. ) ;
#6996 = DIRECTION ( 'NONE',  ( 0.0000000000000000000, -0.0000000000000000000, 1.000000000000000000 ) ) ;
#6997 = DIRECTION ( 'NONE',  ( 0.0000000000000000000, 1.000000000000000000, 0.0000000000000000000 ) ) ;
#6998 = LINE ( 'NONE', #2982, #2385 ) ;
#6999 = CARTESIAN_POINT ( 'NONE',  ( -1.375000000000000666, 0.0000000000000000000, 0.0000000000000000000 ) ) ;
#7000 = ORIENTED_EDGE ( 'NONE', *, *, #3168, .F. ) ;
#7001 = FACE_OUTER_BOUND ( 'NONE', #5852, .T. ) ;
#7002 = FACE_OUTER_BOUND ( 'NONE', #7300, .T. ) ;
#7003 = ORIENTED_EDGE ( 'NONE', *, *, #6524, .T. ) ;
#7004 = LINE ( 'NONE', #6517, #2439 ) ;
#7005 = LINE ( 'NONE', #536, #6494 ) ;
#7006 = FACE_OUTER_BOUND ( 'NONE', #722, .T. ) ;
#7007 = DIRECTION ( 'NONE',  ( -0.0000000000000000000, -1.000000000000000000, -0.0000000000000000000 ) ) ;
#7008 = CARTESIAN_POINT ( 'NONE',  ( -3.224999999999998757, -0.1000000000000000056, 2.374999999999998668 ) ) ;
#7009 = AXIS2_PLACEMENT_3D ( 'NONE', #5031, #4061, #6385 ) ;
#7010 = ORIENTED_EDGE ( 'NONE', *, *, #2460, .T. ) ;
#7011 = DIRECTION ( 'NONE',  ( 0.0000000000000000000, 0.0000000000000000000, -1.000000000000000000 ) ) ;
#7012 = ORIENTED_EDGE ( 'NONE', *, *, #3605, .F. ) ;
#7013 = ORIENTED_EDGE ( 'NONE', *, *, #1448, .T. ) ;
#7014 = ORIENTED_EDGE ( 'NONE', *, *, #4104, .T. ) ;
#7015 = CARTESIAN_POINT ( 'NONE',  ( -2.875000000000000444, -0.1000000000000000056, 3.225000000000000533 ) ) ;
#7016 = DIRECTION ( 'NONE',  ( -0.0000000000000000000, -1.000000000000000000, -0.0000000000000000000 ) ) ;
#7017 = ORIENTED_EDGE ( 'NONE', *, *, #1067, .T. ) ;
#7018 = EDGE_CURVE ( 'NONE', #2639, #2614, #68, .T. ) ;
#7019 = LINE ( 'NONE', #1813, #1062 ) ;
#7020 = DIRECTION ( 'NONE',  ( 0.0000000000000000000, 0.0000000000000000000, 1.000000000000000000 ) ) ;
#7021 = ADVANCED_FACE ( 'NONE', ( #28 ), #1706, .F. ) ;
#7022 = VERTEX_POINT ( 'NONE', #5881 ) ;
#7023 = LINE ( 'NONE', #2334, #6704 ) ;
#7024 = DIRECTION ( 'NONE',  ( 0.0000000000000000000, -0.0000000000000000000, -1.000000000000000000 ) ) ;
#7025 = ORIENTED_EDGE ( 'NONE', *, *, #5942, .F. ) ;
#7026 = EDGE_CURVE ( 'NONE', #6600, #2662, #7023, .T. ) ;
#7027 = AXIS2_PLACEMENT_3D ( 'NONE', #822, #2615, #7263 ) ;
#7028 = CARTESIAN_POINT ( 'NONE',  ( 0.0000000000000000000, 0.0000000000000000000, 1.375000000000001998 ) ) ;
#7029 = ADVANCED_FACE ( 'NONE', ( #4687 ), #5139, .T. ) ;
#7030 = CARTESIAN_POINT ( 'NONE',  ( -0.6250000000000004441, -0.1000000000000000333, 3.500000000000000888 ) ) ;
#7031 = VECTOR ( 'NONE', #4295, 1000.000000000000000 ) ;
#7032 = EDGE_CURVE ( 'NONE', #3824, #6581, #6463, .T. ) ;
#7033 = CARTESIAN_POINT ( 'NONE',  ( -3.224999999999998757, -0.1000000000000000056, -0.7500000000000017764 ) ) ;
#7034 = ORIENTED_EDGE ( 'NONE', *, *, #2305, .T. ) ;
#7035 = LINE ( 'NONE', #6927, #1346 ) ;
#7036 = DIRECTION ( 'NONE',  ( -0.0000000000000000000, -0.0000000000000000000, 1.000000000000000000 ) ) ;
#7037 = CARTESIAN_POINT ( 'NONE',  ( 2.499999999999999556, -0.1000000000000000056, 2.750000000000000888 ) ) ;
#7038 = CARTESIAN_POINT ( 'NONE',  ( -1.624999999999998890, 0.0000000000000000000, -3.499999999999999112 ) ) ;
#7039 = EDGE_CURVE ( 'NONE', #987, #618, #7182, .T. ) ;
#7040 = LINE ( 'NONE', #6480, #5584 ) ;
#7041 = AXIS2_PLACEMENT_3D ( 'NONE', #566, #3441, #4038 ) ;
#7042 = AXIS2_PLACEMENT_3D ( 'NONE', #1730, #6974, #4518 ) ;
#7043 = DIRECTION ( 'NONE',  ( 1.000000000000000000, 0.0000000000000000000, -0.0000000000000000000 ) ) ;
#7044 = ORIENTED_EDGE ( 'NONE', *, *, #3764, .T. ) ;
#7045 = ORIENTED_EDGE ( 'NONE', *, *, #4024, .F. ) ;
#7046 = ORIENTED_EDGE ( 'NONE', *, *, #7056, .F. ) ;
#7047 = CIRCLE ( 'NONE', #3540, 0.1249999999999992506 ) ;
#7048 = EDGE_LOOP ( 'NONE', ( #4242, #1165, #5929, #1389 ) ) ;
#7049 = ORIENTED_EDGE ( 'NONE', *, *, #1350, .T. ) ;
#7050 = DIRECTION ( 'NONE',  ( 0.0000000000000000000, 1.000000000000000000, 0.0000000000000000000 ) ) ;
#7051 = VECTOR ( 'NONE', #6561, 1000.000000000000000 ) ;
#7052 = CARTESIAN_POINT ( 'NONE',  ( 2.875000000000001332, -0.1000000000000000056, -3.224999999999995204 ) ) ;
#7053 = CARTESIAN_POINT ( 'NONE',  ( -2.875000000000000444, -0.1000000000000000056, 0.0000000000000000000 ) ) ;
#7054 = VECTOR ( 'NONE', #2913, 1000.000000000000000 ) ;
#7055 = DIRECTION ( 'NONE',  ( 0.0000000000000000000, -1.000000000000000000, -0.0000000000000000000 ) ) ;
#7056 = EDGE_CURVE ( 'NONE', #6290, #2187, #1667, .T. ) ;
#7057 = EDGE_CURVE ( 'NONE', #2682, #202, #1081, .T. ) ;
#7058 = PLANE ( 'NONE',  #1020 ) ;
#7059 = CARTESIAN_POINT ( 'NONE',  ( -3.499999999999998668, 0.0000000000000000000, 0.0000000000000000000 ) ) ;
#7060 = CARTESIAN_POINT ( 'NONE',  ( 3.225000000000001421, 0.0000000000000000000, -1.749999999999998890 ) ) ;
#7061 = EDGE_LOOP ( 'NONE', ( #7486, #2571, #3222, #1300 ) ) ;
#7062 = VECTOR ( 'NONE', #1894, 1000.000000000000000 ) ;
#7063 = CARTESIAN_POINT ( 'NONE',  ( 3.500000000000001332, 0.0000000000000000000, 0.0000000000000000000 ) ) ;
#7064 = DIRECTION ( 'NONE',  ( -1.000000000000000000, 0.0000000000000000000, -0.0000000000000000000 ) ) ;
#7065 = CARTESIAN_POINT ( 'NONE',  ( 1.124999999999999778, -0.1000000000000000056, 3.225000000000000533 ) ) ;
#7066 =( GEOMETRIC_REPRESENTATION_CONTEXT ( 3 ) GLOBAL_UNCERTAINTY_ASSIGNED_CONTEXT ( ( #842 ) ) GLOBAL_UNIT_ASSIGNED_CONTEXT ( ( #5980, #755, #1562 ) ) REPRESENTATION_CONTEXT ( 'NONE', 'WORKASPACE' ) );
#7067 = DIRECTION ( 'NONE',  ( 0.0000000000000000000, 0.0000000000000000000, 1.000000000000000000 ) ) ;
#7068 = ORIENTED_EDGE ( 'NONE', *, *, #5785, .T. ) ;
#7069 = CYLINDRICAL_SURFACE ( 'NONE', #4884, 0.1249999999999992506 ) ;
#7070 = CARTESIAN_POINT ( 'NONE',  ( 1.875000000000000222, 0.0000000000000000000, 3.500000000000000888 ) ) ;
#7071 = ORIENTED_EDGE ( 'NONE', *, *, #3263, .T. ) ;
#7072 = CARTESIAN_POINT ( 'NONE',  ( 2.250000000000001776, -0.1000000000000000056, -3.099999999999996092 ) ) ;
#7073 = ADVANCED_FACE ( 'NONE', ( #628 ), #3542, .T. ) ;
#7074 = EDGE_CURVE ( 'NONE', #582, #931, #3017, .T. ) ;
#7075 = DIRECTION ( 'NONE',  ( 1.000000000000000000, -0.0000000000000000000, 0.0000000000000000000 ) ) ;
#7076 = CARTESIAN_POINT ( 'NONE',  ( -2.250000000000000888, -0.1000000000000000056, 3.225000000000000533 ) ) ;
#7077 = CARTESIAN_POINT ( 'NONE',  ( 3.500000000000001332, 0.0000000000000000000, 0.0000000000000000000 ) ) ;
#7078 = VECTOR ( 'NONE', #2021, 1000.000000000000000 ) ;
#7079 = ORIENTED_EDGE ( 'NONE', *, *, #6495, .T. ) ;
#7080 = ORIENTED_EDGE ( 'NONE', *, *, #1114, .T. ) ;
#7081 = EDGE_CURVE ( 'NONE', #3766, #3260, #24, .T. ) ;
#7082 = STYLED_ITEM ( 'NONE', ( #2561 ), #422 ) ;
#7083 = ORIENTED_EDGE ( 'NONE', *, *, #497, .F. ) ;
#7084 = ORIENTED_EDGE ( 'NONE', *, *, #5314, .T. ) ;
#7085 = DIRECTION ( 'NONE',  ( -0.0000000000000000000, -1.000000000000000000, -0.0000000000000000000 ) ) ;
#7086 = DIRECTION ( 'NONE',  ( 0.0000000000000000000, 0.0000000000000000000, 1.000000000000000000 ) ) ;
#7087 = VECTOR ( 'NONE', #1450, 1000.000000000000000 ) ;
#7088 = ORIENTED_EDGE ( 'NONE', *, *, #6803, .F. ) ;
#7089 = CARTESIAN_POINT ( 'NONE',  ( 3.000000000000000888, 1.000000000000000000, 2.750000000000000888 ) ) ;
#7090 = ORIENTED_EDGE ( 'NONE', *, *, #2309, .T. ) ;
#7091 = VECTOR ( 'NONE', #5821, 1000.000000000000000 ) ;
#7092 = CARTESIAN_POINT ( 'NONE',  ( 1.124999999999999778, -0.1000000000000000333, 3.500000000000000888 ) ) ;
#7093 = CARTESIAN_POINT ( 'NONE',  ( 0.0000000000000000000, -0.1000000000000000056, 0.0000000000000000000 ) ) ;
#7094 = PLANE ( 'NONE',  #6345 ) ;
#7095 = DIRECTION ( 'NONE',  ( 0.0000000000000000000, 0.0000000000000000000, 1.000000000000000000 ) ) ;
#7096 = ORIENTED_EDGE ( 'NONE', *, *, #5576, .F. ) ;
#7097 = AXIS2_PLACEMENT_3D ( 'NONE', #3043, #2553, #4860 ) ;
#7098 = AXIS2_PLACEMENT_3D ( 'NONE', #7509, #443, #7433 ) ;
#7099 = ADVANCED_FACE ( 'NONE', ( #4905 ), #1313, .T. ) ;
#7100 = EDGE_CURVE ( 'NONE', #4541, #6000, #3615, .T. ) ;
#7101 = DIRECTION ( 'NONE',  ( 0.0000000000000000000, -1.000000000000000000, 0.0000000000000000000 ) ) ;
#7102 = LINE ( 'NONE', #1468, #3577 ) ;
#7103 = ORIENTED_EDGE ( 'NONE', *, *, #4034, .F. ) ;
#7104 = EDGE_CURVE ( 'NONE', #5537, #605, #5327, .T. ) ;
#7105 = CARTESIAN_POINT ( 'NONE',  ( 3.500000000000001776, 0.0000000000000000000, 2.625000000000001776 ) ) ;
#7106 = CARTESIAN_POINT ( 'NONE',  ( -3.224999999999998757, -0.1000000000000000056, 2.749999999999998224 ) ) ;
#7107 = VERTEX_POINT ( 'NONE', #3716 ) ;
#7108 = EDGE_CURVE ( 'NONE', #6351, #6042, #6540, .T. ) ;
#7109 = CARTESIAN_POINT ( 'NONE',  ( -3.499999999999998224, 0.0000000000000000000, 1.874999999999998668 ) ) ;
#7110 = ORIENTED_EDGE ( 'NONE', *, *, #3528, .F. ) ;
#7111 = VECTOR ( 'NONE', #484, 1000.000000000000000 ) ;
#7112 = CARTESIAN_POINT ( 'NONE',  ( -3.224999999999998757, 0.0000000000000000000, -0.8750000000000018874 ) ) ;
#7113 = LINE ( 'NONE', #1329, #6568 ) ;
#7114 = CARTESIAN_POINT ( 'NONE',  ( -2.124999999999998668, 0.0000000000000000000, -3.499999999999999112 ) ) ;
#7115 = ADVANCED_FACE ( 'NONE', ( #5952 ), #3156, .F. ) ;
#7116 = DIRECTION ( 'NONE',  ( 1.000000000000000000, -0.0000000000000000000, 0.0000000000000000000 ) ) ;
#7117 = ORIENTED_EDGE ( 'NONE', *, *, #5323, .F. ) ;
#7118 = VECTOR ( 'NONE', #4040, 1000.000000000000000 ) ;
#7119 = ORIENTED_EDGE ( 'NONE', *, *, #555, .T. ) ;
#7120 = DIRECTION ( 'NONE',  ( -1.000000000000000000, 0.0000000000000000000, 0.0000000000000000000 ) ) ;
#7121 = EDGE_CURVE ( 'NONE', #6225, #7107, #7202, .T. ) ;
#7122 = ORIENTED_EDGE ( 'NONE', *, *, #5719, .F. ) ;
#7123 = CARTESIAN_POINT ( 'NONE',  ( -0.3749999999999972800, -0.1000000000000000333, -3.499999999999999112 ) ) ;
#7124 = ORIENTED_EDGE ( 'NONE', *, *, #3126, .F. ) ;
#7125 = FACE_OUTER_BOUND ( 'NONE', #4170, .T. ) ;
#7126 = ORIENTED_EDGE ( 'NONE', *, *, #4303, .T. ) ;
#7127 = AXIS2_PLACEMENT_3D ( 'NONE', #2933, #3881, #61 ) ;
#7128 = CARTESIAN_POINT ( 'NONE',  ( -3.224999999999998757, -0.1000000000000000056, -1.250000000000001776 ) ) ;
#7129 = ADVANCED_FACE ( 'NONE', ( #7167 ), #7094, .T. ) ;
#7130 = VERTEX_POINT ( 'NONE', #101 ) ;
#7131 = CARTESIAN_POINT ( 'NONE',  ( 0.0000000000000000000, -0.1000000000000000056, -0.8749999999999972244 ) ) ;
#7132 = CARTESIAN_POINT ( 'NONE',  ( -3.224999999999998757, 0.0000000000000000000, -0.1250000000000016376 ) ) ;
#7133 = ORIENTED_EDGE ( 'NONE', *, *, #604, .T. ) ;
#7134 = DIRECTION ( 'NONE',  ( -0.0000000000000000000, -0.0000000000000000000, -1.000000000000000000 ) ) ;
#7135 = CARTESIAN_POINT ( 'NONE',  ( -0.7499999999999982236, -0.1000000000000000056, -3.224999999999995204 ) ) ;
#7136 = CARTESIAN_POINT ( 'NONE',  ( 3.500000000000001332, 0.0000000000000000000, -1.124999999999997335 ) ) ;
#7137 = ORIENTED_EDGE ( 'NONE', *, *, #2948, .T. ) ;
#7138 = LINE ( 'NONE', #6616, #3666 ) ;
#7139 = DIRECTION ( 'NONE',  ( -0.0000000000000000000, -1.000000000000000000, -0.0000000000000000000 ) ) ;
#7140 = ORIENTED_EDGE ( 'NONE', *, *, #6693, .T. ) ;
#7141 = ORIENTED_EDGE ( 'NONE', *, *, #5947, .T. ) ;
#7142 = AXIS2_PLACEMENT_3D ( 'NONE', #2979, #3545, #1897 ) ;
#7143 = DIRECTION ( 'NONE',  ( -1.000000000000000000, -0.0000000000000000000, -0.0000000000000000000 ) ) ;
#7144 = LINE ( 'NONE', #5451, #5592 ) ;
#7145 = EDGE_CURVE ( 'NONE', #1262, #6591, #6031, .T. ) ;
#7146 = DIRECTION ( 'NONE',  ( 0.0000000000000000000, 0.0000000000000000000, 1.000000000000000000 ) ) ;
#7147 = ORIENTED_EDGE ( 'NONE', *, *, #6096, .F. ) ;
#7148 = AXIS2_PLACEMENT_3D ( 'NONE', #3390, #5699, #2823 ) ;
#7149 = LINE ( 'NONE', #1952, #2288 ) ;
#7150 = VERTEX_POINT ( 'NONE', #4220 ) ;
#7151 = CIRCLE ( 'NONE', #6193, 0.1250000000000001110 ) ;
#7152 = ORIENTED_EDGE ( 'NONE', *, *, #2550, .T. ) ;
#7153 = DIRECTION ( 'NONE',  ( 0.0000000000000000000, 0.0000000000000000000, 1.000000000000000000 ) ) ;
#7154 = DIRECTION ( 'NONE',  ( -1.000000000000000000, -0.0000000000000000000, 0.0000000000000000000 ) ) ;
#7155 = EDGE_LOOP ( 'NONE', ( #4074, #5054, #1515, #3460 ) ) ;
#7156 = ORIENTED_EDGE ( 'NONE', *, *, #5279, .F. ) ;
#7157 = CARTESIAN_POINT ( 'NONE',  ( 1.625000000000002665, 0.0000000000000000000, -3.499999999999999112 ) ) ;
#7158 = DIRECTION ( 'NONE',  ( 0.0000000000000000000, -0.0000000000000000000, -1.000000000000000000 ) ) ;
#7159 = VERTEX_POINT ( 'NONE', #3086 ) ;
#7160 = DIRECTION ( 'NONE',  ( 0.0000000000000000000, 0.0000000000000000000, 1.000000000000000000 ) ) ;
#7161 = ORIENTED_EDGE ( 'NONE', *, *, #2892, .F. ) ;
#7162 = AXIS2_PLACEMENT_3D ( 'NONE', #55, #5243, #3075 ) ;
#7163 = ADVANCED_FACE ( 'NONE', ( #5917 ), #2524, .T. ) ;
#7164 = LINE ( 'NONE', #4289, #2271 ) ;
#7165 = VECTOR ( 'NONE', #3734, 1000.000000000000000 ) ;
#7166 = EDGE_LOOP ( 'NONE', ( #2237, #4969, #1654, #514 ) ) ;
#7167 = FACE_OUTER_BOUND ( 'NONE', #2810, .T. ) ;
#7168 = DIRECTION ( 'NONE',  ( 0.0000000000000000000, 0.0000000000000000000, 1.000000000000000000 ) ) ;
#7169 = ORIENTED_EDGE ( 'NONE', *, *, #2401, .T. ) ;
#7170 = LINE ( 'NONE', #2529, #5710 ) ;
#7171 = VECTOR ( 'NONE', #7221, 1000.000000000000000 ) ;
#7172 = CARTESIAN_POINT ( 'NONE',  ( -1.124999999999998890, -0.1000000000000000056, -3.224999999999995204 ) ) ;
#7173 = CARTESIAN_POINT ( 'NONE',  ( -2.874999999999997335, 0.0000000000000000000, -3.499999999999999112 ) ) ;
#7174 = EDGE_LOOP ( 'NONE', ( #4418, #6061, #1048, #663 ) ) ;
#7175 = AXIS2_PLACEMENT_3D ( 'NONE', #935, #5039, #1677 ) ;
#7176 = CARTESIAN_POINT ( 'NONE',  ( 2.875000000000001332, -0.1000000000000000056, -3.224999999999995204 ) ) ;
#7177 = CARTESIAN_POINT ( 'NONE',  ( -2.749999999999998224, -0.1000000000000000056, -3.099999999999996092 ) ) ;
#7178 = PLANE ( 'NONE',  #4345 ) ;
#7179 = VERTEX_POINT ( 'NONE', #6502 ) ;
#7180 = DIRECTION ( 'NONE',  ( 0.0000000000000000000, 1.000000000000000000, 0.0000000000000000000 ) ) ;
#7181 = ORIENTED_EDGE ( 'NONE', *, *, #858, .T. ) ;
#7182 = CIRCLE ( 'NONE', #980, 0.1249999999999992506 ) ;
#7183 = DIRECTION ( 'NONE',  ( -0.0000000000000000000, -1.000000000000000000, -0.0000000000000000000 ) ) ;
#7184 = LINE ( 'NONE', #3772, #3307 ) ;
#7185 = CARTESIAN_POINT ( 'NONE',  ( -3.499999999999998224, -0.1000000000000000472, 3.500000000000000888 ) ) ;
#7186 = ORIENTED_EDGE ( 'NONE', *, *, #1704, .T. ) ;
#7187 = EDGE_CURVE ( 'NONE', #1022, #1225, #2451, .T. ) ;
#7188 = EDGE_CURVE ( 'NONE', #4725, #449, #4252, .T. ) ;
#7189 = VECTOR ( 'NONE', #563, 1000.000000000000000 ) ;
#7190 = CARTESIAN_POINT ( 'NONE',  ( 0.6250000000000027756, -0.1000000000000000333, -3.499999999999999112 ) ) ;
#7191 = LINE ( 'NONE', #4320, #4253 ) ;
#7192 = EDGE_LOOP ( 'NONE', ( #2322, #5965, #4497, #2780 ) ) ;
#7193 = EDGE_LOOP ( 'NONE', ( #4265, #3136, #4892, #2320 ) ) ;
#7194 = CARTESIAN_POINT ( 'NONE',  ( -2.875000000000000444, 1.000000000000000000, 3.500000000000000888 ) ) ;
#7195 = ORIENTED_EDGE ( 'NONE', *, *, #3228, .F. ) ;
#7196 = FACE_OUTER_BOUND ( 'NONE', #1107, .T. ) ;
#7197 = ORIENTED_EDGE ( 'NONE', *, *, #7315, .F. ) ;
#7198 = AXIS2_PLACEMENT_3D ( 'NONE', #588, #1701, #2330 ) ;
#7199 = EDGE_CURVE ( 'NONE', #3099, #3900, #1348, .T. ) ;
#7200 = CARTESIAN_POINT ( 'NONE',  ( 1.375000000000001332, -0.1000000000000000056, -3.224999999999995204 ) ) ;
#7201 = VECTOR ( 'NONE', #6537, 1000.000000000000000 ) ;
#7202 = LINE ( 'NONE', #6607, #2091 ) ;
#7203 = EDGE_CURVE ( 'NONE', #6833, #5386, #5991, .T. ) ;
#7204 = VERTEX_POINT ( 'NONE', #6110 ) ;
#7205 = DIRECTION ( 'NONE',  ( 0.0000000000000000000, 0.0000000000000000000, -1.000000000000000000 ) ) ;
#7206 = VECTOR ( 'NONE', #527, 1000.000000000000000 ) ;
#7207 = LINE ( 'NONE', #2712, #874 ) ;
#7208 = LINE ( 'NONE', #5545, #3828 ) ;
#7209 = CARTESIAN_POINT ( 'NONE',  ( 3.225000000000001421, -0.1000000000000000056, -1.874999999999997335 ) ) ;
#7210 = ORIENTED_EDGE ( 'NONE', *, *, #4484, .T. ) ;
#7211 = VECTOR ( 'NONE', #5778, 1000.000000000000000 ) ;
#7212 = DIRECTION ( 'NONE',  ( 1.000000000000000000, -0.0000000000000000000, 0.0000000000000000000 ) ) ;
#7213 = CYLINDRICAL_SURFACE ( 'NONE', #1397, 0.1249999999999992506 ) ;
#7214 = DIRECTION ( 'NONE',  ( 0.0000000000000000000, 0.0000000000000000000, 1.000000000000000000 ) ) ;
#7215 = ORIENTED_EDGE ( 'NONE', *, *, #3200, .T. ) ;
#7216 = ORIENTED_EDGE ( 'NONE', *, *, #456, .F. ) ;
#7217 = AXIS2_PLACEMENT_3D ( 'NONE', #7307, #3861, #3820 ) ;
#7218 = VECTOR ( 'NONE', #5467, 1000.000000000000000 ) ;
#7219 = CARTESIAN_POINT ( 'NONE',  ( -1.249999999999998002, -0.1000000000000000056, -3.224999999999995204 ) ) ;
#7220 =( NAMED_UNIT ( * ) SI_UNIT ( $, .STERADIAN. ) SOLID_ANGLE_UNIT ( ) );
#7221 = DIRECTION ( 'NONE',  ( 0.0000000000000000000, 0.0000000000000000000, -1.000000000000000000 ) ) ;
#7222 = ADVANCED_FACE ( 'NONE', ( #3195 ), #6679, .F. ) ;
#7223 = DIRECTION ( 'NONE',  ( 0.0000000000000000000, 1.000000000000000000, -0.0000000000000000000 ) ) ;
#7224 = VECTOR ( 'NONE', #5588, 1000.000000000000000 ) ;
#7225 = EDGE_LOOP ( 'NONE', ( #1707, #4604, #348, #3040 ) ) ;
#7226 = CARTESIAN_POINT ( 'NONE',  ( 2.125000000000002220, 1.000000000000000000, -3.499999999999999112 ) ) ;
#7227 = ORIENTED_EDGE ( 'NONE', *, *, #3603, .F. ) ;
#7228 = CARTESIAN_POINT ( 'NONE',  ( 3.225000000000001421, -0.1000000000000000056, 0.2500000000000009992 ) ) ;
#7229 = CARTESIAN_POINT ( 'NONE',  ( 0.0000000000000000000, -0.1000000000000000056, -0.3749999999999971689 ) ) ;
#7230 = CARTESIAN_POINT ( 'NONE',  ( 2.624999999999999556, -0.1000000000000000056, 3.500000000000000888 ) ) ;
#7231 = ORIENTED_EDGE ( 'NONE', *, *, #1946, .T. ) ;
#7232 = CARTESIAN_POINT ( 'NONE',  ( 3.500000000000001776, -0.1000000000000000333, 2.875000000000002220 ) ) ;
#7233 = ORIENTED_EDGE ( 'NONE', *, *, #3408, .T. ) ;
#7234 = ORIENTED_EDGE ( 'NONE', *, *, #2703, .T. ) ;
#7235 = VECTOR ( 'NONE', #5276, 1000.000000000000000 ) ;
#7236 = EDGE_CURVE ( 'NONE', #2719, #1705, #878, .T. ) ;
#7237 = DIRECTION ( 'NONE',  ( 0.0000000000000000000, -0.0000000000000000000, -1.000000000000000000 ) ) ;
#7238 = ADVANCED_FACE ( 'NONE', ( #4364 ), #1462, .T. ) ;
#7239 = CARTESIAN_POINT ( 'NONE',  ( 0.0000000000000000000, 0.0000000000000000000, -1.874999999999997335 ) ) ;
#7240 = EDGE_LOOP ( 'NONE', ( #3338, #6339, #1666, #5890, #5252, #6710, #6022, #6856, #6276, #5548, #2423, #1809, #4096, #3464, #3455, #5277, #2817, #7329, #5071, #2135, #3523, #2807, #2124, #5971, #2387, #3567, #2668, #1072, #3533, #1283, #4156, #4359, #2221, #3486, #5904, #1162, #4082, #6884, #1232, #5183, #3159, #3623, #264, #27, #3417, #7110, #3924, #2176, #3262, #808, #903, #369 ) ) ;
#7241 = VECTOR ( 'NONE', #256, 1000.000000000000000 ) ;
#7242 = CARTESIAN_POINT ( 'NONE',  ( 0.7500000000000019984, -0.1000000000000000056, -3.099999999999996092 ) ) ;
#7243 = ADVANCED_FACE ( 'NONE', ( #4525 ), #1540, .T. ) ;
#7244 = DIRECTION ( 'NONE',  ( 0.0000000000000000000, 0.0000000000000000000, -1.000000000000000000 ) ) ;
#7245 = DIRECTION ( 'NONE',  ( -0.0000000000000000000, -1.000000000000000000, -0.0000000000000000000 ) ) ;
#7246 = DIRECTION ( 'NONE',  ( 0.0000000000000000000, -1.000000000000000000, -0.0000000000000000000 ) ) ;
#7247 = EDGE_CURVE ( 'NONE', #4821, #3585, #6754, .T. ) ;
#7248 = ORIENTED_EDGE ( 'NONE', *, *, #2371, .T. ) ;
#7249 = LINE ( 'NONE', #965, #3072 ) ;
#7250 = DIRECTION ( 'NONE',  ( 0.0000000000000000000, 0.0000000000000000000, 1.000000000000000000 ) ) ;
#7251 = CARTESIAN_POINT ( 'NONE',  ( 3.225000000000001421, 0.0000000000000000000, -1.124999999999998002 ) ) ;
#7252 = ORIENTED_EDGE ( 'NONE', *, *, #2060, .T. ) ;
#7253 = DIRECTION ( 'NONE',  ( 0.0000000000000000000, 0.0000000000000000000, -1.000000000000000000 ) ) ;
#7254 = ORIENTED_EDGE ( 'NONE', *, *, #1740, .T. ) ;
#7255 = EDGE_CURVE ( 'NONE', #3165, #1028, #5577, .T. ) ;
#7256 = EDGE_CURVE ( 'NONE', #90, #6014, #916, .T. ) ;
#7257 = LINE ( 'NONE', #3886, #991 ) ;
#7258 = DIRECTION ( 'NONE',  ( 0.0000000000000000000, 0.0000000000000000000, -1.000000000000000000 ) ) ;
#7259 = DIRECTION ( 'NONE',  ( 0.0000000000000000000, 0.0000000000000000000, 1.000000000000000000 ) ) ;
#7260 = DIRECTION ( 'NONE',  ( 0.0000000000000000000, 1.000000000000000000, 0.0000000000000000000 ) ) ;
#7261 = DIRECTION ( 'NONE',  ( 0.0000000000000000000, 0.0000000000000000000, 1.000000000000000000 ) ) ;
#7262 = ORIENTED_EDGE ( 'NONE', *, *, #6116, .F. ) ;
#7263 = DIRECTION ( 'NONE',  ( -1.000000000000000000, 0.0000000000000000000, -3.154042683594169187E-15 ) ) ;
#7264 = EDGE_CURVE ( 'NONE', #812, #3037, #3309, .T. ) ;
#7265 = DIRECTION ( 'NONE',  ( 0.0000000000000000000, 0.0000000000000000000, 1.000000000000000000 ) ) ;
#7266 = ORIENTED_EDGE ( 'NONE', *, *, #7081, .F. ) ;
#7267 = AXIS2_PLACEMENT_3D ( 'NONE', #6543, #72, #4144 ) ;
#7268 = CARTESIAN_POINT ( 'NONE',  ( -0.7499999999999982236, -0.1000000000000000056, -3.224999999999995204 ) ) ;
#7269 = ORIENTED_EDGE ( 'NONE', *, *, #498, .T. ) ;
#7270 = VERTEX_POINT ( 'NONE', #2081 ) ;
#7271 = FACE_OUTER_BOUND ( 'NONE', #3851, .T. ) ;
#7272 = ORIENTED_EDGE ( 'NONE', *, *, #2078, .T. ) ;
#7273 = LINE ( 'NONE', #6220, #1824 ) ;
#7274 = CIRCLE ( 'NONE', #1327, 0.1250000000000001110 ) ;
#7275 = LINE ( 'NONE', #6791, #1766 ) ;
#7276 = DIRECTION ( 'NONE',  ( -1.000000000000000000, 0.0000000000000000000, -3.154042683594169187E-15 ) ) ;
#7277 = CIRCLE ( 'NONE', #118, 0.1250000000000001110 ) ;
#7278 = DIRECTION ( 'NONE',  ( 1.000000000000000000, 0.0000000000000000000, -1.577021341797097215E-15 ) ) ;
#7279 = VERTEX_POINT ( 'NONE', #2706 ) ;
#7280 = LINE ( 'NONE', #6114, #6182 ) ;
#7281 = EDGE_CURVE ( 'NONE', #1839, #2508, #4481, .T. ) ;
#7282 = CIRCLE ( 'NONE', #6571, 0.1249999999999996808 ) ;
#7283 = CARTESIAN_POINT ( 'NONE',  ( -3.499999999999998224, 0.0000000000000000000, 0.0000000000000000000 ) ) ;
#7284 = VERTEX_POINT ( 'NONE', #2205 ) ;
#7285 = CARTESIAN_POINT ( 'NONE',  ( -2.499999999999999112, -0.1000000000000000056, -2.499999999999999556 ) ) ;
#7286 = DIRECTION ( 'NONE',  ( 0.0000000000000000000, -0.0000000000000000000, 1.000000000000000000 ) ) ;
#7287 = VERTEX_POINT ( 'NONE', #3267 ) ;
#7288 = ADVANCED_FACE ( 'NONE', ( #356, #2125 ), #397, .F. ) ;
#7289 = VECTOR ( 'NONE', #7493, 1000.000000000000000 ) ;
#7290 = CARTESIAN_POINT ( 'NONE',  ( 1.125000000000002665, 0.0000000000000000000, 0.0000000000000000000 ) ) ;
#7291 = VERTEX_POINT ( 'NONE', #4602 ) ;
#7292 = DIRECTION ( 'NONE',  ( -0.0000000000000000000, -1.000000000000000000, -0.0000000000000000000 ) ) ;
#7293 = ORIENTED_EDGE ( 'NONE', *, *, #1719, .F. ) ;
#7294 = CYLINDRICAL_SURFACE ( 'NONE', #7311, 0.1249999999999992506 ) ;
#7295 = VECTOR ( 'NONE', #2137, 1000.000000000000000 ) ;
#7296 = CARTESIAN_POINT ( 'NONE',  ( -2.124999999999998668, 0.0000000000000000000, -3.224999999999995204 ) ) ;
#7297 = DIRECTION ( 'NONE',  ( 0.0000000000000000000, 1.000000000000000000, 0.0000000000000000000 ) ) ;
#7298 = CARTESIAN_POINT ( 'NONE',  ( 3.500000000000000888, 1.000000000000000000, -2.624999999999997780 ) ) ;
#7299 = EDGE_CURVE ( 'NONE', #501, #3859, #2324, .T. ) ;
#7300 = EDGE_LOOP ( 'NONE', ( #3667, #3711, #3669, #2680 ) ) ;
#7301 = VECTOR ( 'NONE', #763, 1000.000000000000000 ) ;
#7302 = CARTESIAN_POINT ( 'NONE',  ( 0.0000000000000000000, -0.1000000000000000056, -1.875000000000001776 ) ) ;
#7303 = VERTEX_POINT ( 'NONE', #5806 ) ;
#7304 = CARTESIAN_POINT ( 'NONE',  ( -2.124999999999998668, -0.1000000000000000056, -3.224999999999995204 ) ) ;
#7305 = DIRECTION ( 'NONE',  ( 0.0000000000000000000, 1.000000000000000000, 0.0000000000000000000 ) ) ;
#7306 = EDGE_LOOP ( 'NONE', ( #1489, #4783, #3302, #7426 ) ) ;
#7307 = CARTESIAN_POINT ( 'NONE',  ( -3.224999999999998757, 0.0000000000000000000, 1.749999999999998224 ) ) ;
#7308 = EDGE_CURVE ( 'NONE', #3073, #2034, #6343, .T. ) ;
#7309 = ORIENTED_EDGE ( 'NONE', *, *, #5661, .F. ) ;
#7310 = LINE ( 'NONE', #2037, #3999 ) ;
#7311 = AXIS2_PLACEMENT_3D ( 'NONE', #2764, #5557, #6730 ) ;
#7312 = LINE ( 'NONE', #3155, #7218 ) ;
#7313 = CARTESIAN_POINT ( 'NONE',  ( 0.6249999999999998890, 0.0000000000000000000, 3.500000000000000888 ) ) ;
#7314 = AXIS2_PLACEMENT_3D ( 'NONE', #6648, #3238, #2170 ) ;
#7315 = EDGE_CURVE ( 'NONE', #6905, #887, #1658, .T. ) ;
#7316 = ORIENTED_EDGE ( 'NONE', *, *, #1143, .F. ) ;
#7317 = CARTESIAN_POINT ( 'NONE',  ( 3.500000000000001332, 0.0000000000000000000, 0.0000000000000000000 ) ) ;
#7318 = VECTOR ( 'NONE', #4102, 1000.000000000000000 ) ;
#7319 = DIRECTION ( 'NONE',  ( 0.0000000000000000000, 1.000000000000000000, 0.0000000000000000000 ) ) ;
#7320 = DIRECTION ( 'NONE',  ( 0.0000000000000000000, 1.000000000000000000, 0.0000000000000000000 ) ) ;
#7321 = CARTESIAN_POINT ( 'NONE',  ( 2.625000000000000000, -0.1000000000000000333, 3.500000000000000888 ) ) ;
#7322 = ORIENTED_EDGE ( 'NONE', *, *, #2948, .F. ) ;
#7323 = LINE ( 'NONE', #5587, #3552 ) ;
#7324 = CARTESIAN_POINT ( 'NONE',  ( 0.0000000000000000000, -0.1000000000000000056, 1.375000000000001998 ) ) ;
#7325 = ADVANCED_FACE ( 'NONE', ( #6983 ), #4057, .T. ) ;
#7326 = CARTESIAN_POINT ( 'NONE',  ( -1.625000000000000444, -0.1000000000000000056, 3.225000000000000533 ) ) ;
#7327 = CIRCLE ( 'NONE', #6249, 0.1249999999999992506 ) ;
#7328 = ORIENTED_EDGE ( 'NONE', *, *, #4943, .T. ) ;
#7329 = ORIENTED_EDGE ( 'NONE', *, *, #6232, .F. ) ;
#7330 = LINE ( 'NONE', #6660, #4410 ) ;
#7331 = AXIS2_PLACEMENT_3D ( 'NONE', #6794, #3268, #3831 ) ;
#7332 = EDGE_CURVE ( 'NONE', #6057, #2896, #583, .T. ) ;
#7333 = AXIS2_PLACEMENT_3D ( 'NONE', #1280, #107, #3129 ) ;
#7334 = DIRECTION ( 'NONE',  ( 0.0000000000000000000, -1.000000000000000000, 0.0000000000000000000 ) ) ;
#7335 = CARTESIAN_POINT ( 'NONE',  ( -3.224999999999998757, 0.0000000000000000000, 0.8749999999999984457 ) ) ;
#7336 = EDGE_CURVE ( 'NONE', #90, #6532, #6264, .T. ) ;
#7337 = FILL_AREA_STYLE_COLOUR ( '', #1229 ) ;
#7338 = CARTESIAN_POINT ( 'NONE',  ( -0.2500000000000002220, -0.1000000000000000056, 3.225000000000000533 ) ) ;
#7339 = EDGE_LOOP ( 'NONE', ( #5216, #6676, #3511, #3970 ) ) ;
#7340 = VECTOR ( 'NONE', #2286, 1000.000000000000000 ) ;
#7341 = VECTOR ( 'NONE', #4789, 1000.000000000000000 ) ;
#7342 = LINE ( 'NONE', #3292, #4186 ) ;
#7343 = EDGE_CURVE ( 'NONE', #1131, #60, #3327, .T. ) ;
#7344 = ORIENTED_EDGE ( 'NONE', *, *, #324, .T. ) ;
#7345 = VECTOR ( 'NONE', #659, 1000.000000000000000 ) ;
#7346 = DIRECTION ( 'NONE',  ( 0.0000000000000000000, 0.0000000000000000000, 1.000000000000000000 ) ) ;
#7347 = PLANE ( 'NONE',  #6228 ) ;
#7348 = ADVANCED_FACE ( 'NONE', ( #1697 ), #6300, .T. ) ;
#7349 = ORIENTED_EDGE ( 'NONE', *, *, #4293, .F. ) ;
#7350 = DIRECTION ( 'NONE',  ( 0.0000000000000000000, 0.0000000000000000000, 1.000000000000000000 ) ) ;
#7351 = ORIENTED_EDGE ( 'NONE', *, *, #5399, .F. ) ;
#7352 = CARTESIAN_POINT ( 'NONE',  ( 0.0000000000000000000, -0.1000000000000000056, 0.0000000000000000000 ) ) ;
#7353 = VERTEX_POINT ( 'NONE', #2931 ) ;
#7354 = CIRCLE ( 'NONE', #1023, 0.1249999999999996808 ) ;
#7355 = ADVANCED_FACE ( 'NONE', ( #5771 ), #550, .T. ) ;
#7356 = LINE ( 'NONE', #4402, #6138 ) ;
#7357 = SURFACE_STYLE_USAGE ( .BOTH. , #840 ) ;
#7358 = DIRECTION ( 'NONE',  ( -1.000000000000000000, 0.0000000000000000000, -0.0000000000000000000 ) ) ;
#7359 = ORIENTED_EDGE ( 'NONE', *, *, #4916, .T. ) ;
#7360 = DIRECTION ( 'NONE',  ( -1.000000000000000000, -0.0000000000000000000, -0.0000000000000000000 ) ) ;
#7361 = EDGE_CURVE ( 'NONE', #3397, #1573, #20, .T. ) ;
#7362 = DIRECTION ( 'NONE',  ( 0.0000000000000000000, 0.0000000000000000000, 1.000000000000000000 ) ) ;
#7363 = LINE ( 'NONE', #6233, #1386 ) ;
#7364 = ORIENTED_EDGE ( 'NONE', *, *, #2758, .T. ) ;
#7365 = FACE_OUTER_BOUND ( 'NONE', #2722, .T. ) ;
#7366 = LINE ( 'NONE', #6160, #662 ) ;
#7367 = ORIENTED_EDGE ( 'NONE', *, *, #2085, .T. ) ;
#7368 = LINE ( 'NONE', #4416, #5912 ) ;
#7369 = ORIENTED_EDGE ( 'NONE', *, *, #3272, .T. ) ;
#7370 = ORIENTED_EDGE ( 'NONE', *, *, #4984, .T. ) ;
#7371 = AXIS2_PLACEMENT_3D ( 'NONE', #7449, #2267, #6894 ) ;
#7372 = CARTESIAN_POINT ( 'NONE',  ( -3.499999999999998668, 0.0000000000000000000, 1.124999999999998002 ) ) ;
#7373 =( NAMED_UNIT ( * ) PLANE_ANGLE_UNIT ( ) SI_UNIT ( $, .RADIAN. ) );
#7374 = CARTESIAN_POINT ( 'NONE',  ( -2.624999999999998668, 1.000000000000000000, -3.499999999999999112 ) ) ;
#7375 = DIRECTION ( 'NONE',  ( -1.000000000000000000, 0.0000000000000000000, -0.0000000000000000000 ) ) ;
#7376 = EDGE_LOOP ( 'NONE', ( #308, #929, #1195, #6886 ) ) ;
#7377 = DIRECTION ( 'NONE',  ( 0.0000000000000000000, -0.0000000000000000000, -1.000000000000000000 ) ) ;
#7378 = EDGE_CURVE ( 'NONE', #501, #350, #2854, .T. ) ;
#7379 = DIRECTION ( 'NONE',  ( -0.0000000000000000000, -1.000000000000000000, -0.0000000000000000000 ) ) ;
#7380 = LINE ( 'NONE', #2192, #4764 ) ;
#7381 = LINE ( 'NONE', #3377, #2149 ) ;
#7382 = DIRECTION ( 'NONE',  ( 0.0000000000000000000, 0.0000000000000000000, 1.000000000000000000 ) ) ;
#7383 = ORIENTED_EDGE ( 'NONE', *, *, #2850, .F. ) ;
#7384 = DIRECTION ( 'NONE',  ( 0.0000000000000000000, 1.000000000000000000, 0.0000000000000000000 ) ) ;
#7385 = ORIENTED_EDGE ( 'NONE', *, *, #3663, .F. ) ;
#7386 = VERTEX_POINT ( 'NONE', #2367 ) ;
#7387 = VECTOR ( 'NONE', #2681, 1000.000000000000000 ) ;
#7388 = VERTEX_POINT ( 'NONE', #4678 ) ;
#7389 = ORIENTED_EDGE ( 'NONE', *, *, #2444, .F. ) ;
#7390 = ORIENTED_EDGE ( 'NONE', *, *, #3158, .T. ) ;
#7391 = CARTESIAN_POINT ( 'NONE',  ( -2.499999999999997335, 0.0000000000000000000, -2.749999999999999556 ) ) ;
#7392 = DIRECTION ( 'NONE',  ( 0.0000000000000000000, 0.0000000000000000000, 1.000000000000000000 ) ) ;
#7393 = ORIENTED_EDGE ( 'NONE', *, *, #460, .F. ) ;
#7394 = EDGE_CURVE ( 'NONE', #5335, #3635, #6873, .T. ) ;
#7395 = VECTOR ( 'NONE', #6229, 1000.000000000000000 ) ;
#7396 = LINE ( 'NONE', #7317, #3645 ) ;
#7397 = DIRECTION ( 'NONE',  ( -0.0000000000000000000, -1.000000000000000000, -0.0000000000000000000 ) ) ;
#7398 = CARTESIAN_POINT ( 'NONE',  ( 3.500000000000000888, 1.000000000000000000, -2.374999999999998668 ) ) ;
#7399 = VECTOR ( 'NONE', #1752, 1000.000000000000000 ) ;
#7400 = VECTOR ( 'NONE', #5014, 1000.000000000000000 ) ;
#7401 = CARTESIAN_POINT ( 'NONE',  ( -0.6249999999999987788, 1.000000000000000000, -3.499999999999999112 ) ) ;
#7402 = DIRECTION ( 'NONE',  ( 0.0000000000000000000, -1.000000000000000000, 0.0000000000000000000 ) ) ;
#7403 = ORIENTED_EDGE ( 'NONE', *, *, #2910, .F. ) ;
#7404 = VERTEX_POINT ( 'NONE', #3387 ) ;
#7405 = CARTESIAN_POINT ( 'NONE',  ( -2.375000000000000444, -0.1000000000000000056, 0.0000000000000000000 ) ) ;
#7406 = EDGE_LOOP ( 'NONE', ( #6077, #295, #6723, #4389 ) ) ;
#7407 = CIRCLE ( 'NONE', #6207, 0.1249999999999996808 ) ;
#7408 = LINE ( 'NONE', #453, #3681 ) ;
#7409 = CARTESIAN_POINT ( 'NONE',  ( -2.624999999999998668, 0.0000000000000000000, -3.499999999999999112 ) ) ;
#7410 = VECTOR ( 'NONE', #225, 1000.000000000000000 ) ;
#7411 = CYLINDRICAL_SURFACE ( 'NONE', #6460, 0.1249999999999996808 ) ;
#7412 = LINE ( 'NONE', #1054, #3852 ) ;
#7413 = EDGE_LOOP ( 'NONE', ( #2539, #2043, #3120, #5180 ) ) ;
#7414 = VECTOR ( 'NONE', #4913, 1000.000000000000000 ) ;
#7415 = LINE ( 'NONE', #461, #4557 ) ;
#7416 = ORIENTED_EDGE ( 'NONE', *, *, #538, .F. ) ;
#7417 = DIRECTION ( 'NONE',  ( 1.000000000000000000, -0.0000000000000000000, 0.0000000000000000000 ) ) ;
#7418 = PLANE ( 'NONE',  #896 ) ;
#7419 = ORIENTED_EDGE ( 'NONE', *, *, #1799, .T. ) ;
#7420 = VECTOR ( 'NONE', #6159, 1000.000000000000000 ) ;
#7421 = CARTESIAN_POINT ( 'NONE',  ( 1.125000000000002665, -0.1000000000000000056, -3.224999999999995204 ) ) ;
#7422 = VERTEX_POINT ( 'NONE', #1777 ) ;
#7423 = AXIS2_PLACEMENT_3D ( 'NONE', #1111, #6382, #2966 ) ;
#7424 = EDGE_CURVE ( 'NONE', #3652, #312, #5696, .T. ) ;
#7425 = EDGE_LOOP ( 'NONE', ( #1906, #4661 ) ) ;
#7426 = ORIENTED_EDGE ( 'NONE', *, *, #620, .T. ) ;
#7427 = EDGE_LOOP ( 'NONE', ( #2156, #5166, #5497, #7014 ) ) ;
#7428 = CARTESIAN_POINT ( 'NONE',  ( 3.225000000000001421, -0.1000000000000000056, -2.624999999999997780 ) ) ;
#7429 = ORIENTED_EDGE ( 'NONE', *, *, #4841, .T. ) ;
#7430 = LINE ( 'NONE', #1623, #5110 ) ;
#7431 = DIRECTION ( 'NONE',  ( 3.469446951953617147E-16, 0.0000000000000000000, -1.000000000000000000 ) ) ;
#7432 = EDGE_CURVE ( 'NONE', #5765, #1690, #5737, .T. ) ;
#7433 = DIRECTION ( 'NONE',  ( 0.0000000000000000000, 0.0000000000000000000, 1.000000000000000000 ) ) ;
#7434 = VECTOR ( 'NONE', #4112, 1000.000000000000000 ) ;
#7435 = EDGE_CURVE ( 'NONE', #1486, #6454, #4714, .T. ) ;
#7436 = CARTESIAN_POINT ( 'NONE',  ( 0.7500000000000019984, 0.0000000000000000000, -3.224999999999995204 ) ) ;
#7437 = DIRECTION ( 'NONE',  ( 0.0000000000000000000, 1.000000000000000000, 0.0000000000000000000 ) ) ;
#7438 = VERTEX_POINT ( 'NONE', #7428 ) ;
#7439 = VERTEX_POINT ( 'NONE', #2244 ) ;
#7440 = DIRECTION ( 'NONE',  ( 1.000000000000000000, -0.0000000000000000000, 0.0000000000000000000 ) ) ;
#7441 = ORIENTED_EDGE ( 'NONE', *, *, #1808, .T. ) ;
#7442 = VECTOR ( 'NONE', #6508, 1000.000000000000000 ) ;
#7443 = CARTESIAN_POINT ( 'NONE',  ( -3.224999999999998757, -0.1000000000000000056, 0.6249999999999982236 ) ) ;
#7444 = CARTESIAN_POINT ( 'NONE',  ( 2.375000000000001332, -0.1000000000000000056, 0.0000000000000000000 ) ) ;
#7445 = EDGE_CURVE ( 'NONE', #5435, #5940, #512, .T. ) ;
#7446 = CARTESIAN_POINT ( 'NONE',  ( -0.8750000000000002220, 0.0000000000000000000, 0.0000000000000000000 ) ) ;
#7447 = CYLINDRICAL_SURFACE ( 'NONE', #4397, 0.1249999999999992506 ) ;
#7448 = AXIS2_PLACEMENT_3D ( 'NONE', #6423, #4720, #6988 ) ;
#7449 = CARTESIAN_POINT ( 'NONE',  ( 0.0000000000000000000, -0.1000000000000000056, 0.0000000000000000000 ) ) ;
#7450 = EDGE_LOOP ( 'NONE', ( #1370, #1631, #5975, #4632, #3064 ) ) ;
#7451 = AXIS2_PLACEMENT_3D ( 'NONE', #3549, #1167, #2833 ) ;
#7452 = CARTESIAN_POINT ( 'NONE',  ( -1.249999999999998002, -0.1000000000000000056, -3.224999999999995204 ) ) ;
#7453 = EDGE_CURVE ( 'NONE', #1635, #762, #654, .T. ) ;
#7454 = CARTESIAN_POINT ( 'NONE',  ( 0.0000000000000000000, 0.0000000000000000000, 3.500000000000000888 ) ) ;
#7455 = LINE ( 'NONE', #4591, #3209 ) ;
#7456 = VERTEX_POINT ( 'NONE', #7157 ) ;
#7457 = CIRCLE ( 'NONE', #1503, 0.2500000000000002220 ) ;
#7458 = FACE_OUTER_BOUND ( 'NONE', #4579, .T. ) ;
#7459 = VECTOR ( 'NONE', #5813, 1000.000000000000000 ) ;
#7460 = VERTEX_POINT ( 'NONE', #1846 ) ;
#7461 = CARTESIAN_POINT ( 'NONE',  ( 2.375000000000000000, -0.1000000000000000056, 0.0000000000000000000 ) ) ;
#7462 = ORIENTED_EDGE ( 'NONE', *, *, #4053, .T. ) ;
#7463 = AXIS2_PLACEMENT_3D ( 'NONE', #3266, #3714, #2079 ) ;
#7464 = ADVANCED_FACE ( 'NONE', ( #1923 ), #1303, .T. ) ;
#7465 = EDGE_CURVE ( 'NONE', #2548, #4641, #3079, .T. ) ;
#7466 = EDGE_LOOP ( 'NONE', ( #2094, #2465, #4787, #1509 ) ) ;
#7467 = VERTEX_POINT ( 'NONE', #93 ) ;
#7468 = DIRECTION ( 'NONE',  ( -0.0000000000000000000, 1.000000000000000000, 0.0000000000000000000 ) ) ;
#7469 = CARTESIAN_POINT ( 'NONE',  ( 3.500000000000000888, 1.000000000000000000, -1.874999999999998668 ) ) ;
#7470 = EDGE_LOOP ( 'NONE', ( #3962, #1593, #6181, #7252 ) ) ;
#7471 = CARTESIAN_POINT ( 'NONE',  ( -3.224999999999998757, -0.1000000000000000056, 1.124999999999998224 ) ) ;
#7472 = EDGE_CURVE ( 'NONE', #7388, #2700, #3042, .T. ) ;
#7473 = LINE ( 'NONE', #1160, #6257 ) ;
#7474 = ORIENTED_EDGE ( 'NONE', *, *, #611, .T. ) ;
#7475 = DIRECTION ( 'NONE',  ( 1.000000000000000000, 0.0000000000000000000, -0.0000000000000000000 ) ) ;
#7476 = DIRECTION ( 'NONE',  ( 0.0000000000000000000, -1.000000000000000000, 0.0000000000000000000 ) ) ;
#7477 = VERTEX_POINT ( 'NONE', #5353 ) ;
#7478 = CARTESIAN_POINT ( 'NONE',  ( 3.225000000000001421, 0.0000000000000000000, 1.625000000000002665 ) ) ;
#7479 = VERTEX_POINT ( 'NONE', #900 ) ;
#7480 = LINE ( 'NONE', #5145, #4175 ) ;
#7481 = EDGE_CURVE ( 'NONE', #7502, #5727, #4750, .T. ) ;
#7482 = DIRECTION ( 'NONE',  ( -0.0000000000000000000, -1.000000000000000000, -0.0000000000000000000 ) ) ;
#7483 = DIRECTION ( 'NONE',  ( -0.0000000000000000000, -1.000000000000000000, -0.0000000000000000000 ) ) ;
#7484 = CARTESIAN_POINT ( 'NONE',  ( 0.2500000000000019429, 0.0000000000000000000, -3.224999999999995204 ) ) ;
#7485 = PLANE ( 'NONE',  #1412 ) ;
#7486 = ORIENTED_EDGE ( 'NONE', *, *, #5092, .F. ) ;
#7487 = VECTOR ( 'NONE', #3588, 1000.000000000000000 ) ;
#7488 = DIRECTION ( 'NONE',  ( -0.0000000000000000000, 0.0000000000000000000, 1.000000000000000000 ) ) ;
#7489 = EDGE_CURVE ( 'NONE', #3326, #1339, #3636, .T. ) ;
#7490 = EDGE_CURVE ( 'NONE', #998, #5221, #1477, .T. ) ;
#7491 = DIRECTION ( 'NONE',  ( -0.0000000000000000000, -1.000000000000000000, -0.0000000000000000000 ) ) ;
#7492 = CARTESIAN_POINT ( 'NONE',  ( -1.250000000000000222, 0.0000000000000000000, 3.225000000000000533 ) ) ;
#7493 = DIRECTION ( 'NONE',  ( -1.000000000000000000, -0.0000000000000000000, -0.0000000000000000000 ) ) ;
#7494 = CARTESIAN_POINT ( 'NONE',  ( 3.225000000000001421, 0.0000000000000000000, -2.249999999999999112 ) ) ;
#7495 = ORIENTED_EDGE ( 'NONE', *, *, #80, .F. ) ;
#7496 = FACE_OUTER_BOUND ( 'NONE', #326, .T. ) ;
#7497 = ORIENTED_EDGE ( 'NONE', *, *, #6415, .F. ) ;
#7498 = VERTEX_POINT ( 'NONE', #6701 ) ;
#7499 = ORIENTED_EDGE ( 'NONE', *, *, #267, .T. ) ;
#7500 = DIRECTION ( 'NONE',  ( 0.0000000000000000000, 0.0000000000000000000, 1.000000000000000000 ) ) ;
#7501 = EDGE_LOOP ( 'NONE', ( #4300, #2547, #911, #4601 ) ) ;
#7502 = VERTEX_POINT ( 'NONE', #5387 ) ;
#7503 = DIRECTION ( 'NONE',  ( 1.000000000000000000, 0.0000000000000000000, 0.0000000000000000000 ) ) ;
#7504 = ORIENTED_EDGE ( 'NONE', *, *, #1785, .T. ) ;
#7505 = DIRECTION ( 'NONE',  ( 3.154042683594169187E-15, 0.0000000000000000000, -1.000000000000000000 ) ) ;
#7506 = EDGE_CURVE ( 'NONE', #4565, #1064, #3808, .T. ) ;
#7507 = CIRCLE ( 'NONE', #2804, 0.1249999999999992506 ) ;
#7508 = DIRECTION ( 'NONE',  ( 0.0000000000000000000, 0.0000000000000000000, 1.000000000000000000 ) ) ;
#7509 = CARTESIAN_POINT ( 'NONE',  ( 2.750000000000002665, 0.0000000000000000000, -3.224999999999995204 ) ) ;
#7510 = ORIENTED_EDGE ( 'NONE', *, *, #4313, .F. ) ;
#7511 = DIRECTION ( 'NONE',  ( 0.0000000000000000000, 0.0000000000000000000, 1.000000000000000000 ) ) ;
#7512 = VECTOR ( 'NONE', #1278, 1000.000000000000000 ) ;
#7513 = LINE ( 'NONE', #3543, #758 ) ;
#7514 = ORIENTED_EDGE ( 'NONE', *, *, #813, .F. ) ;
#7515 = FACE_OUTER_BOUND ( 'NONE', #5462, .T. ) ;
#7516 = ORIENTED_EDGE ( 'NONE', *, *, #4155, .T. ) ;
#7517 = CIRCLE ( 'NONE', #6189, 0.1249999999999992506 ) ;
#7518 = CARTESIAN_POINT ( 'NONE',  ( 1.249999999999999778, -0.1000000000000000056, 3.225000000000000533 ) ) ;
#7519 = DIRECTION ( 'NONE',  ( 3.469446951953617147E-16, 0.0000000000000000000, -1.000000000000000000 ) ) ;
ENDSEC;
END-ISO-10303-21;
